# OUT_OF_SCOPE — série de valores, não entra na skill.
# Manutenção separada (regra 4 de 01-plano-extracao.md). Aqui só como
# evidência de conferência contra a tabela mantida à parte.
# documento=manual-de-calculo-trabalhista_2016-1.pdf emissor=TRT-3, Secretaria de Cálculos Judiciais, julho/2016 offset_paginacao=0
# Os calendários do original não têm moldura de tabela: cada dia foi
# atribuído a um mês e a um dia da semana pela posição x/y na página.
# 'dia_da_semana' vem da coluna sob o cabeçalho D S T Q Q S S do original,
# não de cálculo de calendário. Divergência é do original — ver relatório.
pagina_pdf,item,ano,mes,mes_numero,dia,dia_da_semana
460,18.14,2007,JANEIRO,1,1,segunda
460,18.14,2007,JANEIRO,1,2,terca
460,18.14,2007,JANEIRO,1,3,quarta
460,18.14,2007,JANEIRO,1,4,quinta
460,18.14,2007,JANEIRO,1,5,sexta
460,18.14,2007,JANEIRO,1,6,sabado
460,18.14,2007,JANEIRO,1,7,domingo
460,18.14,2007,JANEIRO,1,8,segunda
460,18.14,2007,JANEIRO,1,9,terca
460,18.14,2007,JANEIRO,1,10,quarta
460,18.14,2007,JANEIRO,1,11,quinta
460,18.14,2007,JANEIRO,1,12,sexta
460,18.14,2007,JANEIRO,1,13,sabado
460,18.14,2007,JANEIRO,1,14,domingo
460,18.14,2007,JANEIRO,1,15,segunda
460,18.14,2007,JANEIRO,1,16,terca
460,18.14,2007,JANEIRO,1,17,quarta
460,18.14,2007,JANEIRO,1,18,quinta
460,18.14,2007,JANEIRO,1,19,sexta
460,18.14,2007,JANEIRO,1,20,sabado
460,18.14,2007,JANEIRO,1,21,domingo
460,18.14,2007,JANEIRO,1,22,segunda
460,18.14,2007,JANEIRO,1,23,terca
460,18.14,2007,JANEIRO,1,24,quarta
460,18.14,2007,JANEIRO,1,25,quinta
460,18.14,2007,JANEIRO,1,26,sexta
460,18.14,2007,JANEIRO,1,27,sabado
460,18.14,2007,JANEIRO,1,28,domingo
460,18.14,2007,JANEIRO,1,29,segunda
460,18.14,2007,JANEIRO,1,30,terca
460,18.14,2007,JANEIRO,1,31,quarta
460,18.14,2007,FEVEREIRO,2,1,quinta
460,18.14,2007,FEVEREIRO,2,2,sexta
460,18.14,2007,FEVEREIRO,2,3,sabado
460,18.14,2007,FEVEREIRO,2,4,domingo
460,18.14,2007,FEVEREIRO,2,5,segunda
460,18.14,2007,FEVEREIRO,2,6,terca
460,18.14,2007,FEVEREIRO,2,7,quarta
460,18.14,2007,FEVEREIRO,2,8,quinta
460,18.14,2007,FEVEREIRO,2,9,sexta
460,18.14,2007,FEVEREIRO,2,10,sabado
460,18.14,2007,FEVEREIRO,2,11,domingo
460,18.14,2007,FEVEREIRO,2,12,segunda
460,18.14,2007,FEVEREIRO,2,13,terca
460,18.14,2007,FEVEREIRO,2,14,quarta
460,18.14,2007,FEVEREIRO,2,15,quinta
460,18.14,2007,FEVEREIRO,2,16,sexta
460,18.14,2007,FEVEREIRO,2,17,sabado
460,18.14,2007,FEVEREIRO,2,18,domingo
460,18.14,2007,FEVEREIRO,2,19,segunda
460,18.14,2007,FEVEREIRO,2,20,terca
460,18.14,2007,FEVEREIRO,2,21,quarta
460,18.14,2007,FEVEREIRO,2,22,quinta
460,18.14,2007,FEVEREIRO,2,23,sexta
460,18.14,2007,FEVEREIRO,2,24,sabado
460,18.14,2007,FEVEREIRO,2,25,domingo
460,18.14,2007,FEVEREIRO,2,26,segunda
460,18.14,2007,FEVEREIRO,2,27,terca
460,18.14,2007,FEVEREIRO,2,28,quarta
460,18.14,2007,MARÇO,3,1,quinta
460,18.14,2007,MARÇO,3,2,sexta
460,18.14,2007,MARÇO,3,3,sabado
460,18.14,2007,MARÇO,3,4,domingo
460,18.14,2007,MARÇO,3,5,segunda
460,18.14,2007,MARÇO,3,6,terca
460,18.14,2007,MARÇO,3,7,quarta
460,18.14,2007,MARÇO,3,8,quinta
460,18.14,2007,MARÇO,3,9,sexta
460,18.14,2007,MARÇO,3,10,sabado
460,18.14,2007,MARÇO,3,11,domingo
460,18.14,2007,MARÇO,3,12,segunda
460,18.14,2007,MARÇO,3,13,terca
460,18.14,2007,MARÇO,3,14,quarta
460,18.14,2007,MARÇO,3,15,quinta
460,18.14,2007,MARÇO,3,16,sexta
460,18.14,2007,MARÇO,3,17,sabado
460,18.14,2007,MARÇO,3,18,domingo
460,18.14,2007,MARÇO,3,19,segunda
460,18.14,2007,MARÇO,3,20,terca
460,18.14,2007,MARÇO,3,21,quarta
460,18.14,2007,MARÇO,3,22,quinta
460,18.14,2007,MARÇO,3,23,sexta
460,18.14,2007,MARÇO,3,24,sabado
460,18.14,2007,MARÇO,3,25,domingo
460,18.14,2007,MARÇO,3,26,segunda
460,18.14,2007,MARÇO,3,27,terca
460,18.14,2007,MARÇO,3,28,quarta
460,18.14,2007,MARÇO,3,29,quinta
460,18.14,2007,MARÇO,3,30,sexta
460,18.14,2007,MARÇO,3,31,sabado
460,18.14,2007,ABRIL,4,1,domingo
460,18.14,2007,ABRIL,4,2,segunda
460,18.14,2007,ABRIL,4,3,terca
460,18.14,2007,ABRIL,4,4,quarta
460,18.14,2007,ABRIL,4,5,quinta
460,18.14,2007,ABRIL,4,6,sexta
460,18.14,2007,ABRIL,4,7,sabado
460,18.14,2007,ABRIL,4,8,domingo
460,18.14,2007,ABRIL,4,9,segunda
460,18.14,2007,ABRIL,4,10,terca
460,18.14,2007,ABRIL,4,11,quarta
460,18.14,2007,ABRIL,4,12,quinta
460,18.14,2007,ABRIL,4,13,sexta
460,18.14,2007,ABRIL,4,14,sabado
460,18.14,2007,ABRIL,4,15,domingo
460,18.14,2007,ABRIL,4,16,segunda
460,18.14,2007,ABRIL,4,17,terca
460,18.14,2007,ABRIL,4,18,quarta
460,18.14,2007,ABRIL,4,19,quinta
460,18.14,2007,ABRIL,4,20,sexta
460,18.14,2007,ABRIL,4,21,sabado
460,18.14,2007,ABRIL,4,22,domingo
460,18.14,2007,ABRIL,4,23,segunda
460,18.14,2007,ABRIL,4,24,terca
460,18.14,2007,ABRIL,4,25,quarta
460,18.14,2007,ABRIL,4,26,quinta
460,18.14,2007,ABRIL,4,27,sexta
460,18.14,2007,ABRIL,4,28,sabado
460,18.14,2007,ABRIL,4,29,domingo
460,18.14,2007,ABRIL,4,30,segunda
460,18.14,2007,MAIO,5,1,terca
460,18.14,2007,MAIO,5,2,quarta
460,18.14,2007,MAIO,5,3,quinta
460,18.14,2007,MAIO,5,4,sexta
460,18.14,2007,MAIO,5,5,sabado
460,18.14,2007,MAIO,5,6,domingo
460,18.14,2007,MAIO,5,7,segunda
460,18.14,2007,MAIO,5,8,terca
460,18.14,2007,MAIO,5,9,quarta
460,18.14,2007,MAIO,5,10,quinta
460,18.14,2007,MAIO,5,11,sexta
460,18.14,2007,MAIO,5,12,sabado
460,18.14,2007,MAIO,5,13,domingo
460,18.14,2007,MAIO,5,14,segunda
460,18.14,2007,MAIO,5,15,terca
460,18.14,2007,MAIO,5,16,quarta
460,18.14,2007,MAIO,5,17,quinta
460,18.14,2007,MAIO,5,18,sexta
460,18.14,2007,MAIO,5,19,sabado
460,18.14,2007,MAIO,5,20,domingo
460,18.14,2007,MAIO,5,21,segunda
460,18.14,2007,MAIO,5,22,terca
460,18.14,2007,MAIO,5,23,quarta
460,18.14,2007,MAIO,5,24,quinta
460,18.14,2007,MAIO,5,25,sexta
460,18.14,2007,MAIO,5,26,sabado
460,18.14,2007,MAIO,5,27,domingo
460,18.14,2007,MAIO,5,28,segunda
460,18.14,2007,MAIO,5,29,terca
460,18.14,2007,MAIO,5,30,quarta
460,18.14,2007,MAIO,5,31,quinta
460,18.14,2007,JUNHO,6,1,sexta
460,18.14,2007,JUNHO,6,2,sabado
460,18.14,2007,JUNHO,6,3,domingo
460,18.14,2007,JUNHO,6,4,segunda
460,18.14,2007,JUNHO,6,5,terca
460,18.14,2007,JUNHO,6,6,quarta
460,18.14,2007,JUNHO,6,7,quinta
460,18.14,2007,JUNHO,6,8,sexta
460,18.14,2007,JUNHO,6,9,sabado
460,18.14,2007,JUNHO,6,10,domingo
460,18.14,2007,JUNHO,6,11,segunda
460,18.14,2007,JUNHO,6,12,terca
460,18.14,2007,JUNHO,6,13,quarta
460,18.14,2007,JUNHO,6,14,quinta
460,18.14,2007,JUNHO,6,15,sexta
460,18.14,2007,JUNHO,6,16,sabado
460,18.14,2007,JUNHO,6,17,domingo
460,18.14,2007,JUNHO,6,18,segunda
460,18.14,2007,JUNHO,6,19,terca
460,18.14,2007,JUNHO,6,20,quarta
460,18.14,2007,JUNHO,6,21,quinta
460,18.14,2007,JUNHO,6,22,sexta
460,18.14,2007,JUNHO,6,23,sabado
460,18.14,2007,JUNHO,6,24,domingo
460,18.14,2007,JUNHO,6,25,segunda
460,18.14,2007,JUNHO,6,26,terca
460,18.14,2007,JUNHO,6,27,quarta
460,18.14,2007,JUNHO,6,28,quinta
460,18.14,2007,JUNHO,6,29,sexta
460,18.14,2007,JUNHO,6,30,sabado
460,18.14,2007,JULHO,7,1,domingo
460,18.14,2007,JULHO,7,2,segunda
460,18.14,2007,JULHO,7,3,terca
460,18.14,2007,JULHO,7,4,quarta
460,18.14,2007,JULHO,7,5,quinta
460,18.14,2007,JULHO,7,6,sexta
460,18.14,2007,JULHO,7,7,sabado
460,18.14,2007,JULHO,7,8,domingo
460,18.14,2007,JULHO,7,9,segunda
460,18.14,2007,JULHO,7,10,terca
460,18.14,2007,JULHO,7,11,quarta
460,18.14,2007,JULHO,7,12,quinta
460,18.14,2007,JULHO,7,13,sexta
460,18.14,2007,JULHO,7,14,sabado
460,18.14,2007,JULHO,7,15,domingo
460,18.14,2007,JULHO,7,16,segunda
460,18.14,2007,JULHO,7,17,terca
460,18.14,2007,JULHO,7,18,quarta
460,18.14,2007,JULHO,7,19,quinta
460,18.14,2007,JULHO,7,20,sexta
460,18.14,2007,JULHO,7,21,sabado
460,18.14,2007,JULHO,7,22,domingo
460,18.14,2007,JULHO,7,23,segunda
460,18.14,2007,JULHO,7,24,terca
460,18.14,2007,JULHO,7,25,quarta
460,18.14,2007,JULHO,7,26,quinta
460,18.14,2007,JULHO,7,27,sexta
460,18.14,2007,JULHO,7,28,sabado
460,18.14,2007,JULHO,7,29,domingo
460,18.14,2007,JULHO,7,30,segunda
460,18.14,2007,JULHO,7,31,terca
460,18.14,2007,AGOSTO,8,1,quarta
460,18.14,2007,AGOSTO,8,2,quinta
460,18.14,2007,AGOSTO,8,3,sexta
460,18.14,2007,AGOSTO,8,4,sabado
460,18.14,2007,AGOSTO,8,5,domingo
460,18.14,2007,AGOSTO,8,6,segunda
460,18.14,2007,AGOSTO,8,7,terca
460,18.14,2007,AGOSTO,8,8,quarta
460,18.14,2007,AGOSTO,8,9,quinta
460,18.14,2007,AGOSTO,8,10,sexta
460,18.14,2007,AGOSTO,8,11,sabado
460,18.14,2007,AGOSTO,8,12,domingo
460,18.14,2007,AGOSTO,8,13,segunda
460,18.14,2007,AGOSTO,8,14,terca
460,18.14,2007,AGOSTO,8,15,quarta
460,18.14,2007,AGOSTO,8,16,quinta
460,18.14,2007,AGOSTO,8,17,sexta
460,18.14,2007,AGOSTO,8,18,sabado
460,18.14,2007,AGOSTO,8,19,domingo
460,18.14,2007,AGOSTO,8,20,segunda
460,18.14,2007,AGOSTO,8,21,terca
460,18.14,2007,AGOSTO,8,22,quarta
460,18.14,2007,AGOSTO,8,23,quinta
460,18.14,2007,AGOSTO,8,24,sexta
460,18.14,2007,AGOSTO,8,25,sabado
460,18.14,2007,AGOSTO,8,26,domingo
460,18.14,2007,AGOSTO,8,27,segunda
460,18.14,2007,AGOSTO,8,28,terca
460,18.14,2007,AGOSTO,8,29,quarta
460,18.14,2007,AGOSTO,8,30,quinta
460,18.14,2007,AGOSTO,8,31,sexta
460,18.14,2007,SETEMBRO,9,1,sabado
460,18.14,2007,SETEMBRO,9,2,domingo
460,18.14,2007,SETEMBRO,9,3,segunda
460,18.14,2007,SETEMBRO,9,4,terca
460,18.14,2007,SETEMBRO,9,5,quarta
460,18.14,2007,SETEMBRO,9,6,quinta
460,18.14,2007,SETEMBRO,9,7,sexta
460,18.14,2007,SETEMBRO,9,8,sabado
460,18.14,2007,SETEMBRO,9,9,domingo
460,18.14,2007,SETEMBRO,9,10,segunda
460,18.14,2007,SETEMBRO,9,11,terca
460,18.14,2007,SETEMBRO,9,12,quarta
460,18.14,2007,SETEMBRO,9,13,quinta
460,18.14,2007,SETEMBRO,9,14,sexta
460,18.14,2007,SETEMBRO,9,15,sabado
460,18.14,2007,SETEMBRO,9,16,domingo
460,18.14,2007,SETEMBRO,9,17,segunda
460,18.14,2007,SETEMBRO,9,18,terca
460,18.14,2007,SETEMBRO,9,19,quarta
460,18.14,2007,SETEMBRO,9,20,quinta
460,18.14,2007,SETEMBRO,9,21,sexta
460,18.14,2007,SETEMBRO,9,22,sabado
460,18.14,2007,SETEMBRO,9,23,domingo
460,18.14,2007,SETEMBRO,9,24,segunda
460,18.14,2007,SETEMBRO,9,25,terca
460,18.14,2007,SETEMBRO,9,26,quarta
460,18.14,2007,SETEMBRO,9,27,quinta
460,18.14,2007,SETEMBRO,9,28,sexta
460,18.14,2007,SETEMBRO,9,29,sabado
460,18.14,2007,SETEMBRO,9,30,domingo
460,18.14,2007,OUTUBRO,10,1,segunda
460,18.14,2007,OUTUBRO,10,2,terca
460,18.14,2007,OUTUBRO,10,3,quarta
460,18.14,2007,OUTUBRO,10,4,quinta
460,18.14,2007,OUTUBRO,10,5,sexta
460,18.14,2007,OUTUBRO,10,6,sabado
460,18.14,2007,OUTUBRO,10,7,domingo
460,18.14,2007,OUTUBRO,10,8,segunda
460,18.14,2007,OUTUBRO,10,9,terca
460,18.14,2007,OUTUBRO,10,10,quarta
460,18.14,2007,OUTUBRO,10,11,quinta
460,18.14,2007,OUTUBRO,10,12,sexta
460,18.14,2007,OUTUBRO,10,13,sabado
460,18.14,2007,OUTUBRO,10,14,domingo
460,18.14,2007,OUTUBRO,10,15,segunda
460,18.14,2007,OUTUBRO,10,16,terca
460,18.14,2007,OUTUBRO,10,17,quarta
460,18.14,2007,OUTUBRO,10,18,quinta
460,18.14,2007,OUTUBRO,10,19,sexta
460,18.14,2007,OUTUBRO,10,20,sabado
460,18.14,2007,OUTUBRO,10,21,domingo
460,18.14,2007,OUTUBRO,10,22,segunda
460,18.14,2007,OUTUBRO,10,23,terca
460,18.14,2007,OUTUBRO,10,24,quarta
460,18.14,2007,OUTUBRO,10,25,quinta
460,18.14,2007,OUTUBRO,10,26,sexta
460,18.14,2007,OUTUBRO,10,27,sabado
460,18.14,2007,OUTUBRO,10,28,domingo
460,18.14,2007,OUTUBRO,10,29,segunda
460,18.14,2007,OUTUBRO,10,30,terca
460,18.14,2007,OUTUBRO,10,31,quarta
460,18.14,2007,NOVEMBRO,11,1,quinta
460,18.14,2007,NOVEMBRO,11,2,sexta
460,18.14,2007,NOVEMBRO,11,3,sabado
460,18.14,2007,NOVEMBRO,11,4,domingo
460,18.14,2007,NOVEMBRO,11,5,segunda
460,18.14,2007,NOVEMBRO,11,6,terca
460,18.14,2007,NOVEMBRO,11,7,quarta
460,18.14,2007,NOVEMBRO,11,8,quinta
460,18.14,2007,NOVEMBRO,11,9,sexta
460,18.14,2007,NOVEMBRO,11,10,sabado
460,18.14,2007,NOVEMBRO,11,11,domingo
460,18.14,2007,NOVEMBRO,11,12,segunda
460,18.14,2007,NOVEMBRO,11,13,terca
460,18.14,2007,NOVEMBRO,11,14,quarta
460,18.14,2007,NOVEMBRO,11,15,quinta
460,18.14,2007,NOVEMBRO,11,16,sexta
460,18.14,2007,NOVEMBRO,11,17,sabado
460,18.14,2007,NOVEMBRO,11,18,domingo
460,18.14,2007,NOVEMBRO,11,19,segunda
460,18.14,2007,NOVEMBRO,11,20,terca
460,18.14,2007,NOVEMBRO,11,21,quarta
460,18.14,2007,NOVEMBRO,11,22,quinta
460,18.14,2007,NOVEMBRO,11,23,sexta
460,18.14,2007,NOVEMBRO,11,24,sabado
460,18.14,2007,NOVEMBRO,11,25,domingo
460,18.14,2007,NOVEMBRO,11,26,segunda
460,18.14,2007,NOVEMBRO,11,27,terca
460,18.14,2007,NOVEMBRO,11,28,quarta
460,18.14,2007,NOVEMBRO,11,29,quinta
460,18.14,2007,NOVEMBRO,11,30,sexta
460,18.14,2007,DEZEMBRO,12,1,sabado
460,18.14,2007,DEZEMBRO,12,2,domingo
460,18.14,2007,DEZEMBRO,12,3,segunda
460,18.14,2007,DEZEMBRO,12,4,terca
460,18.14,2007,DEZEMBRO,12,5,quarta
460,18.14,2007,DEZEMBRO,12,6,quinta
460,18.14,2007,DEZEMBRO,12,7,sexta
460,18.14,2007,DEZEMBRO,12,8,sabado
460,18.14,2007,DEZEMBRO,12,9,domingo
460,18.14,2007,DEZEMBRO,12,10,segunda
460,18.14,2007,DEZEMBRO,12,11,terca
460,18.14,2007,DEZEMBRO,12,12,quarta
460,18.14,2007,DEZEMBRO,12,13,quinta
460,18.14,2007,DEZEMBRO,12,14,sexta
460,18.14,2007,DEZEMBRO,12,15,sabado
460,18.14,2007,DEZEMBRO,12,16,domingo
460,18.14,2007,DEZEMBRO,12,17,segunda
460,18.14,2007,DEZEMBRO,12,18,terca
460,18.14,2007,DEZEMBRO,12,19,quarta
460,18.14,2007,DEZEMBRO,12,20,quinta
460,18.14,2007,DEZEMBRO,12,21,sexta
460,18.14,2007,DEZEMBRO,12,22,sabado
460,18.14,2007,DEZEMBRO,12,23,domingo
460,18.14,2007,DEZEMBRO,12,24,segunda
460,18.14,2007,DEZEMBRO,12,25,terca
460,18.14,2007,DEZEMBRO,12,26,quarta
460,18.14,2007,DEZEMBRO,12,27,quinta
460,18.14,2007,DEZEMBRO,12,28,sexta
460,18.14,2007,DEZEMBRO,12,29,sabado
460,18.14,2007,DEZEMBRO,12,30,domingo
460,18.14,2007,DEZEMBRO,12,31,segunda
460,18.14,2008,JANEIRO,1,1,terca
460,18.14,2008,JANEIRO,1,2,quarta
460,18.14,2008,JANEIRO,1,3,quinta
460,18.14,2008,JANEIRO,1,4,sexta
460,18.14,2008,JANEIRO,1,5,sabado
460,18.14,2008,JANEIRO,1,6,domingo
460,18.14,2008,JANEIRO,1,7,segunda
460,18.14,2008,JANEIRO,1,8,terca
460,18.14,2008,JANEIRO,1,9,quarta
460,18.14,2008,JANEIRO,1,10,quinta
460,18.14,2008,JANEIRO,1,11,sexta
460,18.14,2008,JANEIRO,1,12,sabado
460,18.14,2008,JANEIRO,1,13,domingo
460,18.14,2008,JANEIRO,1,14,segunda
460,18.14,2008,JANEIRO,1,15,terca
460,18.14,2008,JANEIRO,1,16,quarta
460,18.14,2008,JANEIRO,1,17,quinta
460,18.14,2008,JANEIRO,1,18,sexta
460,18.14,2008,JANEIRO,1,19,sabado
460,18.14,2008,JANEIRO,1,20,domingo
460,18.14,2008,JANEIRO,1,21,segunda
460,18.14,2008,JANEIRO,1,22,terca
460,18.14,2008,JANEIRO,1,23,quarta
460,18.14,2008,JANEIRO,1,24,quinta
460,18.14,2008,JANEIRO,1,25,sexta
460,18.14,2008,JANEIRO,1,26,sabado
460,18.14,2008,JANEIRO,1,27,domingo
460,18.14,2008,JANEIRO,1,28,segunda
460,18.14,2008,JANEIRO,1,29,terca
460,18.14,2008,JANEIRO,1,30,quarta
460,18.14,2008,JANEIRO,1,31,quinta
460,18.14,2008,FEVEREIRO,2,1,sexta
460,18.14,2008,FEVEREIRO,2,2,sabado
460,18.14,2008,FEVEREIRO,2,3,domingo
460,18.14,2008,FEVEREIRO,2,4,segunda
460,18.14,2008,FEVEREIRO,2,5,terca
460,18.14,2008,FEVEREIRO,2,6,quarta
460,18.14,2008,FEVEREIRO,2,7,quinta
460,18.14,2008,FEVEREIRO,2,8,sexta
460,18.14,2008,FEVEREIRO,2,9,sabado
460,18.14,2008,FEVEREIRO,2,10,domingo
460,18.14,2008,FEVEREIRO,2,11,segunda
460,18.14,2008,FEVEREIRO,2,12,terca
460,18.14,2008,FEVEREIRO,2,13,quarta
460,18.14,2008,FEVEREIRO,2,14,quinta
460,18.14,2008,FEVEREIRO,2,15,sexta
460,18.14,2008,FEVEREIRO,2,16,sabado
460,18.14,2008,FEVEREIRO,2,17,domingo
460,18.14,2008,FEVEREIRO,2,18,segunda
460,18.14,2008,FEVEREIRO,2,19,terca
460,18.14,2008,FEVEREIRO,2,20,quarta
460,18.14,2008,FEVEREIRO,2,21,quinta
460,18.14,2008,FEVEREIRO,2,22,sexta
460,18.14,2008,FEVEREIRO,2,23,sabado
460,18.14,2008,FEVEREIRO,2,24,domingo
460,18.14,2008,FEVEREIRO,2,25,segunda
460,18.14,2008,FEVEREIRO,2,26,terca
460,18.14,2008,FEVEREIRO,2,27,quarta
460,18.14,2008,FEVEREIRO,2,28,quinta
460,18.14,2008,FEVEREIRO,2,29,sexta
460,18.14,2008,MARÇO,3,1,sabado
460,18.14,2008,MARÇO,3,2,domingo
460,18.14,2008,MARÇO,3,3,segunda
460,18.14,2008,MARÇO,3,4,terca
460,18.14,2008,MARÇO,3,5,quarta
460,18.14,2008,MARÇO,3,6,quinta
460,18.14,2008,MARÇO,3,7,sexta
460,18.14,2008,MARÇO,3,8,sabado
460,18.14,2008,MARÇO,3,9,domingo
460,18.14,2008,MARÇO,3,10,segunda
460,18.14,2008,MARÇO,3,11,terca
460,18.14,2008,MARÇO,3,12,quarta
460,18.14,2008,MARÇO,3,13,quinta
460,18.14,2008,MARÇO,3,14,sexta
460,18.14,2008,MARÇO,3,15,sabado
460,18.14,2008,MARÇO,3,16,domingo
460,18.14,2008,MARÇO,3,17,segunda
460,18.14,2008,MARÇO,3,18,terca
460,18.14,2008,MARÇO,3,19,quarta
460,18.14,2008,MARÇO,3,20,quinta
460,18.14,2008,MARÇO,3,21,sexta
460,18.14,2008,MARÇO,3,22,sabado
460,18.14,2008,MARÇO,3,23,domingo
460,18.14,2008,MARÇO,3,24,segunda
460,18.14,2008,MARÇO,3,25,terca
460,18.14,2008,MARÇO,3,26,quarta
460,18.14,2008,MARÇO,3,27,quinta
460,18.14,2008,MARÇO,3,28,sexta
460,18.14,2008,MARÇO,3,29,sabado
460,18.14,2008,MARÇO,3,30,domingo
460,18.14,2008,MARÇO,3,31,segunda
460,18.14,2008,ABRIL,4,1,terca
460,18.14,2008,ABRIL,4,2,quarta
460,18.14,2008,ABRIL,4,3,quinta
460,18.14,2008,ABRIL,4,4,sexta
460,18.14,2008,ABRIL,4,5,sabado
460,18.14,2008,ABRIL,4,6,domingo
460,18.14,2008,ABRIL,4,7,segunda
460,18.14,2008,ABRIL,4,8,terca
460,18.14,2008,ABRIL,4,9,quarta
460,18.14,2008,ABRIL,4,10,quinta
460,18.14,2008,ABRIL,4,11,sexta
460,18.14,2008,ABRIL,4,12,sabado
460,18.14,2008,ABRIL,4,13,domingo
460,18.14,2008,ABRIL,4,14,segunda
460,18.14,2008,ABRIL,4,15,terca
460,18.14,2008,ABRIL,4,16,quarta
460,18.14,2008,ABRIL,4,17,quinta
460,18.14,2008,ABRIL,4,18,sexta
460,18.14,2008,ABRIL,4,19,sabado
460,18.14,2008,ABRIL,4,20,domingo
460,18.14,2008,ABRIL,4,21,segunda
460,18.14,2008,ABRIL,4,22,terca
460,18.14,2008,ABRIL,4,23,quarta
460,18.14,2008,ABRIL,4,24,quinta
460,18.14,2008,ABRIL,4,25,sexta
460,18.14,2008,ABRIL,4,26,sabado
460,18.14,2008,ABRIL,4,27,domingo
460,18.14,2008,ABRIL,4,28,segunda
460,18.14,2008,ABRIL,4,29,terca
460,18.14,2008,ABRIL,4,30,quarta
460,18.14,2008,MAIO,5,1,quinta
460,18.14,2008,MAIO,5,2,sexta
460,18.14,2008,MAIO,5,3,sabado
460,18.14,2008,MAIO,5,4,domingo
460,18.14,2008,MAIO,5,5,segunda
460,18.14,2008,MAIO,5,6,terca
460,18.14,2008,MAIO,5,7,quarta
460,18.14,2008,MAIO,5,8,quinta
460,18.14,2008,MAIO,5,9,sexta
460,18.14,2008,MAIO,5,10,sabado
460,18.14,2008,MAIO,5,11,domingo
460,18.14,2008,MAIO,5,12,segunda
460,18.14,2008,MAIO,5,13,terca
460,18.14,2008,MAIO,5,14,quarta
460,18.14,2008,MAIO,5,15,quinta
460,18.14,2008,MAIO,5,16,sexta
460,18.14,2008,MAIO,5,17,sabado
460,18.14,2008,MAIO,5,18,domingo
460,18.14,2008,MAIO,5,19,segunda
460,18.14,2008,MAIO,5,20,terca
460,18.14,2008,MAIO,5,21,quarta
460,18.14,2008,MAIO,5,22,quinta
460,18.14,2008,MAIO,5,23,sexta
460,18.14,2008,MAIO,5,24,sabado
460,18.14,2008,MAIO,5,25,domingo
460,18.14,2008,MAIO,5,26,segunda
460,18.14,2008,MAIO,5,27,terca
460,18.14,2008,MAIO,5,28,quarta
460,18.14,2008,MAIO,5,29,quinta
460,18.14,2008,MAIO,5,30,sexta
460,18.14,2008,MAIO,5,31,sabado
460,18.14,2008,JUNHO,6,1,domingo
460,18.14,2008,JUNHO,6,2,segunda
460,18.14,2008,JUNHO,6,3,terca
460,18.14,2008,JUNHO,6,4,quarta
460,18.14,2008,JUNHO,6,5,quinta
460,18.14,2008,JUNHO,6,6,sexta
460,18.14,2008,JUNHO,6,7,sabado
460,18.14,2008,JUNHO,6,8,domingo
460,18.14,2008,JUNHO,6,9,segunda
460,18.14,2008,JUNHO,6,10,terca
460,18.14,2008,JUNHO,6,11,quarta
460,18.14,2008,JUNHO,6,12,quinta
460,18.14,2008,JUNHO,6,13,sexta
460,18.14,2008,JUNHO,6,14,sabado
460,18.14,2008,JUNHO,6,15,domingo
460,18.14,2008,JUNHO,6,16,segunda
460,18.14,2008,JUNHO,6,17,terca
460,18.14,2008,JUNHO,6,18,quarta
460,18.14,2008,JUNHO,6,19,quinta
460,18.14,2008,JUNHO,6,20,sexta
460,18.14,2008,JUNHO,6,21,sabado
460,18.14,2008,JUNHO,6,22,domingo
460,18.14,2008,JUNHO,6,23,segunda
460,18.14,2008,JUNHO,6,24,terca
460,18.14,2008,JUNHO,6,25,quarta
460,18.14,2008,JUNHO,6,26,quinta
460,18.14,2008,JUNHO,6,27,sexta
460,18.14,2008,JUNHO,6,28,sabado
460,18.14,2008,JUNHO,6,29,domingo
460,18.14,2008,JUNHO,6,30,segunda
460,18.14,2008,JULHO,7,1,terca
460,18.14,2008,JULHO,7,2,quarta
460,18.14,2008,JULHO,7,3,quinta
460,18.14,2008,JULHO,7,4,sexta
460,18.14,2008,JULHO,7,5,sabado
460,18.14,2008,JULHO,7,6,domingo
460,18.14,2008,JULHO,7,7,segunda
460,18.14,2008,JULHO,7,8,terca
460,18.14,2008,JULHO,7,9,quarta
460,18.14,2008,JULHO,7,10,quinta
460,18.14,2008,JULHO,7,11,sexta
460,18.14,2008,JULHO,7,12,sabado
460,18.14,2008,JULHO,7,13,domingo
460,18.14,2008,JULHO,7,14,segunda
460,18.14,2008,JULHO,7,15,terca
460,18.14,2008,JULHO,7,16,quarta
460,18.14,2008,JULHO,7,17,quinta
460,18.14,2008,JULHO,7,18,sexta
460,18.14,2008,JULHO,7,19,sabado
460,18.14,2008,JULHO,7,20,domingo
460,18.14,2008,JULHO,7,21,segunda
460,18.14,2008,JULHO,7,22,terca
460,18.14,2008,JULHO,7,23,quarta
460,18.14,2008,JULHO,7,24,quinta
460,18.14,2008,JULHO,7,25,sexta
460,18.14,2008,JULHO,7,26,sabado
460,18.14,2008,JULHO,7,27,domingo
460,18.14,2008,JULHO,7,28,segunda
460,18.14,2008,JULHO,7,29,terca
460,18.14,2008,JULHO,7,30,quarta
460,18.14,2008,JULHO,7,31,quinta
460,18.14,2008,AGOSTO,8,1,sexta
460,18.14,2008,AGOSTO,8,2,sabado
460,18.14,2008,AGOSTO,8,3,domingo
460,18.14,2008,AGOSTO,8,4,segunda
460,18.14,2008,AGOSTO,8,5,terca
460,18.14,2008,AGOSTO,8,6,quarta
460,18.14,2008,AGOSTO,8,7,quinta
460,18.14,2008,AGOSTO,8,8,sexta
460,18.14,2008,AGOSTO,8,9,sabado
460,18.14,2008,AGOSTO,8,10,domingo
460,18.14,2008,AGOSTO,8,11,segunda
460,18.14,2008,AGOSTO,8,12,terca
460,18.14,2008,AGOSTO,8,13,quarta
460,18.14,2008,AGOSTO,8,14,quinta
460,18.14,2008,AGOSTO,8,15,sexta
460,18.14,2008,AGOSTO,8,16,sabado
460,18.14,2008,AGOSTO,8,17,domingo
460,18.14,2008,AGOSTO,8,18,segunda
460,18.14,2008,AGOSTO,8,19,terca
460,18.14,2008,AGOSTO,8,20,quarta
460,18.14,2008,AGOSTO,8,21,quinta
460,18.14,2008,AGOSTO,8,22,sexta
460,18.14,2008,AGOSTO,8,23,sabado
460,18.14,2008,AGOSTO,8,24,domingo
460,18.14,2008,AGOSTO,8,25,segunda
460,18.14,2008,AGOSTO,8,26,terca
460,18.14,2008,AGOSTO,8,27,quarta
460,18.14,2008,AGOSTO,8,28,quinta
460,18.14,2008,AGOSTO,8,29,sexta
460,18.14,2008,AGOSTO,8,30,sabado
460,18.14,2008,AGOSTO,8,31,domingo
460,18.14,2008,SETEMBRO,9,1,segunda
460,18.14,2008,SETEMBRO,9,2,terca
460,18.14,2008,SETEMBRO,9,3,quarta
460,18.14,2008,SETEMBRO,9,4,quinta
460,18.14,2008,SETEMBRO,9,5,sexta
460,18.14,2008,SETEMBRO,9,6,sabado
460,18.14,2008,SETEMBRO,9,7,domingo
460,18.14,2008,SETEMBRO,9,8,segunda
460,18.14,2008,SETEMBRO,9,9,terca
460,18.14,2008,SETEMBRO,9,10,quarta
460,18.14,2008,SETEMBRO,9,11,quinta
460,18.14,2008,SETEMBRO,9,12,sexta
460,18.14,2008,SETEMBRO,9,13,sabado
460,18.14,2008,SETEMBRO,9,14,domingo
460,18.14,2008,SETEMBRO,9,15,segunda
460,18.14,2008,SETEMBRO,9,16,terca
460,18.14,2008,SETEMBRO,9,17,quarta
460,18.14,2008,SETEMBRO,9,18,quinta
460,18.14,2008,SETEMBRO,9,19,sexta
460,18.14,2008,SETEMBRO,9,20,sabado
460,18.14,2008,SETEMBRO,9,21,domingo
460,18.14,2008,SETEMBRO,9,22,segunda
460,18.14,2008,SETEMBRO,9,23,terca
460,18.14,2008,SETEMBRO,9,24,quarta
460,18.14,2008,SETEMBRO,9,25,quinta
460,18.14,2008,SETEMBRO,9,26,sexta
460,18.14,2008,SETEMBRO,9,27,sabado
460,18.14,2008,SETEMBRO,9,28,domingo
460,18.14,2008,SETEMBRO,9,29,segunda
460,18.14,2008,SETEMBRO,9,30,terca
460,18.14,2008,OUTUBRO,10,1,quarta
460,18.14,2008,OUTUBRO,10,2,quinta
460,18.14,2008,OUTUBRO,10,3,sexta
460,18.14,2008,OUTUBRO,10,4,sabado
460,18.14,2008,OUTUBRO,10,5,domingo
460,18.14,2008,OUTUBRO,10,6,segunda
460,18.14,2008,OUTUBRO,10,7,terca
460,18.14,2008,OUTUBRO,10,8,quarta
460,18.14,2008,OUTUBRO,10,9,quinta
460,18.14,2008,OUTUBRO,10,10,sexta
460,18.14,2008,OUTUBRO,10,11,sabado
460,18.14,2008,OUTUBRO,10,12,domingo
460,18.14,2008,OUTUBRO,10,13,segunda
460,18.14,2008,OUTUBRO,10,14,terca
460,18.14,2008,OUTUBRO,10,15,quarta
460,18.14,2008,OUTUBRO,10,16,quinta
460,18.14,2008,OUTUBRO,10,17,sexta
460,18.14,2008,OUTUBRO,10,18,sabado
460,18.14,2008,OUTUBRO,10,19,domingo
460,18.14,2008,OUTUBRO,10,20,segunda
460,18.14,2008,OUTUBRO,10,21,terca
460,18.14,2008,OUTUBRO,10,22,quarta
460,18.14,2008,OUTUBRO,10,23,quinta
460,18.14,2008,OUTUBRO,10,24,sexta
460,18.14,2008,OUTUBRO,10,25,sabado
460,18.14,2008,OUTUBRO,10,26,domingo
460,18.14,2008,OUTUBRO,10,27,segunda
460,18.14,2008,OUTUBRO,10,28,terca
460,18.14,2008,OUTUBRO,10,29,quarta
460,18.14,2008,OUTUBRO,10,30,quinta
460,18.14,2008,OUTUBRO,10,31,sexta
460,18.14,2008,NOVEMBRO,11,1,sabado
460,18.14,2008,NOVEMBRO,11,2,domingo
460,18.14,2008,NOVEMBRO,11,3,segunda
460,18.14,2008,NOVEMBRO,11,4,terca
460,18.14,2008,NOVEMBRO,11,5,quarta
460,18.14,2008,NOVEMBRO,11,6,quinta
460,18.14,2008,NOVEMBRO,11,7,sexta
460,18.14,2008,NOVEMBRO,11,8,sabado
460,18.14,2008,NOVEMBRO,11,9,domingo
460,18.14,2008,NOVEMBRO,11,10,segunda
460,18.14,2008,NOVEMBRO,11,11,terca
460,18.14,2008,NOVEMBRO,11,12,quarta
460,18.14,2008,NOVEMBRO,11,13,quinta
460,18.14,2008,NOVEMBRO,11,14,sexta
460,18.14,2008,NOVEMBRO,11,15,sabado
460,18.14,2008,NOVEMBRO,11,16,domingo
460,18.14,2008,NOVEMBRO,11,17,segunda
460,18.14,2008,NOVEMBRO,11,18,terca
460,18.14,2008,NOVEMBRO,11,19,quarta
460,18.14,2008,NOVEMBRO,11,20,quinta
460,18.14,2008,NOVEMBRO,11,21,sexta
460,18.14,2008,NOVEMBRO,11,22,sabado
460,18.14,2008,NOVEMBRO,11,23,domingo
460,18.14,2008,NOVEMBRO,11,24,segunda
460,18.14,2008,NOVEMBRO,11,25,terca
460,18.14,2008,NOVEMBRO,11,26,quarta
460,18.14,2008,NOVEMBRO,11,27,quinta
460,18.14,2008,NOVEMBRO,11,28,sexta
460,18.14,2008,NOVEMBRO,11,29,sabado
460,18.14,2008,NOVEMBRO,11,30,domingo
460,18.14,2008,DEZEMBRO,12,1,segunda
460,18.14,2008,DEZEMBRO,12,2,terca
460,18.14,2008,DEZEMBRO,12,3,quarta
460,18.14,2008,DEZEMBRO,12,4,quinta
460,18.14,2008,DEZEMBRO,12,5,sexta
460,18.14,2008,DEZEMBRO,12,6,sabado
460,18.14,2008,DEZEMBRO,12,7,domingo
460,18.14,2008,DEZEMBRO,12,8,segunda
460,18.14,2008,DEZEMBRO,12,9,terca
460,18.14,2008,DEZEMBRO,12,10,quarta
460,18.14,2008,DEZEMBRO,12,11,quinta
460,18.14,2008,DEZEMBRO,12,12,sexta
460,18.14,2008,DEZEMBRO,12,13,sabado
460,18.14,2008,DEZEMBRO,12,14,domingo
460,18.14,2008,DEZEMBRO,12,15,segunda
460,18.14,2008,DEZEMBRO,12,16,terca
460,18.14,2008,DEZEMBRO,12,17,quarta
460,18.14,2008,DEZEMBRO,12,18,quinta
460,18.14,2008,DEZEMBRO,12,19,sexta
460,18.14,2008,DEZEMBRO,12,20,sabado
460,18.14,2008,DEZEMBRO,12,21,domingo
460,18.14,2008,DEZEMBRO,12,22,segunda
460,18.14,2008,DEZEMBRO,12,23,terca
460,18.14,2008,DEZEMBRO,12,24,quarta
460,18.14,2008,DEZEMBRO,12,25,quinta
460,18.14,2008,DEZEMBRO,12,26,sexta
460,18.14,2008,DEZEMBRO,12,27,sabado
460,18.14,2008,DEZEMBRO,12,28,domingo
460,18.14,2008,DEZEMBRO,12,29,segunda
460,18.14,2008,DEZEMBRO,12,30,terca
460,18.14,2008,DEZEMBRO,12,31,quarta
461,18.14,2009,JANEIRO,1,1,quinta
461,18.14,2009,JANEIRO,1,2,sexta
461,18.14,2009,JANEIRO,1,3,sabado
461,18.14,2009,JANEIRO,1,4,domingo
461,18.14,2009,JANEIRO,1,5,segunda
461,18.14,2009,JANEIRO,1,6,terca
461,18.14,2009,JANEIRO,1,7,quarta
461,18.14,2009,JANEIRO,1,8,quinta
461,18.14,2009,JANEIRO,1,9,sexta
461,18.14,2009,JANEIRO,1,10,sabado
461,18.14,2009,JANEIRO,1,11,domingo
461,18.14,2009,JANEIRO,1,12,segunda
461,18.14,2009,JANEIRO,1,13,terca
461,18.14,2009,JANEIRO,1,14,quarta
461,18.14,2009,JANEIRO,1,15,quinta
461,18.14,2009,JANEIRO,1,16,sexta
461,18.14,2009,JANEIRO,1,17,sabado
461,18.14,2009,JANEIRO,1,18,domingo
461,18.14,2009,JANEIRO,1,19,segunda
461,18.14,2009,JANEIRO,1,20,terca
461,18.14,2009,JANEIRO,1,21,quarta
461,18.14,2009,JANEIRO,1,22,quinta
461,18.14,2009,JANEIRO,1,23,sexta
461,18.14,2009,JANEIRO,1,24,sabado
461,18.14,2009,JANEIRO,1,25,domingo
461,18.14,2009,JANEIRO,1,26,segunda
461,18.14,2009,JANEIRO,1,27,terca
461,18.14,2009,JANEIRO,1,28,quarta
461,18.14,2009,JANEIRO,1,29,quinta
461,18.14,2009,JANEIRO,1,30,sexta
461,18.14,2009,JANEIRO,1,31,sabado
461,18.14,2009,FEVEREIRO,2,1,domingo
461,18.14,2009,FEVEREIRO,2,2,segunda
461,18.14,2009,FEVEREIRO,2,3,terca
461,18.14,2009,FEVEREIRO,2,4,quarta
461,18.14,2009,FEVEREIRO,2,5,quinta
461,18.14,2009,FEVEREIRO,2,6,sexta
461,18.14,2009,FEVEREIRO,2,7,sabado
461,18.14,2009,FEVEREIRO,2,8,domingo
461,18.14,2009,FEVEREIRO,2,9,segunda
461,18.14,2009,FEVEREIRO,2,10,terca
461,18.14,2009,FEVEREIRO,2,11,quarta
461,18.14,2009,FEVEREIRO,2,12,quinta
461,18.14,2009,FEVEREIRO,2,13,sexta
461,18.14,2009,FEVEREIRO,2,14,sabado
461,18.14,2009,FEVEREIRO,2,15,domingo
461,18.14,2009,FEVEREIRO,2,16,segunda
461,18.14,2009,FEVEREIRO,2,17,terca
461,18.14,2009,FEVEREIRO,2,18,quarta
461,18.14,2009,FEVEREIRO,2,19,quinta
461,18.14,2009,FEVEREIRO,2,20,sexta
461,18.14,2009,FEVEREIRO,2,21,sabado
461,18.14,2009,FEVEREIRO,2,22,domingo
461,18.14,2009,FEVEREIRO,2,23,segunda
461,18.14,2009,FEVEREIRO,2,24,terca
461,18.14,2009,FEVEREIRO,2,25,quarta
461,18.14,2009,FEVEREIRO,2,26,quinta
461,18.14,2009,FEVEREIRO,2,27,sexta
461,18.14,2009,FEVEREIRO,2,28,sabado
461,18.14,2009,MARÇO,3,1,domingo
461,18.14,2009,MARÇO,3,2,segunda
461,18.14,2009,MARÇO,3,3,terca
461,18.14,2009,MARÇO,3,4,quarta
461,18.14,2009,MARÇO,3,5,quinta
461,18.14,2009,MARÇO,3,6,sexta
461,18.14,2009,MARÇO,3,7,sabado
461,18.14,2009,MARÇO,3,8,domingo
461,18.14,2009,MARÇO,3,9,segunda
461,18.14,2009,MARÇO,3,10,terca
461,18.14,2009,MARÇO,3,11,quarta
461,18.14,2009,MARÇO,3,12,quinta
461,18.14,2009,MARÇO,3,13,sexta
461,18.14,2009,MARÇO,3,14,sabado
461,18.14,2009,MARÇO,3,15,domingo
461,18.14,2009,MARÇO,3,16,segunda
461,18.14,2009,MARÇO,3,17,terca
461,18.14,2009,MARÇO,3,18,quarta
461,18.14,2009,MARÇO,3,19,quinta
461,18.14,2009,MARÇO,3,20,sexta
461,18.14,2009,MARÇO,3,21,sabado
461,18.14,2009,MARÇO,3,22,domingo
461,18.14,2009,MARÇO,3,23,segunda
461,18.14,2009,MARÇO,3,24,terca
461,18.14,2009,MARÇO,3,25,quarta
461,18.14,2009,MARÇO,3,26,quinta
461,18.14,2009,MARÇO,3,27,sexta
461,18.14,2009,MARÇO,3,28,sabado
461,18.14,2009,MARÇO,3,29,domingo
461,18.14,2009,MARÇO,3,30,segunda
461,18.14,2009,MARÇO,3,31,terca
461,18.14,2009,ABRIL,4,1,quarta
461,18.14,2009,ABRIL,4,2,quinta
461,18.14,2009,ABRIL,4,3,sexta
461,18.14,2009,ABRIL,4,4,sabado
461,18.14,2009,ABRIL,4,5,domingo
461,18.14,2009,ABRIL,4,6,segunda
461,18.14,2009,ABRIL,4,7,terca
461,18.14,2009,ABRIL,4,8,quarta
461,18.14,2009,ABRIL,4,9,quinta
461,18.14,2009,ABRIL,4,10,sexta
461,18.14,2009,ABRIL,4,11,sabado
461,18.14,2009,ABRIL,4,12,domingo
461,18.14,2009,ABRIL,4,13,segunda
461,18.14,2009,ABRIL,4,14,terca
461,18.14,2009,ABRIL,4,15,quarta
461,18.14,2009,ABRIL,4,16,quinta
461,18.14,2009,ABRIL,4,17,sexta
461,18.14,2009,ABRIL,4,18,sabado
461,18.14,2009,ABRIL,4,19,domingo
461,18.14,2009,ABRIL,4,20,segunda
461,18.14,2009,ABRIL,4,21,terca
461,18.14,2009,ABRIL,4,22,quarta
461,18.14,2009,ABRIL,4,23,quinta
461,18.14,2009,ABRIL,4,24,sexta
461,18.14,2009,ABRIL,4,25,sabado
461,18.14,2009,ABRIL,4,26,domingo
461,18.14,2009,ABRIL,4,27,segunda
461,18.14,2009,ABRIL,4,28,terca
461,18.14,2009,ABRIL,4,29,quarta
461,18.14,2009,ABRIL,4,30,quinta
461,18.14,2009,MAIO,5,1,sexta
461,18.14,2009,MAIO,5,2,sabado
461,18.14,2009,MAIO,5,3,domingo
461,18.14,2009,MAIO,5,4,segunda
461,18.14,2009,MAIO,5,5,terca
461,18.14,2009,MAIO,5,6,quarta
461,18.14,2009,MAIO,5,7,quinta
461,18.14,2009,MAIO,5,8,sexta
461,18.14,2009,MAIO,5,9,sabado
461,18.14,2009,MAIO,5,10,domingo
461,18.14,2009,MAIO,5,11,segunda
461,18.14,2009,MAIO,5,12,terca
461,18.14,2009,MAIO,5,13,quarta
461,18.14,2009,MAIO,5,14,quinta
461,18.14,2009,MAIO,5,15,sexta
461,18.14,2009,MAIO,5,16,sabado
461,18.14,2009,MAIO,5,17,domingo
461,18.14,2009,MAIO,5,18,segunda
461,18.14,2009,MAIO,5,19,terca
461,18.14,2009,MAIO,5,20,quarta
461,18.14,2009,MAIO,5,21,quinta
461,18.14,2009,MAIO,5,22,sexta
461,18.14,2009,MAIO,5,23,sabado
461,18.14,2009,MAIO,5,24,domingo
461,18.14,2009,MAIO,5,25,segunda
461,18.14,2009,MAIO,5,26,terca
461,18.14,2009,MAIO,5,27,quarta
461,18.14,2009,MAIO,5,28,quinta
461,18.14,2009,MAIO,5,29,sexta
461,18.14,2009,MAIO,5,30,sabado
461,18.14,2009,MAIO,5,31,domingo
461,18.14,2009,JUNHO,6,1,segunda
461,18.14,2009,JUNHO,6,2,terca
461,18.14,2009,JUNHO,6,3,quarta
461,18.14,2009,JUNHO,6,4,quinta
461,18.14,2009,JUNHO,6,5,sexta
461,18.14,2009,JUNHO,6,6,sabado
461,18.14,2009,JUNHO,6,7,domingo
461,18.14,2009,JUNHO,6,8,segunda
461,18.14,2009,JUNHO,6,9,terca
461,18.14,2009,JUNHO,6,10,quarta
461,18.14,2009,JUNHO,6,11,quinta
461,18.14,2009,JUNHO,6,12,sexta
461,18.14,2009,JUNHO,6,13,sabado
461,18.14,2009,JUNHO,6,14,domingo
461,18.14,2009,JUNHO,6,15,segunda
461,18.14,2009,JUNHO,6,16,terca
461,18.14,2009,JUNHO,6,17,quarta
461,18.14,2009,JUNHO,6,18,quinta
461,18.14,2009,JUNHO,6,19,sexta
461,18.14,2009,JUNHO,6,20,sabado
461,18.14,2009,JUNHO,6,21,domingo
461,18.14,2009,JUNHO,6,22,segunda
461,18.14,2009,JUNHO,6,23,terca
461,18.14,2009,JUNHO,6,24,quarta
461,18.14,2009,JUNHO,6,25,quinta
461,18.14,2009,JUNHO,6,26,sexta
461,18.14,2009,JUNHO,6,27,sabado
461,18.14,2009,JUNHO,6,28,domingo
461,18.14,2009,JUNHO,6,29,segunda
461,18.14,2009,JUNHO,6,30,terca
461,18.14,2009,JULHO,7,1,quarta
461,18.14,2009,JULHO,7,2,quinta
461,18.14,2009,JULHO,7,3,sexta
461,18.14,2009,JULHO,7,4,sabado
461,18.14,2009,JULHO,7,5,domingo
461,18.14,2009,JULHO,7,6,segunda
461,18.14,2009,JULHO,7,7,terca
461,18.14,2009,JULHO,7,8,quarta
461,18.14,2009,JULHO,7,9,quinta
461,18.14,2009,JULHO,7,10,sexta
461,18.14,2009,JULHO,7,11,sabado
461,18.14,2009,JULHO,7,12,domingo
461,18.14,2009,JULHO,7,13,segunda
461,18.14,2009,JULHO,7,14,terca
461,18.14,2009,JULHO,7,15,quarta
461,18.14,2009,JULHO,7,16,quinta
461,18.14,2009,JULHO,7,17,sexta
461,18.14,2009,JULHO,7,18,sabado
461,18.14,2009,JULHO,7,19,domingo
461,18.14,2009,JULHO,7,20,segunda
461,18.14,2009,JULHO,7,21,terca
461,18.14,2009,JULHO,7,22,quarta
461,18.14,2009,JULHO,7,23,quinta
461,18.14,2009,JULHO,7,24,sexta
461,18.14,2009,JULHO,7,25,sabado
461,18.14,2009,JULHO,7,26,domingo
461,18.14,2009,JULHO,7,27,segunda
461,18.14,2009,JULHO,7,28,terca
461,18.14,2009,JULHO,7,29,quarta
461,18.14,2009,JULHO,7,30,quinta
461,18.14,2009,JULHO,7,31,sexta
461,18.14,2009,AGOSTO,8,1,sabado
461,18.14,2009,AGOSTO,8,2,domingo
461,18.14,2009,AGOSTO,8,3,segunda
461,18.14,2009,AGOSTO,8,4,terca
461,18.14,2009,AGOSTO,8,5,quarta
461,18.14,2009,AGOSTO,8,6,quinta
461,18.14,2009,AGOSTO,8,7,sexta
461,18.14,2009,AGOSTO,8,8,sabado
461,18.14,2009,AGOSTO,8,9,domingo
461,18.14,2009,AGOSTO,8,10,segunda
461,18.14,2009,AGOSTO,8,11,terca
461,18.14,2009,AGOSTO,8,12,quarta
461,18.14,2009,AGOSTO,8,13,quinta
461,18.14,2009,AGOSTO,8,14,sexta
461,18.14,2009,AGOSTO,8,15,sabado
461,18.14,2009,AGOSTO,8,16,domingo
461,18.14,2009,AGOSTO,8,17,segunda
461,18.14,2009,AGOSTO,8,18,terca
461,18.14,2009,AGOSTO,8,19,quarta
461,18.14,2009,AGOSTO,8,20,quinta
461,18.14,2009,AGOSTO,8,21,sexta
461,18.14,2009,AGOSTO,8,22,sabado
461,18.14,2009,AGOSTO,8,23,domingo
461,18.14,2009,AGOSTO,8,24,segunda
461,18.14,2009,AGOSTO,8,25,terca
461,18.14,2009,AGOSTO,8,26,quarta
461,18.14,2009,AGOSTO,8,27,quinta
461,18.14,2009,AGOSTO,8,28,sexta
461,18.14,2009,AGOSTO,8,29,sabado
461,18.14,2009,AGOSTO,8,30,domingo
461,18.14,2009,AGOSTO,8,31,segunda
461,18.14,2009,SETEMBRO,9,1,terca
461,18.14,2009,SETEMBRO,9,2,quarta
461,18.14,2009,SETEMBRO,9,3,quinta
461,18.14,2009,SETEMBRO,9,4,sexta
461,18.14,2009,SETEMBRO,9,6,domingo
461,18.14,2009,SETEMBRO,9,7,sabado
461,18.14,2009,SETEMBRO,9,8,terca
461,18.14,2009,SETEMBRO,9,9,quarta
461,18.14,2009,SETEMBRO,9,10,quinta
461,18.14,2009,SETEMBRO,9,11,sexta
461,18.14,2009,SETEMBRO,9,12,sabado
461,18.14,2009,SETEMBRO,9,13,domingo
461,18.14,2009,SETEMBRO,9,14,segunda
461,18.14,2009,SETEMBRO,9,15,terca
461,18.14,2009,SETEMBRO,9,16,quarta
461,18.14,2009,SETEMBRO,9,17,quinta
461,18.14,2009,SETEMBRO,9,18,sexta
461,18.14,2009,SETEMBRO,9,19,sabado
461,18.14,2009,SETEMBRO,9,20,domingo
461,18.14,2009,SETEMBRO,9,21,segunda
461,18.14,2009,SETEMBRO,9,22,terca
461,18.14,2009,SETEMBRO,9,23,quarta
461,18.14,2009,SETEMBRO,9,24,quinta
461,18.14,2009,SETEMBRO,9,25,sexta
461,18.14,2009,SETEMBRO,9,26,sabado
461,18.14,2009,SETEMBRO,9,27,domingo
461,18.14,2009,SETEMBRO,9,28,segunda
461,18.14,2009,SETEMBRO,9,29,terca
461,18.14,2009,SETEMBRO,9,30,quarta
461,18.14,2009,OUTUBRO,10,1,quinta
461,18.14,2009,OUTUBRO,10,2,sexta
461,18.14,2009,OUTUBRO,10,3,sabado
461,18.14,2009,OUTUBRO,10,4,domingo
461,18.14,2009,OUTUBRO,10,5,segunda
461,18.14,2009,OUTUBRO,10,6,terca
461,18.14,2009,OUTUBRO,10,7,quarta
461,18.14,2009,OUTUBRO,10,8,quinta
461,18.14,2009,OUTUBRO,10,9,sexta
461,18.14,2009,OUTUBRO,10,10,sabado
461,18.14,2009,OUTUBRO,10,11,domingo
461,18.14,2009,OUTUBRO,10,12,segunda
461,18.14,2009,OUTUBRO,10,13,terca
461,18.14,2009,OUTUBRO,10,14,quarta
461,18.14,2009,OUTUBRO,10,15,quinta
461,18.14,2009,OUTUBRO,10,16,sexta
461,18.14,2009,OUTUBRO,10,17,sabado
461,18.14,2009,OUTUBRO,10,18,domingo
461,18.14,2009,OUTUBRO,10,19,segunda
461,18.14,2009,OUTUBRO,10,20,terca
461,18.14,2009,OUTUBRO,10,21,quarta
461,18.14,2009,OUTUBRO,10,22,quinta
461,18.14,2009,OUTUBRO,10,23,sexta
461,18.14,2009,OUTUBRO,10,24,sabado
461,18.14,2009,OUTUBRO,10,25,domingo
461,18.14,2009,OUTUBRO,10,26,segunda
461,18.14,2009,OUTUBRO,10,27,terca
461,18.14,2009,OUTUBRO,10,28,quarta
461,18.14,2009,OUTUBRO,10,29,quinta
461,18.14,2009,OUTUBRO,10,30,sexta
461,18.14,2009,OUTUBRO,10,31,sabado
461,18.14,2009,NOVEMBRO,11,1,domingo
461,18.14,2009,NOVEMBRO,11,2,segunda
461,18.14,2009,NOVEMBRO,11,3,terca
461,18.14,2009,NOVEMBRO,11,4,quarta
461,18.14,2009,NOVEMBRO,11,5,quinta
461,18.14,2009,NOVEMBRO,11,6,sexta
461,18.14,2009,NOVEMBRO,11,7,sabado
461,18.14,2009,NOVEMBRO,11,8,domingo
461,18.14,2009,NOVEMBRO,11,9,segunda
461,18.14,2009,NOVEMBRO,11,10,terca
461,18.14,2009,NOVEMBRO,11,11,quarta
461,18.14,2009,NOVEMBRO,11,12,quinta
461,18.14,2009,NOVEMBRO,11,13,sexta
461,18.14,2009,NOVEMBRO,11,14,sabado
461,18.14,2009,NOVEMBRO,11,15,domingo
461,18.14,2009,NOVEMBRO,11,16,segunda
461,18.14,2009,NOVEMBRO,11,17,terca
461,18.14,2009,NOVEMBRO,11,18,quarta
461,18.14,2009,NOVEMBRO,11,19,quinta
461,18.14,2009,NOVEMBRO,11,20,sexta
461,18.14,2009,NOVEMBRO,11,21,sabado
461,18.14,2009,NOVEMBRO,11,22,domingo
461,18.14,2009,NOVEMBRO,11,23,segunda
461,18.14,2009,NOVEMBRO,11,24,terca
461,18.14,2009,NOVEMBRO,11,25,quarta
461,18.14,2009,NOVEMBRO,11,26,quinta
461,18.14,2009,NOVEMBRO,11,27,sexta
461,18.14,2009,NOVEMBRO,11,28,sabado
461,18.14,2009,NOVEMBRO,11,29,domingo
461,18.14,2009,NOVEMBRO,11,30,segunda
461,18.14,2009,DEZEMBRO,12,1,terca
461,18.14,2009,DEZEMBRO,12,2,quarta
461,18.14,2009,DEZEMBRO,12,3,quinta
461,18.14,2009,DEZEMBRO,12,4,sexta
461,18.14,2009,DEZEMBRO,12,5,sabado
461,18.14,2009,DEZEMBRO,12,6,domingo
461,18.14,2009,DEZEMBRO,12,7,segunda
461,18.14,2009,DEZEMBRO,12,8,terca
461,18.14,2009,DEZEMBRO,12,9,quarta
461,18.14,2009,DEZEMBRO,12,10,quinta
461,18.14,2009,DEZEMBRO,12,11,sexta
461,18.14,2009,DEZEMBRO,12,12,sabado
461,18.14,2009,DEZEMBRO,12,13,domingo
461,18.14,2009,DEZEMBRO,12,14,segunda
461,18.14,2009,DEZEMBRO,12,15,terca
461,18.14,2009,DEZEMBRO,12,16,quarta
461,18.14,2009,DEZEMBRO,12,17,quinta
461,18.14,2009,DEZEMBRO,12,18,sexta
461,18.14,2009,DEZEMBRO,12,19,sabado
461,18.14,2009,DEZEMBRO,12,20,domingo
461,18.14,2009,DEZEMBRO,12,21,segunda
461,18.14,2009,DEZEMBRO,12,22,terca
461,18.14,2009,DEZEMBRO,12,23,quarta
461,18.14,2009,DEZEMBRO,12,24,quinta
461,18.14,2009,DEZEMBRO,12,25,sexta
461,18.14,2009,DEZEMBRO,12,26,sabado
461,18.14,2009,DEZEMBRO,12,27,domingo
461,18.14,2009,DEZEMBRO,12,28,segunda
461,18.14,2009,DEZEMBRO,12,29,terca
461,18.14,2009,DEZEMBRO,12,30,quarta
461,18.14,2009,DEZEMBRO,12,31,quinta
461,18.14,2010,JANEIRO,1,1,sexta
461,18.14,2010,JANEIRO,1,2,sabado
461,18.14,2010,JANEIRO,1,3,domingo
461,18.14,2010,JANEIRO,1,4,segunda
461,18.14,2010,JANEIRO,1,5,terca
461,18.14,2010,JANEIRO,1,6,quarta
461,18.14,2010,JANEIRO,1,7,quinta
461,18.14,2010,JANEIRO,1,8,sexta
461,18.14,2010,JANEIRO,1,9,sabado
461,18.14,2010,JANEIRO,1,10,domingo
461,18.14,2010,JANEIRO,1,11,segunda
461,18.14,2010,JANEIRO,1,12,terca
461,18.14,2010,JANEIRO,1,13,quarta
461,18.14,2010,JANEIRO,1,14,quinta
461,18.14,2010,JANEIRO,1,15,sexta
461,18.14,2010,JANEIRO,1,16,sabado
461,18.14,2010,JANEIRO,1,17,domingo
461,18.14,2010,JANEIRO,1,18,segunda
461,18.14,2010,JANEIRO,1,19,terca
461,18.14,2010,JANEIRO,1,20,quarta
461,18.14,2010,JANEIRO,1,21,quinta
461,18.14,2010,JANEIRO,1,22,sexta
461,18.14,2010,JANEIRO,1,23,sabado
461,18.14,2010,JANEIRO,1,24,domingo
461,18.14,2010,JANEIRO,1,25,segunda
461,18.14,2010,JANEIRO,1,26,terca
461,18.14,2010,JANEIRO,1,27,quarta
461,18.14,2010,JANEIRO,1,28,quinta
461,18.14,2010,JANEIRO,1,29,sexta
461,18.14,2010,JANEIRO,1,30,sabado
461,18.14,2010,JANEIRO,1,31,domingo
461,18.14,2010,FEVEREIRO,2,1,segunda
461,18.14,2010,FEVEREIRO,2,2,terca
461,18.14,2010,FEVEREIRO,2,3,quarta
461,18.14,2010,FEVEREIRO,2,4,quinta
461,18.14,2010,FEVEREIRO,2,5,sexta
461,18.14,2010,FEVEREIRO,2,6,sabado
461,18.14,2010,FEVEREIRO,2,7,domingo
461,18.14,2010,FEVEREIRO,2,8,segunda
461,18.14,2010,FEVEREIRO,2,9,terca
461,18.14,2010,FEVEREIRO,2,10,quarta
461,18.14,2010,FEVEREIRO,2,11,quinta
461,18.14,2010,FEVEREIRO,2,12,sexta
461,18.14,2010,FEVEREIRO,2,13,sabado
461,18.14,2010,FEVEREIRO,2,14,domingo
461,18.14,2010,FEVEREIRO,2,15,segunda
461,18.14,2010,FEVEREIRO,2,16,terca
461,18.14,2010,FEVEREIRO,2,17,quarta
461,18.14,2010,FEVEREIRO,2,18,quinta
461,18.14,2010,FEVEREIRO,2,19,sexta
461,18.14,2010,FEVEREIRO,2,20,sabado
461,18.14,2010,FEVEREIRO,2,21,domingo
461,18.14,2010,FEVEREIRO,2,22,segunda
461,18.14,2010,FEVEREIRO,2,23,terca
461,18.14,2010,FEVEREIRO,2,24,quarta
461,18.14,2010,FEVEREIRO,2,25,quinta
461,18.14,2010,FEVEREIRO,2,26,sexta
461,18.14,2010,FEVEREIRO,2,27,sabado
461,18.14,2010,FEVEREIRO,2,28,domingo
461,18.14,2010,MARÇO,3,1,segunda
461,18.14,2010,MARÇO,3,2,terca
461,18.14,2010,MARÇO,3,3,quarta
461,18.14,2010,MARÇO,3,4,quinta
461,18.14,2010,MARÇO,3,5,sexta
461,18.14,2010,MARÇO,3,6,sabado
461,18.14,2010,MARÇO,3,7,domingo
461,18.14,2010,MARÇO,3,8,segunda
461,18.14,2010,MARÇO,3,9,terca
461,18.14,2010,MARÇO,3,10,quarta
461,18.14,2010,MARÇO,3,11,quinta
461,18.14,2010,MARÇO,3,12,sexta
461,18.14,2010,MARÇO,3,13,sabado
461,18.14,2010,MARÇO,3,14,domingo
461,18.14,2010,MARÇO,3,15,segunda
461,18.14,2010,MARÇO,3,16,terca
461,18.14,2010,MARÇO,3,17,quarta
461,18.14,2010,MARÇO,3,18,quinta
461,18.14,2010,MARÇO,3,19,sexta
461,18.14,2010,MARÇO,3,20,sabado
461,18.14,2010,MARÇO,3,21,domingo
461,18.14,2010,MARÇO,3,22,segunda
461,18.14,2010,MARÇO,3,23,terca
461,18.14,2010,MARÇO,3,24,quarta
461,18.14,2010,MARÇO,3,25,quinta
461,18.14,2010,MARÇO,3,26,sexta
461,18.14,2010,MARÇO,3,27,sabado
461,18.14,2010,MARÇO,3,28,domingo
461,18.14,2010,MARÇO,3,29,segunda
461,18.14,2010,MARÇO,3,30,terca
461,18.14,2010,MARÇO,3,31,quarta
461,18.14,2010,ABRIL,4,1,quinta
461,18.14,2010,ABRIL,4,2,sexta
461,18.14,2010,ABRIL,4,3,sabado
461,18.14,2010,ABRIL,4,4,domingo
461,18.14,2010,ABRIL,4,5,segunda
461,18.14,2010,ABRIL,4,6,terca
461,18.14,2010,ABRIL,4,7,quarta
461,18.14,2010,ABRIL,4,8,quinta
461,18.14,2010,ABRIL,4,9,sexta
461,18.14,2010,ABRIL,4,10,sabado
461,18.14,2010,ABRIL,4,11,domingo
461,18.14,2010,ABRIL,4,12,segunda
461,18.14,2010,ABRIL,4,13,terca
461,18.14,2010,ABRIL,4,14,quarta
461,18.14,2010,ABRIL,4,15,quinta
461,18.14,2010,ABRIL,4,16,sexta
461,18.14,2010,ABRIL,4,17,sabado
461,18.14,2010,ABRIL,4,18,domingo
461,18.14,2010,ABRIL,4,19,segunda
461,18.14,2010,ABRIL,4,20,terca
461,18.14,2010,ABRIL,4,21,quarta
461,18.14,2010,ABRIL,4,22,quinta
461,18.14,2010,ABRIL,4,23,sexta
461,18.14,2010,ABRIL,4,24,sabado
461,18.14,2010,ABRIL,4,25,domingo
461,18.14,2010,ABRIL,4,26,segunda
461,18.14,2010,ABRIL,4,27,terca
461,18.14,2010,ABRIL,4,28,quarta
461,18.14,2010,ABRIL,4,29,quinta
461,18.14,2010,ABRIL,4,30,sexta
461,18.14,2010,MAIO,5,1,sabado
461,18.14,2010,MAIO,5,2,domingo
461,18.14,2010,MAIO,5,3,segunda
461,18.14,2010,MAIO,5,4,terca
461,18.14,2010,MAIO,5,5,quarta
461,18.14,2010,MAIO,5,6,quinta
461,18.14,2010,MAIO,5,7,sexta
461,18.14,2010,MAIO,5,8,sabado
461,18.14,2010,MAIO,5,9,domingo
461,18.14,2010,MAIO,5,10,segunda
461,18.14,2010,MAIO,5,11,terca
461,18.14,2010,MAIO,5,12,quarta
461,18.14,2010,MAIO,5,13,quinta
461,18.14,2010,MAIO,5,14,sexta
461,18.14,2010,MAIO,5,15,sabado
461,18.14,2010,MAIO,5,16,domingo
461,18.14,2010,MAIO,5,17,segunda
461,18.14,2010,MAIO,5,18,terca
461,18.14,2010,MAIO,5,19,quarta
461,18.14,2010,MAIO,5,20,quinta
461,18.14,2010,MAIO,5,21,sexta
461,18.14,2010,MAIO,5,22,sabado
461,18.14,2010,MAIO,5,23,domingo
461,18.14,2010,MAIO,5,24,segunda
461,18.14,2010,MAIO,5,25,terca
461,18.14,2010,MAIO,5,26,quarta
461,18.14,2010,MAIO,5,27,quinta
461,18.14,2010,MAIO,5,28,sexta
461,18.14,2010,MAIO,5,29,sabado
461,18.14,2010,MAIO,5,30,domingo
461,18.14,2010,MAIO,5,31,segunda
461,18.14,2010,JUNHO,6,1,terca
461,18.14,2010,JUNHO,6,2,quarta
461,18.14,2010,JUNHO,6,3,quinta
461,18.14,2010,JUNHO,6,4,sexta
461,18.14,2010,JUNHO,6,6,domingo
461,18.14,2010,JUNHO,6,7,sabado
461,18.14,2010,JUNHO,6,8,terca
461,18.14,2010,JUNHO,6,9,quarta
461,18.14,2010,JUNHO,6,10,quinta
461,18.14,2010,JUNHO,6,11,sexta
461,18.14,2010,JUNHO,6,13,domingo
461,18.14,2010,JUNHO,6,14,sabado
461,18.14,2010,JUNHO,6,15,terca
461,18.14,2010,JUNHO,6,16,quarta
461,18.14,2010,JUNHO,6,17,quinta
461,18.14,2010,JUNHO,6,18,sexta
461,18.14,2010,JUNHO,6,19,sabado
461,18.14,2010,JUNHO,6,20,domingo
461,18.14,2010,JUNHO,6,21,segunda
461,18.14,2010,JUNHO,6,22,terca
461,18.14,2010,JUNHO,6,23,quarta
461,18.14,2010,JUNHO,6,24,quinta
461,18.14,2010,JUNHO,6,25,sexta
461,18.14,2010,JUNHO,6,26,sabado
461,18.14,2010,JUNHO,6,27,domingo
461,18.14,2010,JUNHO,6,28,segunda
461,18.14,2010,JUNHO,6,29,terca
461,18.14,2010,JUNHO,6,30,quarta
461,18.14,2010,JULHO,7,1,quinta
461,18.14,2010,JULHO,7,2,sexta
461,18.14,2010,JULHO,7,3,sabado
461,18.14,2010,JULHO,7,4,domingo
461,18.14,2010,JULHO,7,5,segunda
461,18.14,2010,JULHO,7,6,terca
461,18.14,2010,JULHO,7,7,quarta
461,18.14,2010,JULHO,7,8,quinta
461,18.14,2010,JULHO,7,9,sexta
461,18.14,2010,JULHO,7,10,sabado
461,18.14,2010,JULHO,7,11,domingo
461,18.14,2010,JULHO,7,12,segunda
461,18.14,2010,JULHO,7,13,terca
461,18.14,2010,JULHO,7,14,quarta
461,18.14,2010,JULHO,7,15,quinta
461,18.14,2010,JULHO,7,16,sexta
461,18.14,2010,JULHO,7,17,sabado
461,18.14,2010,JULHO,7,18,domingo
461,18.14,2010,JULHO,7,19,segunda
461,18.14,2010,JULHO,7,20,terca
461,18.14,2010,JULHO,7,21,quarta
461,18.14,2010,JULHO,7,22,quinta
461,18.14,2010,JULHO,7,23,sexta
461,18.14,2010,JULHO,7,24,sabado
461,18.14,2010,JULHO,7,25,domingo
461,18.14,2010,JULHO,7,26,segunda
461,18.14,2010,JULHO,7,27,terca
461,18.14,2010,JULHO,7,28,quarta
461,18.14,2010,JULHO,7,29,quinta
461,18.14,2010,JULHO,7,30,sexta
461,18.14,2010,JULHO,7,31,sabado
461,18.14,2010,AGOSTO,8,1,domingo
461,18.14,2010,AGOSTO,8,2,segunda
461,18.14,2010,AGOSTO,8,3,terca
461,18.14,2010,AGOSTO,8,4,quarta
461,18.14,2010,AGOSTO,8,5,quinta
461,18.14,2010,AGOSTO,8,6,sexta
461,18.14,2010,AGOSTO,8,7,sabado
461,18.14,2010,AGOSTO,8,8,domingo
461,18.14,2010,AGOSTO,8,9,segunda
461,18.14,2010,AGOSTO,8,10,terca
461,18.14,2010,AGOSTO,8,11,quarta
461,18.14,2010,AGOSTO,8,12,quinta
461,18.14,2010,AGOSTO,8,13,sexta
461,18.14,2010,AGOSTO,8,14,sabado
461,18.14,2010,AGOSTO,8,15,domingo
461,18.14,2010,AGOSTO,8,16,segunda
461,18.14,2010,AGOSTO,8,17,terca
461,18.14,2010,AGOSTO,8,18,quarta
461,18.14,2010,AGOSTO,8,19,quinta
461,18.14,2010,AGOSTO,8,20,sexta
461,18.14,2010,AGOSTO,8,21,sabado
461,18.14,2010,AGOSTO,8,22,domingo
461,18.14,2010,AGOSTO,8,23,segunda
461,18.14,2010,AGOSTO,8,24,terca
461,18.14,2010,AGOSTO,8,25,quarta
461,18.14,2010,AGOSTO,8,26,quinta
461,18.14,2010,AGOSTO,8,27,sexta
461,18.14,2010,AGOSTO,8,28,sabado
461,18.14,2010,AGOSTO,8,29,domingo
461,18.14,2010,AGOSTO,8,30,segunda
461,18.14,2010,AGOSTO,8,31,terca
461,18.14,2010,SETEMBRO,9,1,quarta
461,18.14,2010,SETEMBRO,9,2,quinta
461,18.14,2010,SETEMBRO,9,3,sexta
461,18.14,2010,SETEMBRO,9,4,sabado
461,18.14,2010,SETEMBRO,9,5,domingo
461,18.14,2010,SETEMBRO,9,6,segunda
461,18.14,2010,SETEMBRO,9,7,terca
461,18.14,2010,SETEMBRO,9,8,quarta
461,18.14,2010,SETEMBRO,9,9,quinta
461,18.14,2010,SETEMBRO,9,10,sexta
461,18.14,2010,SETEMBRO,9,11,sabado
461,18.14,2010,SETEMBRO,9,12,domingo
461,18.14,2010,SETEMBRO,9,13,segunda
461,18.14,2010,SETEMBRO,9,14,terca
461,18.14,2010,SETEMBRO,9,15,quarta
461,18.14,2010,SETEMBRO,9,16,quinta
461,18.14,2010,SETEMBRO,9,17,sexta
461,18.14,2010,SETEMBRO,9,18,sabado
461,18.14,2010,SETEMBRO,9,19,domingo
461,18.14,2010,SETEMBRO,9,20,segunda
461,18.14,2010,SETEMBRO,9,21,terca
461,18.14,2010,SETEMBRO,9,22,quarta
461,18.14,2010,SETEMBRO,9,23,quinta
461,18.14,2010,SETEMBRO,9,24,sexta
461,18.14,2010,SETEMBRO,9,25,sabado
461,18.14,2010,SETEMBRO,9,26,domingo
461,18.14,2010,SETEMBRO,9,27,segunda
461,18.14,2010,SETEMBRO,9,28,terca
461,18.14,2010,SETEMBRO,9,29,quarta
461,18.14,2010,SETEMBRO,9,30,quinta
461,18.14,2010,OUTUBRO,10,1,sexta
461,18.14,2010,OUTUBRO,10,2,sabado
461,18.14,2010,OUTUBRO,10,3,domingo
461,18.14,2010,OUTUBRO,10,4,segunda
461,18.14,2010,OUTUBRO,10,5,terca
461,18.14,2010,OUTUBRO,10,6,quarta
461,18.14,2010,OUTUBRO,10,7,quinta
461,18.14,2010,OUTUBRO,10,8,sexta
461,18.14,2010,OUTUBRO,10,9,sabado
461,18.14,2010,OUTUBRO,10,10,domingo
461,18.14,2010,OUTUBRO,10,11,segunda
461,18.14,2010,OUTUBRO,10,12,terca
461,18.14,2010,OUTUBRO,10,13,quarta
461,18.14,2010,OUTUBRO,10,14,quinta
461,18.14,2010,OUTUBRO,10,15,sexta
461,18.14,2010,OUTUBRO,10,16,sabado
461,18.14,2010,OUTUBRO,10,17,domingo
461,18.14,2010,OUTUBRO,10,18,segunda
461,18.14,2010,OUTUBRO,10,19,terca
461,18.14,2010,OUTUBRO,10,20,quarta
461,18.14,2010,OUTUBRO,10,21,quinta
461,18.14,2010,OUTUBRO,10,22,sexta
461,18.14,2010,OUTUBRO,10,23,sabado
461,18.14,2010,OUTUBRO,10,24,domingo
461,18.14,2010,OUTUBRO,10,25,segunda
461,18.14,2010,OUTUBRO,10,26,terca
461,18.14,2010,OUTUBRO,10,27,quarta
461,18.14,2010,OUTUBRO,10,28,quinta
461,18.14,2010,OUTUBRO,10,29,sexta
461,18.14,2010,OUTUBRO,10,30,sabado
461,18.14,2010,OUTUBRO,10,31,domingo
461,18.14,2010,NOVEMBRO,11,1,segunda
461,18.14,2010,NOVEMBRO,11,2,terca
461,18.14,2010,NOVEMBRO,11,3,quarta
461,18.14,2010,NOVEMBRO,11,4,quinta
461,18.14,2010,NOVEMBRO,11,5,sexta
461,18.14,2010,NOVEMBRO,11,6,sabado
461,18.14,2010,NOVEMBRO,11,7,domingo
461,18.14,2010,NOVEMBRO,11,8,segunda
461,18.14,2010,NOVEMBRO,11,9,terca
461,18.14,2010,NOVEMBRO,11,10,quarta
461,18.14,2010,NOVEMBRO,11,11,quinta
461,18.14,2010,NOVEMBRO,11,12,sexta
461,18.14,2010,NOVEMBRO,11,13,sabado
461,18.14,2010,NOVEMBRO,11,14,domingo
461,18.14,2010,NOVEMBRO,11,15,segunda
461,18.14,2010,NOVEMBRO,11,16,terca
461,18.14,2010,NOVEMBRO,11,17,quarta
461,18.14,2010,NOVEMBRO,11,18,quinta
461,18.14,2010,NOVEMBRO,11,19,sexta
461,18.14,2010,NOVEMBRO,11,20,sabado
461,18.14,2010,NOVEMBRO,11,21,domingo
461,18.14,2010,NOVEMBRO,11,22,segunda
461,18.14,2010,NOVEMBRO,11,23,terca
461,18.14,2010,NOVEMBRO,11,24,quarta
461,18.14,2010,NOVEMBRO,11,25,quinta
461,18.14,2010,NOVEMBRO,11,26,sexta
461,18.14,2010,NOVEMBRO,11,27,sabado
461,18.14,2010,NOVEMBRO,11,28,domingo
461,18.14,2010,NOVEMBRO,11,29,segunda
461,18.14,2010,NOVEMBRO,11,30,terca
461,18.14,2010,DEZEMBRO,12,1,quarta
461,18.14,2010,DEZEMBRO,12,2,quinta
461,18.14,2010,DEZEMBRO,12,3,sexta
461,18.14,2010,DEZEMBRO,12,4,sabado
461,18.14,2010,DEZEMBRO,12,5,domingo
461,18.14,2010,DEZEMBRO,12,6,segunda
461,18.14,2010,DEZEMBRO,12,7,terca
461,18.14,2010,DEZEMBRO,12,8,quarta
461,18.14,2010,DEZEMBRO,12,9,quinta
461,18.14,2010,DEZEMBRO,12,10,sexta
461,18.14,2010,DEZEMBRO,12,11,sabado
461,18.14,2010,DEZEMBRO,12,12,domingo
461,18.14,2010,DEZEMBRO,12,13,segunda
461,18.14,2010,DEZEMBRO,12,14,terca
461,18.14,2010,DEZEMBRO,12,15,quarta
461,18.14,2010,DEZEMBRO,12,16,quinta
461,18.14,2010,DEZEMBRO,12,17,sexta
461,18.14,2010,DEZEMBRO,12,18,sabado
461,18.14,2010,DEZEMBRO,12,19,domingo
461,18.14,2010,DEZEMBRO,12,20,segunda
461,18.14,2010,DEZEMBRO,12,21,terca
461,18.14,2010,DEZEMBRO,12,22,quarta
461,18.14,2010,DEZEMBRO,12,23,quinta
461,18.14,2010,DEZEMBRO,12,24,sexta
461,18.14,2010,DEZEMBRO,12,25,sabado
461,18.14,2010,DEZEMBRO,12,26,domingo
461,18.14,2010,DEZEMBRO,12,27,segunda
461,18.14,2010,DEZEMBRO,12,28,terca
461,18.14,2010,DEZEMBRO,12,29,quarta
461,18.14,2010,DEZEMBRO,12,30,quinta
461,18.14,2010,DEZEMBRO,12,31,sexta
462,18.14,2011,JANEIRO,1,1,sabado
462,18.14,2011,JANEIRO,1,2,domingo
462,18.14,2011,JANEIRO,1,3,segunda
462,18.14,2011,JANEIRO,1,4,terca
462,18.14,2011,JANEIRO,1,5,quarta
462,18.14,2011,JANEIRO,1,6,quinta
462,18.14,2011,JANEIRO,1,7,sexta
462,18.14,2011,JANEIRO,1,8,sabado
462,18.14,2011,JANEIRO,1,9,domingo
462,18.14,2011,JANEIRO,1,10,segunda
462,18.14,2011,JANEIRO,1,11,terca
462,18.14,2011,JANEIRO,1,12,quarta
462,18.14,2011,JANEIRO,1,13,quinta
462,18.14,2011,JANEIRO,1,14,sexta
462,18.14,2011,JANEIRO,1,15,sabado
462,18.14,2011,JANEIRO,1,16,domingo
462,18.14,2011,JANEIRO,1,17,segunda
462,18.14,2011,JANEIRO,1,18,terca
462,18.14,2011,JANEIRO,1,19,quarta
462,18.14,2011,JANEIRO,1,20,quinta
462,18.14,2011,JANEIRO,1,21,sexta
462,18.14,2011,JANEIRO,1,22,sabado
462,18.14,2011,JANEIRO,1,23,domingo
462,18.14,2011,JANEIRO,1,24,segunda
462,18.14,2011,JANEIRO,1,25,terca
462,18.14,2011,JANEIRO,1,26,quarta
462,18.14,2011,JANEIRO,1,27,quinta
462,18.14,2011,JANEIRO,1,28,sexta
462,18.14,2011,JANEIRO,1,29,sabado
462,18.14,2011,JANEIRO,1,30,domingo
462,18.14,2011,JANEIRO,1,31,segunda
462,18.14,2011,FEVEREIRO,2,1,terca
462,18.14,2011,FEVEREIRO,2,2,quarta
462,18.14,2011,FEVEREIRO,2,3,quinta
462,18.14,2011,FEVEREIRO,2,4,sexta
462,18.14,2011,FEVEREIRO,2,6,domingo
462,18.14,2011,FEVEREIRO,2,7,sabado
462,18.14,2011,FEVEREIRO,2,8,terca
462,18.14,2011,FEVEREIRO,2,9,quarta
462,18.14,2011,FEVEREIRO,2,10,quinta
462,18.14,2011,FEVEREIRO,2,11,sexta
462,18.14,2011,FEVEREIRO,2,12,sabado
462,18.14,2011,FEVEREIRO,2,13,domingo
462,18.14,2011,FEVEREIRO,2,14,segunda
462,18.14,2011,FEVEREIRO,2,15,terca
462,18.14,2011,FEVEREIRO,2,16,quarta
462,18.14,2011,FEVEREIRO,2,17,quinta
462,18.14,2011,FEVEREIRO,2,18,sexta
462,18.14,2011,FEVEREIRO,2,19,sabado
462,18.14,2011,FEVEREIRO,2,20,domingo
462,18.14,2011,FEVEREIRO,2,21,segunda
462,18.14,2011,FEVEREIRO,2,22,terca
462,18.14,2011,FEVEREIRO,2,23,quarta
462,18.14,2011,FEVEREIRO,2,24,quinta
462,18.14,2011,FEVEREIRO,2,25,sexta
462,18.14,2011,FEVEREIRO,2,26,sabado
462,18.14,2011,FEVEREIRO,2,27,domingo
462,18.14,2011,FEVEREIRO,2,28,segunda
462,18.14,2011,MARÇO,3,1,terca
462,18.14,2011,MARÇO,3,2,quarta
462,18.14,2011,MARÇO,3,3,quinta
462,18.14,2011,MARÇO,3,4,sexta
462,18.14,2011,MARÇO,3,6,domingo
462,18.14,2011,MARÇO,3,7,sabado
462,18.14,2011,MARÇO,3,8,terca
462,18.14,2011,MARÇO,3,9,quarta
462,18.14,2011,MARÇO,3,10,quinta
462,18.14,2011,MARÇO,3,11,sexta
462,18.14,2011,MARÇO,3,12,sabado
462,18.14,2011,MARÇO,3,13,domingo
462,18.14,2011,MARÇO,3,14,segunda
462,18.14,2011,MARÇO,3,15,terca
462,18.14,2011,MARÇO,3,16,quarta
462,18.14,2011,MARÇO,3,17,quinta
462,18.14,2011,MARÇO,3,18,sexta
462,18.14,2011,MARÇO,3,19,sabado
462,18.14,2011,MARÇO,3,20,domingo
462,18.14,2011,MARÇO,3,21,segunda
462,18.14,2011,MARÇO,3,22,terca
462,18.14,2011,MARÇO,3,23,quarta
462,18.14,2011,MARÇO,3,24,quinta
462,18.14,2011,MARÇO,3,25,sexta
462,18.14,2011,MARÇO,3,26,sabado
462,18.14,2011,MARÇO,3,27,domingo
462,18.14,2011,MARÇO,3,28,segunda
462,18.14,2011,MARÇO,3,29,terca
462,18.14,2011,MARÇO,3,30,quarta
462,18.14,2011,MARÇO,3,31,quinta
462,18.14,2011,ABRIL,4,1,sexta
462,18.14,2011,ABRIL,4,2,sabado
462,18.14,2011,ABRIL,4,3,domingo
462,18.14,2011,ABRIL,4,4,segunda
462,18.14,2011,ABRIL,4,5,terca
462,18.14,2011,ABRIL,4,6,quarta
462,18.14,2011,ABRIL,4,7,quinta
462,18.14,2011,ABRIL,4,8,sexta
462,18.14,2011,ABRIL,4,9,sabado
462,18.14,2011,ABRIL,4,10,domingo
462,18.14,2011,ABRIL,4,11,segunda
462,18.14,2011,ABRIL,4,12,terca
462,18.14,2011,ABRIL,4,13,quarta
462,18.14,2011,ABRIL,4,14,quinta
462,18.14,2011,ABRIL,4,15,sexta
462,18.14,2011,ABRIL,4,16,sabado
462,18.14,2011,ABRIL,4,17,domingo
462,18.14,2011,ABRIL,4,18,segunda
462,18.14,2011,ABRIL,4,19,terca
462,18.14,2011,ABRIL,4,20,quarta
462,18.14,2011,ABRIL,4,21,quinta
462,18.14,2011,ABRIL,4,22,sexta
462,18.14,2011,ABRIL,4,23,sabado
462,18.14,2011,ABRIL,4,24,domingo
462,18.14,2011,ABRIL,4,25,segunda
462,18.14,2011,ABRIL,4,26,terca
462,18.14,2011,ABRIL,4,27,quarta
462,18.14,2011,ABRIL,4,28,quinta
462,18.14,2011,ABRIL,4,29,sexta
462,18.14,2011,ABRIL,4,30,sabado
462,18.14,2011,MAIO,5,1,domingo
462,18.14,2011,MAIO,5,2,segunda
462,18.14,2011,MAIO,5,3,terca
462,18.14,2011,MAIO,5,4,quarta
462,18.14,2011,MAIO,5,5,quinta
462,18.14,2011,MAIO,5,6,sexta
462,18.14,2011,MAIO,5,7,sabado
462,18.14,2011,MAIO,5,8,domingo
462,18.14,2011,MAIO,5,9,segunda
462,18.14,2011,MAIO,5,10,terca
462,18.14,2011,MAIO,5,11,quarta
462,18.14,2011,MAIO,5,12,quinta
462,18.14,2011,MAIO,5,13,sexta
462,18.14,2011,MAIO,5,14,sabado
462,18.14,2011,MAIO,5,15,domingo
462,18.14,2011,MAIO,5,16,segunda
462,18.14,2011,MAIO,5,17,terca
462,18.14,2011,MAIO,5,18,quarta
462,18.14,2011,MAIO,5,19,quinta
462,18.14,2011,MAIO,5,20,sexta
462,18.14,2011,MAIO,5,21,sabado
462,18.14,2011,MAIO,5,22,domingo
462,18.14,2011,MAIO,5,23,segunda
462,18.14,2011,MAIO,5,24,terca
462,18.14,2011,MAIO,5,25,quarta
462,18.14,2011,MAIO,5,26,quinta
462,18.14,2011,MAIO,5,27,sexta
462,18.14,2011,MAIO,5,28,sabado
462,18.14,2011,MAIO,5,29,domingo
462,18.14,2011,MAIO,5,30,segunda
462,18.14,2011,MAIO,5,31,terca
462,18.14,2011,JUNHO,6,1,quarta
462,18.14,2011,JUNHO,6,2,quinta
462,18.14,2011,JUNHO,6,3,sexta
462,18.14,2011,JUNHO,6,4,sabado
462,18.14,2011,JUNHO,6,5,domingo
462,18.14,2011,JUNHO,6,6,segunda
462,18.14,2011,JUNHO,6,7,terca
462,18.14,2011,JUNHO,6,8,quarta
462,18.14,2011,JUNHO,6,9,quinta
462,18.14,2011,JUNHO,6,10,sexta
462,18.14,2011,JUNHO,6,11,sabado
462,18.14,2011,JUNHO,6,12,domingo
462,18.14,2011,JUNHO,6,13,segunda
462,18.14,2011,JUNHO,6,14,terca
462,18.14,2011,JUNHO,6,15,quarta
462,18.14,2011,JUNHO,6,16,quinta
462,18.14,2011,JUNHO,6,17,sexta
462,18.14,2011,JUNHO,6,18,sabado
462,18.14,2011,JUNHO,6,19,domingo
462,18.14,2011,JUNHO,6,20,segunda
462,18.14,2011,JUNHO,6,21,terca
462,18.14,2011,JUNHO,6,22,quarta
462,18.14,2011,JUNHO,6,23,quinta
462,18.14,2011,JUNHO,6,24,sexta
462,18.14,2011,JUNHO,6,25,sabado
462,18.14,2011,JUNHO,6,26,domingo
462,18.14,2011,JUNHO,6,27,segunda
462,18.14,2011,JUNHO,6,28,terca
462,18.14,2011,JUNHO,6,29,quarta
462,18.14,2011,JUNHO,6,30,quinta
462,18.14,2011,JULHO,7,1,sexta
462,18.14,2011,JULHO,7,2,sabado
462,18.14,2011,JULHO,7,3,domingo
462,18.14,2011,JULHO,7,4,segunda
462,18.14,2011,JULHO,7,5,terca
462,18.14,2011,JULHO,7,6,quarta
462,18.14,2011,JULHO,7,7,quinta
462,18.14,2011,JULHO,7,8,sexta
462,18.14,2011,JULHO,7,9,sabado
462,18.14,2011,JULHO,7,10,domingo
462,18.14,2011,JULHO,7,11,segunda
462,18.14,2011,JULHO,7,12,terca
462,18.14,2011,JULHO,7,13,quarta
462,18.14,2011,JULHO,7,14,quinta
462,18.14,2011,JULHO,7,15,sexta
462,18.14,2011,JULHO,7,16,sabado
462,18.14,2011,JULHO,7,17,domingo
462,18.14,2011,JULHO,7,18,segunda
462,18.14,2011,JULHO,7,19,terca
462,18.14,2011,JULHO,7,20,quarta
462,18.14,2011,JULHO,7,21,quinta
462,18.14,2011,JULHO,7,22,sexta
462,18.14,2011,JULHO,7,23,sabado
462,18.14,2011,JULHO,7,24,domingo
462,18.14,2011,JULHO,7,25,segunda
462,18.14,2011,JULHO,7,26,terca
462,18.14,2011,JULHO,7,27,quarta
462,18.14,2011,JULHO,7,28,quinta
462,18.14,2011,JULHO,7,29,sexta
462,18.14,2011,JULHO,7,30,sabado
462,18.14,2011,JULHO,7,31,domingo
462,18.14,2011,AGOSTO,8,1,segunda
462,18.14,2011,AGOSTO,8,2,terca
462,18.14,2011,AGOSTO,8,3,quarta
462,18.14,2011,AGOSTO,8,4,quinta
462,18.14,2011,AGOSTO,8,5,sexta
462,18.14,2011,AGOSTO,8,6,sabado
462,18.14,2011,AGOSTO,8,7,domingo
462,18.14,2011,AGOSTO,8,8,segunda
462,18.14,2011,AGOSTO,8,9,terca
462,18.14,2011,AGOSTO,8,10,quarta
462,18.14,2011,AGOSTO,8,11,quinta
462,18.14,2011,AGOSTO,8,12,sexta
462,18.14,2011,AGOSTO,8,13,sabado
462,18.14,2011,AGOSTO,8,14,domingo
462,18.14,2011,AGOSTO,8,15,segunda
462,18.14,2011,AGOSTO,8,16,terca
462,18.14,2011,AGOSTO,8,17,quarta
462,18.14,2011,AGOSTO,8,18,quinta
462,18.14,2011,AGOSTO,8,19,sexta
462,18.14,2011,AGOSTO,8,20,sabado
462,18.14,2011,AGOSTO,8,21,domingo
462,18.14,2011,AGOSTO,8,22,segunda
462,18.14,2011,AGOSTO,8,23,terca
462,18.14,2011,AGOSTO,8,24,quarta
462,18.14,2011,AGOSTO,8,25,quinta
462,18.14,2011,AGOSTO,8,26,sexta
462,18.14,2011,AGOSTO,8,27,sabado
462,18.14,2011,AGOSTO,8,28,domingo
462,18.14,2011,AGOSTO,8,29,segunda
462,18.14,2011,AGOSTO,8,30,terca
462,18.14,2011,AGOSTO,8,31,quarta
462,18.14,2011,SETEMBRO,9,1,quinta
462,18.14,2011,SETEMBRO,9,2,sexta
462,18.14,2011,SETEMBRO,9,3,sabado
462,18.14,2011,SETEMBRO,9,4,domingo
462,18.14,2011,SETEMBRO,9,5,segunda
462,18.14,2011,SETEMBRO,9,6,terca
462,18.14,2011,SETEMBRO,9,7,quarta
462,18.14,2011,SETEMBRO,9,8,quinta
462,18.14,2011,SETEMBRO,9,9,sexta
462,18.14,2011,SETEMBRO,9,10,sabado
462,18.14,2011,SETEMBRO,9,11,domingo
462,18.14,2011,SETEMBRO,9,12,segunda
462,18.14,2011,SETEMBRO,9,13,terca
462,18.14,2011,SETEMBRO,9,14,quarta
462,18.14,2011,SETEMBRO,9,15,quinta
462,18.14,2011,SETEMBRO,9,16,sexta
462,18.14,2011,SETEMBRO,9,17,sabado
462,18.14,2011,SETEMBRO,9,18,domingo
462,18.14,2011,SETEMBRO,9,19,segunda
462,18.14,2011,SETEMBRO,9,20,terca
462,18.14,2011,SETEMBRO,9,21,quarta
462,18.14,2011,SETEMBRO,9,22,quinta
462,18.14,2011,SETEMBRO,9,23,sexta
462,18.14,2011,SETEMBRO,9,24,sabado
462,18.14,2011,SETEMBRO,9,25,domingo
462,18.14,2011,SETEMBRO,9,26,segunda
462,18.14,2011,SETEMBRO,9,27,terca
462,18.14,2011,SETEMBRO,9,28,quarta
462,18.14,2011,SETEMBRO,9,29,quinta
462,18.14,2011,SETEMBRO,9,30,sexta
462,18.14,2011,OUTUBRO,10,1,sabado
462,18.14,2011,OUTUBRO,10,2,domingo
462,18.14,2011,OUTUBRO,10,3,segunda
462,18.14,2011,OUTUBRO,10,4,terca
462,18.14,2011,OUTUBRO,10,5,quarta
462,18.14,2011,OUTUBRO,10,6,quinta
462,18.14,2011,OUTUBRO,10,7,sexta
462,18.14,2011,OUTUBRO,10,8,sabado
462,18.14,2011,OUTUBRO,10,9,domingo
462,18.14,2011,OUTUBRO,10,10,segunda
462,18.14,2011,OUTUBRO,10,11,terca
462,18.14,2011,OUTUBRO,10,12,quarta
462,18.14,2011,OUTUBRO,10,13,quinta
462,18.14,2011,OUTUBRO,10,14,sexta
462,18.14,2011,OUTUBRO,10,15,sabado
462,18.14,2011,OUTUBRO,10,16,domingo
462,18.14,2011,OUTUBRO,10,17,segunda
462,18.14,2011,OUTUBRO,10,18,terca
462,18.14,2011,OUTUBRO,10,19,quarta
462,18.14,2011,OUTUBRO,10,20,quinta
462,18.14,2011,OUTUBRO,10,21,sexta
462,18.14,2011,OUTUBRO,10,22,sabado
462,18.14,2011,OUTUBRO,10,23,domingo
462,18.14,2011,OUTUBRO,10,24,segunda
462,18.14,2011,OUTUBRO,10,25,terca
462,18.14,2011,OUTUBRO,10,26,quarta
462,18.14,2011,OUTUBRO,10,27,quinta
462,18.14,2011,OUTUBRO,10,28,sexta
462,18.14,2011,OUTUBRO,10,29,sabado
462,18.14,2011,OUTUBRO,10,30,domingo
462,18.14,2011,OUTUBRO,10,31,segunda
462,18.14,2011,NOVEMBRO,11,1,terca
462,18.14,2011,NOVEMBRO,11,2,quarta
462,18.14,2011,NOVEMBRO,11,3,quinta
462,18.14,2011,NOVEMBRO,11,4,sexta
462,18.14,2011,NOVEMBRO,11,6,domingo
462,18.14,2011,NOVEMBRO,11,7,sabado
462,18.14,2011,NOVEMBRO,11,8,terca
462,18.14,2011,NOVEMBRO,11,9,quarta
462,18.14,2011,NOVEMBRO,11,10,quinta
462,18.14,2011,NOVEMBRO,11,11,sexta
462,18.14,2011,NOVEMBRO,11,12,sabado
462,18.14,2011,NOVEMBRO,11,13,domingo
462,18.14,2011,NOVEMBRO,11,14,segunda
462,18.14,2011,NOVEMBRO,11,15,terca
462,18.14,2011,NOVEMBRO,11,16,quarta
462,18.14,2011,NOVEMBRO,11,17,quinta
462,18.14,2011,NOVEMBRO,11,18,sexta
462,18.14,2011,NOVEMBRO,11,19,sabado
462,18.14,2011,NOVEMBRO,11,20,domingo
462,18.14,2011,NOVEMBRO,11,21,segunda
462,18.14,2011,NOVEMBRO,11,22,terca
462,18.14,2011,NOVEMBRO,11,23,quarta
462,18.14,2011,NOVEMBRO,11,24,quinta
462,18.14,2011,NOVEMBRO,11,25,sexta
462,18.14,2011,NOVEMBRO,11,26,sabado
462,18.14,2011,NOVEMBRO,11,27,domingo
462,18.14,2011,NOVEMBRO,11,28,segunda
462,18.14,2011,NOVEMBRO,11,29,terca
462,18.14,2011,NOVEMBRO,11,30,quarta
462,18.14,2011,DEZEMBRO,12,1,quinta
462,18.14,2011,DEZEMBRO,12,2,sexta
462,18.14,2011,DEZEMBRO,12,3,sabado
462,18.14,2011,DEZEMBRO,12,4,domingo
462,18.14,2011,DEZEMBRO,12,5,segunda
462,18.14,2011,DEZEMBRO,12,6,terca
462,18.14,2011,DEZEMBRO,12,7,quarta
462,18.14,2011,DEZEMBRO,12,8,quinta
462,18.14,2011,DEZEMBRO,12,9,sexta
462,18.14,2011,DEZEMBRO,12,10,sabado
462,18.14,2011,DEZEMBRO,12,11,domingo
462,18.14,2011,DEZEMBRO,12,12,segunda
462,18.14,2011,DEZEMBRO,12,13,terca
462,18.14,2011,DEZEMBRO,12,14,quarta
462,18.14,2011,DEZEMBRO,12,15,quinta
462,18.14,2011,DEZEMBRO,12,16,sexta
462,18.14,2011,DEZEMBRO,12,17,sabado
462,18.14,2011,DEZEMBRO,12,18,domingo
462,18.14,2011,DEZEMBRO,12,19,segunda
462,18.14,2011,DEZEMBRO,12,20,terca
462,18.14,2011,DEZEMBRO,12,21,quarta
462,18.14,2011,DEZEMBRO,12,22,quinta
462,18.14,2011,DEZEMBRO,12,23,sexta
462,18.14,2011,DEZEMBRO,12,24,sabado
462,18.14,2011,DEZEMBRO,12,25,domingo
462,18.14,2011,DEZEMBRO,12,26,segunda
462,18.14,2011,DEZEMBRO,12,27,terca
462,18.14,2011,DEZEMBRO,12,28,quarta
462,18.14,2011,DEZEMBRO,12,29,quinta
462,18.14,2011,DEZEMBRO,12,30,sexta
462,18.14,2011,DEZEMBRO,12,31,sabado
462,18.14,2012,JANEIRO,1,1,domingo
462,18.14,2012,JANEIRO,1,2,segunda
462,18.14,2012,JANEIRO,1,3,terca
462,18.14,2012,JANEIRO,1,4,quarta
462,18.14,2012,JANEIRO,1,5,quinta
462,18.14,2012,JANEIRO,1,6,sexta
462,18.14,2012,JANEIRO,1,7,sabado
462,18.14,2012,JANEIRO,1,8,domingo
462,18.14,2012,JANEIRO,1,9,segunda
462,18.14,2012,JANEIRO,1,10,terca
462,18.14,2012,JANEIRO,1,11,quarta
462,18.14,2012,JANEIRO,1,12,quinta
462,18.14,2012,JANEIRO,1,13,sexta
462,18.14,2012,JANEIRO,1,14,sabado
462,18.14,2012,JANEIRO,1,15,domingo
462,18.14,2012,JANEIRO,1,16,segunda
462,18.14,2012,JANEIRO,1,17,terca
462,18.14,2012,JANEIRO,1,18,quarta
462,18.14,2012,JANEIRO,1,19,quinta
462,18.14,2012,JANEIRO,1,20,sexta
462,18.14,2012,JANEIRO,1,21,sabado
462,18.14,2012,JANEIRO,1,22,domingo
462,18.14,2012,JANEIRO,1,23,segunda
462,18.14,2012,JANEIRO,1,24,terca
462,18.14,2012,JANEIRO,1,25,quarta
462,18.14,2012,JANEIRO,1,26,quinta
462,18.14,2012,JANEIRO,1,27,sexta
462,18.14,2012,JANEIRO,1,28,sabado
462,18.14,2012,JANEIRO,1,29,domingo
462,18.14,2012,JANEIRO,1,30,segunda
462,18.14,2012,JANEIRO,1,31,terca
462,18.14,2012,FEVEREIRO,2,1,quarta
462,18.14,2012,FEVEREIRO,2,2,quinta
462,18.14,2012,FEVEREIRO,2,3,sexta
462,18.14,2012,FEVEREIRO,2,4,sabado
462,18.14,2012,FEVEREIRO,2,5,domingo
462,18.14,2012,FEVEREIRO,2,6,segunda
462,18.14,2012,FEVEREIRO,2,7,terca
462,18.14,2012,FEVEREIRO,2,8,quarta
462,18.14,2012,FEVEREIRO,2,9,quinta
462,18.14,2012,FEVEREIRO,2,10,sexta
462,18.14,2012,FEVEREIRO,2,11,sabado
462,18.14,2012,FEVEREIRO,2,12,domingo
462,18.14,2012,FEVEREIRO,2,13,segunda
462,18.14,2012,FEVEREIRO,2,14,terca
462,18.14,2012,FEVEREIRO,2,15,quarta
462,18.14,2012,FEVEREIRO,2,16,quinta
462,18.14,2012,FEVEREIRO,2,17,sexta
462,18.14,2012,FEVEREIRO,2,18,sabado
462,18.14,2012,FEVEREIRO,2,19,domingo
462,18.14,2012,FEVEREIRO,2,20,segunda
462,18.14,2012,FEVEREIRO,2,21,terca
462,18.14,2012,FEVEREIRO,2,22,quarta
462,18.14,2012,FEVEREIRO,2,23,quinta
462,18.14,2012,FEVEREIRO,2,24,sexta
462,18.14,2012,FEVEREIRO,2,25,sabado
462,18.14,2012,FEVEREIRO,2,26,domingo
462,18.14,2012,FEVEREIRO,2,27,segunda
462,18.14,2012,FEVEREIRO,2,28,terca
462,18.14,2012,FEVEREIRO,2,29,quarta
462,18.14,2012,MARÇO,3,1,quinta
462,18.14,2012,MARÇO,3,2,sexta
462,18.14,2012,MARÇO,3,3,sabado
462,18.14,2012,MARÇO,3,4,domingo
462,18.14,2012,MARÇO,3,5,segunda
462,18.14,2012,MARÇO,3,6,terca
462,18.14,2012,MARÇO,3,7,quarta
462,18.14,2012,MARÇO,3,8,quinta
462,18.14,2012,MARÇO,3,9,sexta
462,18.14,2012,MARÇO,3,10,sabado
462,18.14,2012,MARÇO,3,11,domingo
462,18.14,2012,MARÇO,3,12,segunda
462,18.14,2012,MARÇO,3,13,terca
462,18.14,2012,MARÇO,3,14,quarta
462,18.14,2012,MARÇO,3,15,quinta
462,18.14,2012,MARÇO,3,16,sexta
462,18.14,2012,MARÇO,3,17,sabado
462,18.14,2012,MARÇO,3,18,domingo
462,18.14,2012,MARÇO,3,19,segunda
462,18.14,2012,MARÇO,3,20,terca
462,18.14,2012,MARÇO,3,21,quarta
462,18.14,2012,MARÇO,3,22,quinta
462,18.14,2012,MARÇO,3,23,sexta
462,18.14,2012,MARÇO,3,24,sabado
462,18.14,2012,MARÇO,3,25,domingo
462,18.14,2012,MARÇO,3,26,segunda
462,18.14,2012,MARÇO,3,27,terca
462,18.14,2012,MARÇO,3,28,quarta
462,18.14,2012,MARÇO,3,29,quinta
462,18.14,2012,MARÇO,3,30,sexta
462,18.14,2012,MARÇO,3,31,sabado
462,18.14,2012,ABRIL,4,1,domingo
462,18.14,2012,ABRIL,4,2,segunda
462,18.14,2012,ABRIL,4,3,terca
462,18.14,2012,ABRIL,4,4,quarta
462,18.14,2012,ABRIL,4,5,quinta
462,18.14,2012,ABRIL,4,6,sexta
462,18.14,2012,ABRIL,4,7,sabado
462,18.14,2012,ABRIL,4,8,domingo
462,18.14,2012,ABRIL,4,9,segunda
462,18.14,2012,ABRIL,4,10,terca
462,18.14,2012,ABRIL,4,11,quarta
462,18.14,2012,ABRIL,4,12,quinta
462,18.14,2012,ABRIL,4,13,sexta
462,18.14,2012,ABRIL,4,14,sabado
462,18.14,2012,ABRIL,4,15,domingo
462,18.14,2012,ABRIL,4,16,segunda
462,18.14,2012,ABRIL,4,17,terca
462,18.14,2012,ABRIL,4,18,quarta
462,18.14,2012,ABRIL,4,19,quinta
462,18.14,2012,ABRIL,4,20,sexta
462,18.14,2012,ABRIL,4,21,sabado
462,18.14,2012,ABRIL,4,22,domingo
462,18.14,2012,ABRIL,4,23,segunda
462,18.14,2012,ABRIL,4,24,terca
462,18.14,2012,ABRIL,4,25,quarta
462,18.14,2012,ABRIL,4,26,quinta
462,18.14,2012,ABRIL,4,27,sexta
462,18.14,2012,ABRIL,4,28,sabado
462,18.14,2012,ABRIL,4,29,domingo
462,18.14,2012,ABRIL,4,30,segunda
462,18.14,2012,MAIO,5,1,terca
462,18.14,2012,MAIO,5,2,quarta
462,18.14,2012,MAIO,5,3,quinta
462,18.14,2012,MAIO,5,4,sexta
462,18.14,2012,MAIO,5,6,domingo
462,18.14,2012,MAIO,5,7,sabado
462,18.14,2012,MAIO,5,8,terca
462,18.14,2012,MAIO,5,9,quarta
462,18.14,2012,MAIO,5,10,quinta
462,18.14,2012,MAIO,5,11,sexta
462,18.14,2012,MAIO,5,13,domingo
462,18.14,2012,MAIO,5,14,sabado
462,18.14,2012,MAIO,5,15,terca
462,18.14,2012,MAIO,5,16,quarta
462,18.14,2012,MAIO,5,17,quinta
462,18.14,2012,MAIO,5,18,sexta
462,18.14,2012,MAIO,5,19,sabado
462,18.14,2012,MAIO,5,20,domingo
462,18.14,2012,MAIO,5,21,segunda
462,18.14,2012,MAIO,5,22,terca
462,18.14,2012,MAIO,5,23,quarta
462,18.14,2012,MAIO,5,24,quinta
462,18.14,2012,MAIO,5,25,sexta
462,18.14,2012,MAIO,5,26,sabado
462,18.14,2012,MAIO,5,27,domingo
462,18.14,2012,MAIO,5,28,segunda
462,18.14,2012,MAIO,5,29,terca
462,18.14,2012,MAIO,5,30,quarta
462,18.14,2012,MAIO,5,31,quinta
462,18.14,2012,JUNHO,6,1,sexta
462,18.14,2012,JUNHO,6,2,sabado
462,18.14,2012,JUNHO,6,3,domingo
462,18.14,2012,JUNHO,6,4,segunda
462,18.14,2012,JUNHO,6,5,terca
462,18.14,2012,JUNHO,6,6,quarta
462,18.14,2012,JUNHO,6,7,quinta
462,18.14,2012,JUNHO,6,8,sexta
462,18.14,2012,JUNHO,6,9,sabado
462,18.14,2012,JUNHO,6,10,domingo
462,18.14,2012,JUNHO,6,11,segunda
462,18.14,2012,JUNHO,6,12,terca
462,18.14,2012,JUNHO,6,13,quarta
462,18.14,2012,JUNHO,6,14,quinta
462,18.14,2012,JUNHO,6,15,sexta
462,18.14,2012,JUNHO,6,16,sabado
462,18.14,2012,JUNHO,6,17,domingo
462,18.14,2012,JUNHO,6,18,segunda
462,18.14,2012,JUNHO,6,19,terca
462,18.14,2012,JUNHO,6,20,quarta
462,18.14,2012,JUNHO,6,21,quinta
462,18.14,2012,JUNHO,6,22,sexta
462,18.14,2012,JUNHO,6,23,sabado
462,18.14,2012,JUNHO,6,24,domingo
462,18.14,2012,JUNHO,6,25,segunda
462,18.14,2012,JUNHO,6,26,terca
462,18.14,2012,JUNHO,6,27,quarta
462,18.14,2012,JUNHO,6,28,quinta
462,18.14,2012,JUNHO,6,29,sexta
462,18.14,2012,JUNHO,6,30,sabado
462,18.14,2012,JULHO,7,1,domingo
462,18.14,2012,JULHO,7,2,segunda
462,18.14,2012,JULHO,7,3,terca
462,18.14,2012,JULHO,7,4,quarta
462,18.14,2012,JULHO,7,5,quinta
462,18.14,2012,JULHO,7,6,sexta
462,18.14,2012,JULHO,7,7,sabado
462,18.14,2012,JULHO,7,8,domingo
462,18.14,2012,JULHO,7,9,segunda
462,18.14,2012,JULHO,7,10,terca
462,18.14,2012,JULHO,7,11,quarta
462,18.14,2012,JULHO,7,12,quinta
462,18.14,2012,JULHO,7,13,sexta
462,18.14,2012,JULHO,7,14,sabado
462,18.14,2012,JULHO,7,15,domingo
462,18.14,2012,JULHO,7,16,segunda
462,18.14,2012,JULHO,7,17,terca
462,18.14,2012,JULHO,7,18,quarta
462,18.14,2012,JULHO,7,19,quinta
462,18.14,2012,JULHO,7,20,sexta
462,18.14,2012,JULHO,7,21,sabado
462,18.14,2012,JULHO,7,22,domingo
462,18.14,2012,JULHO,7,23,segunda
462,18.14,2012,JULHO,7,24,terca
462,18.14,2012,JULHO,7,25,quarta
462,18.14,2012,JULHO,7,26,quinta
462,18.14,2012,JULHO,7,27,sexta
462,18.14,2012,JULHO,7,28,sabado
462,18.14,2012,JULHO,7,29,domingo
462,18.14,2012,JULHO,7,30,segunda
462,18.14,2012,JULHO,7,31,terca
462,18.14,2012,AGOSTO,8,1,quarta
462,18.14,2012,AGOSTO,8,2,quinta
462,18.14,2012,AGOSTO,8,3,sexta
462,18.14,2012,AGOSTO,8,4,sabado
462,18.14,2012,AGOSTO,8,5,domingo
462,18.14,2012,AGOSTO,8,6,segunda
462,18.14,2012,AGOSTO,8,7,terca
462,18.14,2012,AGOSTO,8,8,quarta
462,18.14,2012,AGOSTO,8,9,quinta
462,18.14,2012,AGOSTO,8,10,sexta
462,18.14,2012,AGOSTO,8,11,sabado
462,18.14,2012,AGOSTO,8,12,domingo
462,18.14,2012,AGOSTO,8,13,segunda
462,18.14,2012,AGOSTO,8,14,terca
462,18.14,2012,AGOSTO,8,15,quarta
462,18.14,2012,AGOSTO,8,16,quinta
462,18.14,2012,AGOSTO,8,17,sexta
462,18.14,2012,AGOSTO,8,18,sabado
462,18.14,2012,AGOSTO,8,19,domingo
462,18.14,2012,AGOSTO,8,20,segunda
462,18.14,2012,AGOSTO,8,21,terca
462,18.14,2012,AGOSTO,8,22,quarta
462,18.14,2012,AGOSTO,8,23,quinta
462,18.14,2012,AGOSTO,8,24,sexta
462,18.14,2012,AGOSTO,8,25,sabado
462,18.14,2012,AGOSTO,8,26,domingo
462,18.14,2012,AGOSTO,8,27,segunda
462,18.14,2012,AGOSTO,8,28,terca
462,18.14,2012,AGOSTO,8,29,quarta
462,18.14,2012,AGOSTO,8,30,quinta
462,18.14,2012,AGOSTO,8,31,sexta
462,18.14,2012,SETEMBRO,9,1,sabado
462,18.14,2012,SETEMBRO,9,2,domingo
462,18.14,2012,SETEMBRO,9,3,segunda
462,18.14,2012,SETEMBRO,9,4,terca
462,18.14,2012,SETEMBRO,9,5,quarta
462,18.14,2012,SETEMBRO,9,6,quinta
462,18.14,2012,SETEMBRO,9,7,sexta
462,18.14,2012,SETEMBRO,9,8,sabado
462,18.14,2012,SETEMBRO,9,9,domingo
462,18.14,2012,SETEMBRO,9,10,segunda
462,18.14,2012,SETEMBRO,9,11,terca
462,18.14,2012,SETEMBRO,9,12,quarta
462,18.14,2012,SETEMBRO,9,13,quinta
462,18.14,2012,SETEMBRO,9,14,sexta
462,18.14,2012,SETEMBRO,9,15,sabado
462,18.14,2012,SETEMBRO,9,16,domingo
462,18.14,2012,SETEMBRO,9,17,segunda
462,18.14,2012,SETEMBRO,9,18,terca
462,18.14,2012,SETEMBRO,9,19,quarta
462,18.14,2012,SETEMBRO,9,20,quinta
462,18.14,2012,SETEMBRO,9,21,sexta
462,18.14,2012,SETEMBRO,9,22,sabado
462,18.14,2012,SETEMBRO,9,23,domingo
462,18.14,2012,SETEMBRO,9,24,segunda
462,18.14,2012,SETEMBRO,9,25,terca
462,18.14,2012,SETEMBRO,9,26,quarta
462,18.14,2012,SETEMBRO,9,27,quinta
462,18.14,2012,SETEMBRO,9,28,sexta
462,18.14,2012,SETEMBRO,9,29,sabado
462,18.14,2012,SETEMBRO,9,30,domingo
462,18.14,2012,OUTUBRO,10,1,segunda
462,18.14,2012,OUTUBRO,10,2,terca
462,18.14,2012,OUTUBRO,10,3,quarta
462,18.14,2012,OUTUBRO,10,4,quinta
462,18.14,2012,OUTUBRO,10,5,sexta
462,18.14,2012,OUTUBRO,10,6,sabado
462,18.14,2012,OUTUBRO,10,7,domingo
462,18.14,2012,OUTUBRO,10,8,segunda
462,18.14,2012,OUTUBRO,10,9,terca
462,18.14,2012,OUTUBRO,10,10,quarta
462,18.14,2012,OUTUBRO,10,11,quinta
462,18.14,2012,OUTUBRO,10,12,sexta
462,18.14,2012,OUTUBRO,10,13,sabado
462,18.14,2012,OUTUBRO,10,14,domingo
462,18.14,2012,OUTUBRO,10,15,segunda
462,18.14,2012,OUTUBRO,10,16,terca
462,18.14,2012,OUTUBRO,10,17,quarta
462,18.14,2012,OUTUBRO,10,18,quinta
462,18.14,2012,OUTUBRO,10,19,sexta
462,18.14,2012,OUTUBRO,10,20,sabado
462,18.14,2012,OUTUBRO,10,21,domingo
462,18.14,2012,OUTUBRO,10,22,segunda
462,18.14,2012,OUTUBRO,10,23,terca
462,18.14,2012,OUTUBRO,10,24,quarta
462,18.14,2012,OUTUBRO,10,25,quinta
462,18.14,2012,OUTUBRO,10,26,sexta
462,18.14,2012,OUTUBRO,10,27,sabado
462,18.14,2012,OUTUBRO,10,28,domingo
462,18.14,2012,OUTUBRO,10,29,segunda
462,18.14,2012,OUTUBRO,10,30,terca
462,18.14,2012,OUTUBRO,10,31,quarta
462,18.14,2012,NOVEMBRO,11,1,quinta
462,18.14,2012,NOVEMBRO,11,2,sexta
462,18.14,2012,NOVEMBRO,11,3,sabado
462,18.14,2012,NOVEMBRO,11,4,domingo
462,18.14,2012,NOVEMBRO,11,5,segunda
462,18.14,2012,NOVEMBRO,11,6,terca
462,18.14,2012,NOVEMBRO,11,7,quarta
462,18.14,2012,NOVEMBRO,11,8,quinta
462,18.14,2012,NOVEMBRO,11,9,sexta
462,18.14,2012,NOVEMBRO,11,10,sabado
462,18.14,2012,NOVEMBRO,11,11,domingo
462,18.14,2012,NOVEMBRO,11,12,segunda
462,18.14,2012,NOVEMBRO,11,13,terca
462,18.14,2012,NOVEMBRO,11,14,quarta
462,18.14,2012,NOVEMBRO,11,15,quinta
462,18.14,2012,NOVEMBRO,11,16,sexta
462,18.14,2012,NOVEMBRO,11,17,sabado
462,18.14,2012,NOVEMBRO,11,18,domingo
462,18.14,2012,NOVEMBRO,11,19,segunda
462,18.14,2012,NOVEMBRO,11,20,terca
462,18.14,2012,NOVEMBRO,11,21,quarta
462,18.14,2012,NOVEMBRO,11,22,quinta
462,18.14,2012,NOVEMBRO,11,23,sexta
462,18.14,2012,NOVEMBRO,11,24,sabado
462,18.14,2012,NOVEMBRO,11,25,domingo
462,18.14,2012,NOVEMBRO,11,26,segunda
462,18.14,2012,NOVEMBRO,11,27,terca
462,18.14,2012,NOVEMBRO,11,28,quarta
462,18.14,2012,NOVEMBRO,11,29,quinta
462,18.14,2012,NOVEMBRO,11,30,sexta
462,18.14,2012,DEZEMBRO,12,1,sabado
462,18.14,2012,DEZEMBRO,12,2,domingo
462,18.14,2012,DEZEMBRO,12,3,segunda
462,18.14,2012,DEZEMBRO,12,4,terca
462,18.14,2012,DEZEMBRO,12,5,quarta
462,18.14,2012,DEZEMBRO,12,6,quinta
462,18.14,2012,DEZEMBRO,12,7,sexta
462,18.14,2012,DEZEMBRO,12,8,sabado
462,18.14,2012,DEZEMBRO,12,9,domingo
462,18.14,2012,DEZEMBRO,12,10,segunda
462,18.14,2012,DEZEMBRO,12,11,terca
462,18.14,2012,DEZEMBRO,12,12,quarta
462,18.14,2012,DEZEMBRO,12,13,quinta
462,18.14,2012,DEZEMBRO,12,14,sexta
462,18.14,2012,DEZEMBRO,12,15,sabado
462,18.14,2012,DEZEMBRO,12,16,domingo
462,18.14,2012,DEZEMBRO,12,17,segunda
462,18.14,2012,DEZEMBRO,12,18,terca
462,18.14,2012,DEZEMBRO,12,19,quarta
462,18.14,2012,DEZEMBRO,12,20,quinta
462,18.14,2012,DEZEMBRO,12,21,sexta
462,18.14,2012,DEZEMBRO,12,22,sabado
462,18.14,2012,DEZEMBRO,12,23,domingo
462,18.14,2012,DEZEMBRO,12,24,segunda
462,18.14,2012,DEZEMBRO,12,25,terca
462,18.14,2012,DEZEMBRO,12,26,quarta
462,18.14,2012,DEZEMBRO,12,27,quinta
462,18.14,2012,DEZEMBRO,12,28,sexta
462,18.14,2012,DEZEMBRO,12,29,sabado
462,18.14,2012,DEZEMBRO,12,30,domingo
462,18.14,2012,DEZEMBRO,12,31,segunda
463,18.14,2013,JANEIRO,1,1,terca
463,18.14,2013,JANEIRO,1,2,quarta
463,18.14,2013,JANEIRO,1,3,quinta
463,18.14,2013,JANEIRO,1,4,sexta
463,18.14,2013,JANEIRO,1,6,domingo
463,18.14,2013,JANEIRO,1,7,sabado
463,18.14,2013,JANEIRO,1,8,terca
463,18.14,2013,JANEIRO,1,9,quarta
463,18.14,2013,JANEIRO,1,10,quinta
463,18.14,2013,JANEIRO,1,11,sexta
463,18.14,2013,JANEIRO,1,12,sabado
463,18.14,2013,JANEIRO,1,13,domingo
463,18.14,2013,JANEIRO,1,14,segunda
463,18.14,2013,JANEIRO,1,15,terca
463,18.14,2013,JANEIRO,1,16,quarta
463,18.14,2013,JANEIRO,1,17,quinta
463,18.14,2013,JANEIRO,1,18,sexta
463,18.14,2013,JANEIRO,1,19,sabado
463,18.14,2013,JANEIRO,1,20,domingo
463,18.14,2013,JANEIRO,1,21,segunda
463,18.14,2013,JANEIRO,1,22,terca
463,18.14,2013,JANEIRO,1,23,quarta
463,18.14,2013,JANEIRO,1,24,quinta
463,18.14,2013,JANEIRO,1,25,sexta
463,18.14,2013,JANEIRO,1,26,sabado
463,18.14,2013,JANEIRO,1,27,domingo
463,18.14,2013,JANEIRO,1,28,segunda
463,18.14,2013,JANEIRO,1,29,terca
463,18.14,2013,JANEIRO,1,30,quarta
463,18.14,2013,JANEIRO,1,31,quinta
463,18.14,2013,FEVEREIRO,2,1,sexta
463,18.14,2013,FEVEREIRO,2,2,sabado
463,18.14,2013,FEVEREIRO,2,3,domingo
463,18.14,2013,FEVEREIRO,2,4,segunda
463,18.14,2013,FEVEREIRO,2,5,terca
463,18.14,2013,FEVEREIRO,2,6,quarta
463,18.14,2013,FEVEREIRO,2,7,quinta
463,18.14,2013,FEVEREIRO,2,8,sexta
463,18.14,2013,FEVEREIRO,2,9,sabado
463,18.14,2013,FEVEREIRO,2,10,domingo
463,18.14,2013,FEVEREIRO,2,11,segunda
463,18.14,2013,FEVEREIRO,2,12,terca
463,18.14,2013,FEVEREIRO,2,13,quarta
463,18.14,2013,FEVEREIRO,2,14,quinta
463,18.14,2013,FEVEREIRO,2,15,sexta
463,18.14,2013,FEVEREIRO,2,16,sabado
463,18.14,2013,FEVEREIRO,2,17,domingo
463,18.14,2013,FEVEREIRO,2,18,segunda
463,18.14,2013,FEVEREIRO,2,19,terca
463,18.14,2013,FEVEREIRO,2,20,quarta
463,18.14,2013,FEVEREIRO,2,21,quinta
463,18.14,2013,FEVEREIRO,2,22,sexta
463,18.14,2013,FEVEREIRO,2,23,sabado
463,18.14,2013,FEVEREIRO,2,24,domingo
463,18.14,2013,FEVEREIRO,2,25,segunda
463,18.14,2013,FEVEREIRO,2,26,terca
463,18.14,2013,FEVEREIRO,2,27,quarta
463,18.14,2013,FEVEREIRO,2,28,quinta
463,18.14,2013,MARÇO,3,1,sexta
463,18.14,2013,MARÇO,3,2,sabado
463,18.14,2013,MARÇO,3,3,domingo
463,18.14,2013,MARÇO,3,4,segunda
463,18.14,2013,MARÇO,3,5,terca
463,18.14,2013,MARÇO,3,6,quarta
463,18.14,2013,MARÇO,3,7,quinta
463,18.14,2013,MARÇO,3,8,sexta
463,18.14,2013,MARÇO,3,9,sabado
463,18.14,2013,MARÇO,3,10,domingo
463,18.14,2013,MARÇO,3,11,segunda
463,18.14,2013,MARÇO,3,12,terca
463,18.14,2013,MARÇO,3,13,quarta
463,18.14,2013,MARÇO,3,14,quinta
463,18.14,2013,MARÇO,3,15,sexta
463,18.14,2013,MARÇO,3,16,sabado
463,18.14,2013,MARÇO,3,17,domingo
463,18.14,2013,MARÇO,3,18,segunda
463,18.14,2013,MARÇO,3,19,terca
463,18.14,2013,MARÇO,3,20,quarta
463,18.14,2013,MARÇO,3,21,quinta
463,18.14,2013,MARÇO,3,22,sexta
463,18.14,2013,MARÇO,3,23,sabado
463,18.14,2013,MARÇO,3,24,domingo
463,18.14,2013,MARÇO,3,25,segunda
463,18.14,2013,MARÇO,3,26,terca
463,18.14,2013,MARÇO,3,27,quarta
463,18.14,2013,MARÇO,3,28,quinta
463,18.14,2013,MARÇO,3,29,sexta
463,18.14,2013,MARÇO,3,30,sabado
463,18.14,2013,MARÇO,3,31,domingo
463,18.14,2013,ABRIL,4,1,segunda
463,18.14,2013,ABRIL,4,2,terca
463,18.14,2013,ABRIL,4,3,quarta
463,18.14,2013,ABRIL,4,4,quinta
463,18.14,2013,ABRIL,4,5,sexta
463,18.14,2013,ABRIL,4,6,sabado
463,18.14,2013,ABRIL,4,7,domingo
463,18.14,2013,ABRIL,4,8,segunda
463,18.14,2013,ABRIL,4,9,terca
463,18.14,2013,ABRIL,4,10,quarta
463,18.14,2013,ABRIL,4,11,quinta
463,18.14,2013,ABRIL,4,12,sexta
463,18.14,2013,ABRIL,4,13,sabado
463,18.14,2013,ABRIL,4,14,domingo
463,18.14,2013,ABRIL,4,15,segunda
463,18.14,2013,ABRIL,4,16,terca
463,18.14,2013,ABRIL,4,17,quarta
463,18.14,2013,ABRIL,4,18,quinta
463,18.14,2013,ABRIL,4,19,sexta
463,18.14,2013,ABRIL,4,20,sabado
463,18.14,2013,ABRIL,4,21,domingo
463,18.14,2013,ABRIL,4,22,segunda
463,18.14,2013,ABRIL,4,23,terca
463,18.14,2013,ABRIL,4,24,quarta
463,18.14,2013,ABRIL,4,25,quinta
463,18.14,2013,ABRIL,4,26,sexta
463,18.14,2013,ABRIL,4,27,sabado
463,18.14,2013,ABRIL,4,28,domingo
463,18.14,2013,ABRIL,4,29,segunda
463,18.14,2013,ABRIL,4,30,terca
463,18.14,2013,MAIO,5,1,quarta
463,18.14,2013,MAIO,5,2,quinta
463,18.14,2013,MAIO,5,3,sexta
463,18.14,2013,MAIO,5,4,sabado
463,18.14,2013,MAIO,5,5,domingo
463,18.14,2013,MAIO,5,6,segunda
463,18.14,2013,MAIO,5,7,terca
463,18.14,2013,MAIO,5,8,quarta
463,18.14,2013,MAIO,5,9,quinta
463,18.14,2013,MAIO,5,10,sexta
463,18.14,2013,MAIO,5,11,sabado
463,18.14,2013,MAIO,5,12,domingo
463,18.14,2013,MAIO,5,13,segunda
463,18.14,2013,MAIO,5,14,terca
463,18.14,2013,MAIO,5,15,quarta
463,18.14,2013,MAIO,5,16,quinta
463,18.14,2013,MAIO,5,17,sexta
463,18.14,2013,MAIO,5,18,sabado
463,18.14,2013,MAIO,5,19,domingo
463,18.14,2013,MAIO,5,20,segunda
463,18.14,2013,MAIO,5,21,terca
463,18.14,2013,MAIO,5,22,quarta
463,18.14,2013,MAIO,5,23,quinta
463,18.14,2013,MAIO,5,24,sexta
463,18.14,2013,MAIO,5,25,sabado
463,18.14,2013,MAIO,5,26,domingo
463,18.14,2013,MAIO,5,27,segunda
463,18.14,2013,MAIO,5,28,terca
463,18.14,2013,MAIO,5,29,quarta
463,18.14,2013,MAIO,5,30,quinta
463,18.14,2013,MAIO,5,31,sexta
463,18.14,2013,JUNHO,6,1,sabado
463,18.14,2013,JUNHO,6,2,domingo
463,18.14,2013,JUNHO,6,3,segunda
463,18.14,2013,JUNHO,6,4,terca
463,18.14,2013,JUNHO,6,5,quarta
463,18.14,2013,JUNHO,6,6,quinta
463,18.14,2013,JUNHO,6,7,sexta
463,18.14,2013,JUNHO,6,8,sabado
463,18.14,2013,JUNHO,6,9,domingo
463,18.14,2013,JUNHO,6,10,segunda
463,18.14,2013,JUNHO,6,11,terca
463,18.14,2013,JUNHO,6,12,quarta
463,18.14,2013,JUNHO,6,13,quinta
463,18.14,2013,JUNHO,6,14,sexta
463,18.14,2013,JUNHO,6,15,sabado
463,18.14,2013,JUNHO,6,16,domingo
463,18.14,2013,JUNHO,6,17,segunda
463,18.14,2013,JUNHO,6,18,terca
463,18.14,2013,JUNHO,6,19,quarta
463,18.14,2013,JUNHO,6,20,quinta
463,18.14,2013,JUNHO,6,21,sexta
463,18.14,2013,JUNHO,6,22,sabado
463,18.14,2013,JUNHO,6,23,domingo
463,18.14,2013,JUNHO,6,24,segunda
463,18.14,2013,JUNHO,6,25,terca
463,18.14,2013,JUNHO,6,26,quarta
463,18.14,2013,JUNHO,6,27,quinta
463,18.14,2013,JUNHO,6,28,sexta
463,18.14,2013,JUNHO,6,29,sabado
463,18.14,2013,JUNHO,6,30,domingo
463,18.14,2013,JULHO,7,1,segunda
463,18.14,2013,JULHO,7,2,terca
463,18.14,2013,JULHO,7,3,quarta
463,18.14,2013,JULHO,7,4,quinta
463,18.14,2013,JULHO,7,5,sexta
463,18.14,2013,JULHO,7,6,sabado
463,18.14,2013,JULHO,7,7,domingo
463,18.14,2013,JULHO,7,8,segunda
463,18.14,2013,JULHO,7,9,terca
463,18.14,2013,JULHO,7,10,quarta
463,18.14,2013,JULHO,7,11,quinta
463,18.14,2013,JULHO,7,12,sexta
463,18.14,2013,JULHO,7,13,sabado
463,18.14,2013,JULHO,7,14,domingo
463,18.14,2013,JULHO,7,15,segunda
463,18.14,2013,JULHO,7,16,terca
463,18.14,2013,JULHO,7,17,quarta
463,18.14,2013,JULHO,7,18,quinta
463,18.14,2013,JULHO,7,19,sexta
463,18.14,2013,JULHO,7,20,sabado
463,18.14,2013,JULHO,7,21,domingo
463,18.14,2013,JULHO,7,22,segunda
463,18.14,2013,JULHO,7,23,terca
463,18.14,2013,JULHO,7,24,quarta
463,18.14,2013,JULHO,7,25,quinta
463,18.14,2013,JULHO,7,26,sexta
463,18.14,2013,JULHO,7,27,sabado
463,18.14,2013,JULHO,7,28,domingo
463,18.14,2013,JULHO,7,29,segunda
463,18.14,2013,JULHO,7,30,terca
463,18.14,2013,JULHO,7,31,quarta
463,18.14,2013,AGOSTO,8,1,quinta
463,18.14,2013,AGOSTO,8,2,sexta
463,18.14,2013,AGOSTO,8,3,sabado
463,18.14,2013,AGOSTO,8,4,domingo
463,18.14,2013,AGOSTO,8,5,segunda
463,18.14,2013,AGOSTO,8,6,terca
463,18.14,2013,AGOSTO,8,7,quarta
463,18.14,2013,AGOSTO,8,8,quinta
463,18.14,2013,AGOSTO,8,9,sexta
463,18.14,2013,AGOSTO,8,10,sabado
463,18.14,2013,AGOSTO,8,11,domingo
463,18.14,2013,AGOSTO,8,12,segunda
463,18.14,2013,AGOSTO,8,13,terca
463,18.14,2013,AGOSTO,8,14,quarta
463,18.14,2013,AGOSTO,8,15,quinta
463,18.14,2013,AGOSTO,8,16,sexta
463,18.14,2013,AGOSTO,8,17,sabado
463,18.14,2013,AGOSTO,8,18,domingo
463,18.14,2013,AGOSTO,8,19,segunda
463,18.14,2013,AGOSTO,8,20,terca
463,18.14,2013,AGOSTO,8,21,quarta
463,18.14,2013,AGOSTO,8,22,quinta
463,18.14,2013,AGOSTO,8,23,sexta
463,18.14,2013,AGOSTO,8,24,sabado
463,18.14,2013,AGOSTO,8,25,domingo
463,18.14,2013,AGOSTO,8,26,segunda
463,18.14,2013,AGOSTO,8,27,terca
463,18.14,2013,AGOSTO,8,28,quarta
463,18.14,2013,AGOSTO,8,29,quinta
463,18.14,2013,AGOSTO,8,30,sexta
463,18.14,2013,AGOSTO,8,31,sabado
463,18.14,2013,SETEMBRO,9,1,domingo
463,18.14,2013,SETEMBRO,9,2,segunda
463,18.14,2013,SETEMBRO,9,3,terca
463,18.14,2013,SETEMBRO,9,4,quarta
463,18.14,2013,SETEMBRO,9,5,quinta
463,18.14,2013,SETEMBRO,9,6,sexta
463,18.14,2013,SETEMBRO,9,7,sabado
463,18.14,2013,SETEMBRO,9,8,domingo
463,18.14,2013,SETEMBRO,9,9,segunda
463,18.14,2013,SETEMBRO,9,10,terca
463,18.14,2013,SETEMBRO,9,11,quarta
463,18.14,2013,SETEMBRO,9,12,quinta
463,18.14,2013,SETEMBRO,9,13,sexta
463,18.14,2013,SETEMBRO,9,14,sabado
463,18.14,2013,SETEMBRO,9,15,domingo
463,18.14,2013,SETEMBRO,9,16,segunda
463,18.14,2013,SETEMBRO,9,17,terca
463,18.14,2013,SETEMBRO,9,18,quarta
463,18.14,2013,SETEMBRO,9,19,quinta
463,18.14,2013,SETEMBRO,9,20,sexta
463,18.14,2013,SETEMBRO,9,21,sabado
463,18.14,2013,SETEMBRO,9,22,domingo
463,18.14,2013,SETEMBRO,9,23,segunda
463,18.14,2013,SETEMBRO,9,24,terca
463,18.14,2013,SETEMBRO,9,25,quarta
463,18.14,2013,SETEMBRO,9,26,quinta
463,18.14,2013,SETEMBRO,9,27,sexta
463,18.14,2013,SETEMBRO,9,28,sabado
463,18.14,2013,SETEMBRO,9,29,domingo
463,18.14,2013,SETEMBRO,9,30,segunda
463,18.14,2013,OUTUBRO,10,1,terca
463,18.14,2013,OUTUBRO,10,2,quarta
463,18.14,2013,OUTUBRO,10,3,quinta
463,18.14,2013,OUTUBRO,10,4,sexta
463,18.14,2013,OUTUBRO,10,6,domingo
463,18.14,2013,OUTUBRO,10,7,sabado
463,18.14,2013,OUTUBRO,10,8,terca
463,18.14,2013,OUTUBRO,10,9,quarta
463,18.14,2013,OUTUBRO,10,10,quinta
463,18.14,2013,OUTUBRO,10,11,sexta
463,18.14,2013,OUTUBRO,10,12,sabado
463,18.14,2013,OUTUBRO,10,13,domingo
463,18.14,2013,OUTUBRO,10,14,segunda
463,18.14,2013,OUTUBRO,10,15,terca
463,18.14,2013,OUTUBRO,10,16,quarta
463,18.14,2013,OUTUBRO,10,17,quinta
463,18.14,2013,OUTUBRO,10,18,sexta
463,18.14,2013,OUTUBRO,10,19,sabado
463,18.14,2013,OUTUBRO,10,20,domingo
463,18.14,2013,OUTUBRO,10,21,segunda
463,18.14,2013,OUTUBRO,10,22,terca
463,18.14,2013,OUTUBRO,10,23,quarta
463,18.14,2013,OUTUBRO,10,24,quinta
463,18.14,2013,OUTUBRO,10,25,sexta
463,18.14,2013,OUTUBRO,10,26,sabado
463,18.14,2013,OUTUBRO,10,27,domingo
463,18.14,2013,OUTUBRO,10,28,segunda
463,18.14,2013,OUTUBRO,10,29,terca
463,18.14,2013,OUTUBRO,10,30,quarta
463,18.14,2013,OUTUBRO,10,31,quinta
463,18.14,2013,NOVEMBRO,11,1,sexta
463,18.14,2013,NOVEMBRO,11,2,sabado
463,18.14,2013,NOVEMBRO,11,3,domingo
463,18.14,2013,NOVEMBRO,11,4,segunda
463,18.14,2013,NOVEMBRO,11,5,terca
463,18.14,2013,NOVEMBRO,11,6,quarta
463,18.14,2013,NOVEMBRO,11,7,quinta
463,18.14,2013,NOVEMBRO,11,8,sexta
463,18.14,2013,NOVEMBRO,11,9,sabado
463,18.14,2013,NOVEMBRO,11,10,domingo
463,18.14,2013,NOVEMBRO,11,11,segunda
463,18.14,2013,NOVEMBRO,11,12,terca
463,18.14,2013,NOVEMBRO,11,13,quarta
463,18.14,2013,NOVEMBRO,11,14,quinta
463,18.14,2013,NOVEMBRO,11,15,sexta
463,18.14,2013,NOVEMBRO,11,16,sabado
463,18.14,2013,NOVEMBRO,11,17,domingo
463,18.14,2013,NOVEMBRO,11,18,segunda
463,18.14,2013,NOVEMBRO,11,19,terca
463,18.14,2013,NOVEMBRO,11,20,quarta
463,18.14,2013,NOVEMBRO,11,21,quinta
463,18.14,2013,NOVEMBRO,11,22,sexta
463,18.14,2013,NOVEMBRO,11,23,sabado
463,18.14,2013,NOVEMBRO,11,24,domingo
463,18.14,2013,NOVEMBRO,11,25,segunda
463,18.14,2013,NOVEMBRO,11,26,terca
463,18.14,2013,NOVEMBRO,11,27,quarta
463,18.14,2013,NOVEMBRO,11,28,quinta
463,18.14,2013,NOVEMBRO,11,29,sexta
463,18.14,2013,NOVEMBRO,11,30,sabado
463,18.14,2013,DEZEMBRO,12,1,domingo
463,18.14,2013,DEZEMBRO,12,2,segunda
463,18.14,2013,DEZEMBRO,12,3,terca
463,18.14,2013,DEZEMBRO,12,4,quarta
463,18.14,2013,DEZEMBRO,12,5,quinta
463,18.14,2013,DEZEMBRO,12,6,sexta
463,18.14,2013,DEZEMBRO,12,7,sabado
463,18.14,2013,DEZEMBRO,12,8,domingo
463,18.14,2013,DEZEMBRO,12,9,segunda
463,18.14,2013,DEZEMBRO,12,10,terca
463,18.14,2013,DEZEMBRO,12,11,quarta
463,18.14,2013,DEZEMBRO,12,12,quinta
463,18.14,2013,DEZEMBRO,12,13,sexta
463,18.14,2013,DEZEMBRO,12,14,sabado
463,18.14,2013,DEZEMBRO,12,15,domingo
463,18.14,2013,DEZEMBRO,12,16,segunda
463,18.14,2013,DEZEMBRO,12,17,terca
463,18.14,2013,DEZEMBRO,12,18,quarta
463,18.14,2013,DEZEMBRO,12,19,quinta
463,18.14,2013,DEZEMBRO,12,20,sexta
463,18.14,2013,DEZEMBRO,12,21,sabado
463,18.14,2013,DEZEMBRO,12,22,domingo
463,18.14,2013,DEZEMBRO,12,23,segunda
463,18.14,2013,DEZEMBRO,12,24,terca
463,18.14,2013,DEZEMBRO,12,25,quarta
463,18.14,2013,DEZEMBRO,12,26,quinta
463,18.14,2013,DEZEMBRO,12,27,sexta
463,18.14,2013,DEZEMBRO,12,28,sabado
463,18.14,2013,DEZEMBRO,12,29,domingo
463,18.14,2013,DEZEMBRO,12,30,segunda
463,18.14,2013,DEZEMBRO,12,31,terca
463,18.14,2014,JANEIRO,1,1,quarta
463,18.14,2014,JANEIRO,1,2,quinta
463,18.14,2014,JANEIRO,1,3,sexta
463,18.14,2014,JANEIRO,1,4,sabado
463,18.14,2014,JANEIRO,1,5,domingo
463,18.14,2014,JANEIRO,1,6,segunda
463,18.14,2014,JANEIRO,1,7,terca
463,18.14,2014,JANEIRO,1,8,quarta
463,18.14,2014,JANEIRO,1,9,quinta
463,18.14,2014,JANEIRO,1,10,sexta
463,18.14,2014,JANEIRO,1,11,sabado
463,18.14,2014,JANEIRO,1,12,domingo
463,18.14,2014,JANEIRO,1,13,segunda
463,18.14,2014,JANEIRO,1,14,terca
463,18.14,2014,JANEIRO,1,15,quarta
463,18.14,2014,JANEIRO,1,16,quinta
463,18.14,2014,JANEIRO,1,17,sexta
463,18.14,2014,JANEIRO,1,18,sabado
463,18.14,2014,JANEIRO,1,19,domingo
463,18.14,2014,JANEIRO,1,20,segunda
463,18.14,2014,JANEIRO,1,21,terca
463,18.14,2014,JANEIRO,1,22,quarta
463,18.14,2014,JANEIRO,1,23,quinta
463,18.14,2014,JANEIRO,1,24,sexta
463,18.14,2014,JANEIRO,1,25,sabado
463,18.14,2014,JANEIRO,1,26,domingo
463,18.14,2014,JANEIRO,1,27,segunda
463,18.14,2014,JANEIRO,1,28,terca
463,18.14,2014,JANEIRO,1,29,quarta
463,18.14,2014,JANEIRO,1,30,quinta
463,18.14,2014,JANEIRO,1,31,sexta
463,18.14,2014,FEVEREIRO,2,1,sabado
463,18.14,2014,FEVEREIRO,2,2,domingo
463,18.14,2014,FEVEREIRO,2,3,segunda
463,18.14,2014,FEVEREIRO,2,4,terca
463,18.14,2014,FEVEREIRO,2,5,quarta
463,18.14,2014,FEVEREIRO,2,6,quinta
463,18.14,2014,FEVEREIRO,2,7,sexta
463,18.14,2014,FEVEREIRO,2,8,sabado
463,18.14,2014,FEVEREIRO,2,9,domingo
463,18.14,2014,FEVEREIRO,2,10,segunda
463,18.14,2014,FEVEREIRO,2,11,terca
463,18.14,2014,FEVEREIRO,2,12,quarta
463,18.14,2014,FEVEREIRO,2,13,quinta
463,18.14,2014,FEVEREIRO,2,14,sexta
463,18.14,2014,FEVEREIRO,2,15,sabado
463,18.14,2014,FEVEREIRO,2,16,domingo
463,18.14,2014,FEVEREIRO,2,17,segunda
463,18.14,2014,FEVEREIRO,2,18,terca
463,18.14,2014,FEVEREIRO,2,19,quarta
463,18.14,2014,FEVEREIRO,2,20,quinta
463,18.14,2014,FEVEREIRO,2,21,sexta
463,18.14,2014,FEVEREIRO,2,22,sabado
463,18.14,2014,FEVEREIRO,2,23,domingo
463,18.14,2014,FEVEREIRO,2,24,segunda
463,18.14,2014,FEVEREIRO,2,25,terca
463,18.14,2014,FEVEREIRO,2,26,quarta
463,18.14,2014,FEVEREIRO,2,27,quinta
463,18.14,2014,FEVEREIRO,2,28,sexta
463,18.14,2014,MARÇO,3,1,sabado
463,18.14,2014,MARÇO,3,2,domingo
463,18.14,2014,MARÇO,3,3,segunda
463,18.14,2014,MARÇO,3,4,terca
463,18.14,2014,MARÇO,3,5,quarta
463,18.14,2014,MARÇO,3,6,quinta
463,18.14,2014,MARÇO,3,7,sexta
463,18.14,2014,MARÇO,3,8,sabado
463,18.14,2014,MARÇO,3,9,domingo
463,18.14,2014,MARÇO,3,10,segunda
463,18.14,2014,MARÇO,3,11,terca
463,18.14,2014,MARÇO,3,12,quarta
463,18.14,2014,MARÇO,3,13,quinta
463,18.14,2014,MARÇO,3,14,sexta
463,18.14,2014,MARÇO,3,15,sabado
463,18.14,2014,MARÇO,3,16,domingo
463,18.14,2014,MARÇO,3,17,segunda
463,18.14,2014,MARÇO,3,18,terca
463,18.14,2014,MARÇO,3,19,quarta
463,18.14,2014,MARÇO,3,20,quinta
463,18.14,2014,MARÇO,3,21,sexta
463,18.14,2014,MARÇO,3,22,sabado
463,18.14,2014,MARÇO,3,23,domingo
463,18.14,2014,MARÇO,3,24,segunda
463,18.14,2014,MARÇO,3,25,terca
463,18.14,2014,MARÇO,3,26,quarta
463,18.14,2014,MARÇO,3,27,quinta
463,18.14,2014,MARÇO,3,28,sexta
463,18.14,2014,MARÇO,3,29,sabado
463,18.14,2014,MARÇO,3,30,domingo
463,18.14,2014,MARÇO,3,31,segunda
463,18.14,2014,ABRIL,4,1,terca
463,18.14,2014,ABRIL,4,2,quarta
463,18.14,2014,ABRIL,4,3,quinta
463,18.14,2014,ABRIL,4,4,sexta
463,18.14,2014,ABRIL,4,6,domingo
463,18.14,2014,ABRIL,4,7,sabado
463,18.14,2014,ABRIL,4,8,terca
463,18.14,2014,ABRIL,4,9,quarta
463,18.14,2014,ABRIL,4,10,quinta
463,18.14,2014,ABRIL,4,11,sexta
463,18.14,2014,ABRIL,4,12,sabado
463,18.14,2014,ABRIL,4,13,domingo
463,18.14,2014,ABRIL,4,14,segunda
463,18.14,2014,ABRIL,4,15,terca
463,18.14,2014,ABRIL,4,16,quarta
463,18.14,2014,ABRIL,4,17,quinta
463,18.14,2014,ABRIL,4,18,sexta
463,18.14,2014,ABRIL,4,19,sabado
463,18.14,2014,ABRIL,4,20,domingo
463,18.14,2014,ABRIL,4,21,segunda
463,18.14,2014,ABRIL,4,22,terca
463,18.14,2014,ABRIL,4,23,quarta
463,18.14,2014,ABRIL,4,24,quinta
463,18.14,2014,ABRIL,4,25,sexta
463,18.14,2014,ABRIL,4,26,sabado
463,18.14,2014,ABRIL,4,27,domingo
463,18.14,2014,ABRIL,4,28,segunda
463,18.14,2014,ABRIL,4,29,terca
463,18.14,2014,ABRIL,4,30,quarta
463,18.14,2014,MAIO,5,1,quinta
463,18.14,2014,MAIO,5,2,sexta
463,18.14,2014,MAIO,5,3,sabado
463,18.14,2014,MAIO,5,4,domingo
463,18.14,2014,MAIO,5,5,segunda
463,18.14,2014,MAIO,5,6,terca
463,18.14,2014,MAIO,5,7,quarta
463,18.14,2014,MAIO,5,8,quinta
463,18.14,2014,MAIO,5,9,sexta
463,18.14,2014,MAIO,5,10,sabado
463,18.14,2014,MAIO,5,11,domingo
463,18.14,2014,MAIO,5,12,segunda
463,18.14,2014,MAIO,5,13,terca
463,18.14,2014,MAIO,5,14,quarta
463,18.14,2014,MAIO,5,15,quinta
463,18.14,2014,MAIO,5,16,sexta
463,18.14,2014,MAIO,5,17,sabado
463,18.14,2014,MAIO,5,18,domingo
463,18.14,2014,MAIO,5,19,segunda
463,18.14,2014,MAIO,5,20,terca
463,18.14,2014,MAIO,5,21,quarta
463,18.14,2014,MAIO,5,22,quinta
463,18.14,2014,MAIO,5,23,sexta
463,18.14,2014,MAIO,5,24,sabado
463,18.14,2014,MAIO,5,25,domingo
463,18.14,2014,MAIO,5,26,segunda
463,18.14,2014,MAIO,5,27,terca
463,18.14,2014,MAIO,5,28,quarta
463,18.14,2014,MAIO,5,29,quinta
463,18.14,2014,MAIO,5,30,sexta
463,18.14,2014,MAIO,5,31,sabado
463,18.14,2014,JUNHO,6,1,domingo
463,18.14,2014,JUNHO,6,2,segunda
463,18.14,2014,JUNHO,6,3,terca
463,18.14,2014,JUNHO,6,4,quarta
463,18.14,2014,JUNHO,6,5,quinta
463,18.14,2014,JUNHO,6,6,sexta
463,18.14,2014,JUNHO,6,7,sabado
463,18.14,2014,JUNHO,6,8,domingo
463,18.14,2014,JUNHO,6,9,segunda
463,18.14,2014,JUNHO,6,10,terca
463,18.14,2014,JUNHO,6,11,quarta
463,18.14,2014,JUNHO,6,12,quinta
463,18.14,2014,JUNHO,6,13,sexta
463,18.14,2014,JUNHO,6,14,sabado
463,18.14,2014,JUNHO,6,15,domingo
463,18.14,2014,JUNHO,6,16,segunda
463,18.14,2014,JUNHO,6,17,terca
463,18.14,2014,JUNHO,6,18,quarta
463,18.14,2014,JUNHO,6,19,quinta
463,18.14,2014,JUNHO,6,20,sexta
463,18.14,2014,JUNHO,6,21,sabado
463,18.14,2014,JUNHO,6,22,domingo
463,18.14,2014,JUNHO,6,23,segunda
463,18.14,2014,JUNHO,6,24,terca
463,18.14,2014,JUNHO,6,25,quarta
463,18.14,2014,JUNHO,6,26,quinta
463,18.14,2014,JUNHO,6,27,sexta
463,18.14,2014,JUNHO,6,28,sabado
463,18.14,2014,JUNHO,6,29,domingo
463,18.14,2014,JUNHO,6,30,segunda
463,18.14,2014,JULHO,7,1,terca
463,18.14,2014,JULHO,7,2,quarta
463,18.14,2014,JULHO,7,3,quinta
463,18.14,2014,JULHO,7,4,sexta
463,18.14,2014,JULHO,7,6,domingo
463,18.14,2014,JULHO,7,7,sabado
463,18.14,2014,JULHO,7,8,terca
463,18.14,2014,JULHO,7,9,quarta
463,18.14,2014,JULHO,7,10,quinta
463,18.14,2014,JULHO,7,11,sexta
463,18.14,2014,JULHO,7,12,sabado
463,18.14,2014,JULHO,7,13,domingo
463,18.14,2014,JULHO,7,14,segunda
463,18.14,2014,JULHO,7,15,terca
463,18.14,2014,JULHO,7,16,quarta
463,18.14,2014,JULHO,7,17,quinta
463,18.14,2014,JULHO,7,18,sexta
463,18.14,2014,JULHO,7,19,sabado
463,18.14,2014,JULHO,7,20,domingo
463,18.14,2014,JULHO,7,21,segunda
463,18.14,2014,JULHO,7,22,terca
463,18.14,2014,JULHO,7,23,quarta
463,18.14,2014,JULHO,7,24,quinta
463,18.14,2014,JULHO,7,25,sexta
463,18.14,2014,JULHO,7,26,sabado
463,18.14,2014,JULHO,7,27,domingo
463,18.14,2014,JULHO,7,28,segunda
463,18.14,2014,JULHO,7,29,terca
463,18.14,2014,JULHO,7,30,quarta
463,18.14,2014,JULHO,7,31,quinta
463,18.14,2014,AGOSTO,8,1,sexta
463,18.14,2014,AGOSTO,8,2,sabado
463,18.14,2014,AGOSTO,8,3,domingo
463,18.14,2014,AGOSTO,8,4,segunda
463,18.14,2014,AGOSTO,8,5,terca
463,18.14,2014,AGOSTO,8,6,quarta
463,18.14,2014,AGOSTO,8,7,quinta
463,18.14,2014,AGOSTO,8,8,sexta
463,18.14,2014,AGOSTO,8,9,sabado
463,18.14,2014,AGOSTO,8,10,domingo
463,18.14,2014,AGOSTO,8,11,segunda
463,18.14,2014,AGOSTO,8,12,terca
463,18.14,2014,AGOSTO,8,13,quarta
463,18.14,2014,AGOSTO,8,14,quinta
463,18.14,2014,AGOSTO,8,15,sexta
463,18.14,2014,AGOSTO,8,16,sabado
463,18.14,2014,AGOSTO,8,17,domingo
463,18.14,2014,AGOSTO,8,18,segunda
463,18.14,2014,AGOSTO,8,19,terca
463,18.14,2014,AGOSTO,8,20,quarta
463,18.14,2014,AGOSTO,8,21,quinta
463,18.14,2014,AGOSTO,8,22,sexta
463,18.14,2014,AGOSTO,8,23,sabado
463,18.14,2014,AGOSTO,8,24,domingo
463,18.14,2014,AGOSTO,8,25,segunda
463,18.14,2014,AGOSTO,8,26,terca
463,18.14,2014,AGOSTO,8,27,quarta
463,18.14,2014,AGOSTO,8,28,quinta
463,18.14,2014,AGOSTO,8,29,sexta
463,18.14,2014,AGOSTO,8,30,sabado
463,18.14,2014,AGOSTO,8,31,domingo
463,18.14,2014,SETEMBRO,9,1,segunda
463,18.14,2014,SETEMBRO,9,2,terca
463,18.14,2014,SETEMBRO,9,3,quarta
463,18.14,2014,SETEMBRO,9,4,quinta
463,18.14,2014,SETEMBRO,9,5,sexta
463,18.14,2014,SETEMBRO,9,6,sabado
463,18.14,2014,SETEMBRO,9,7,domingo
463,18.14,2014,SETEMBRO,9,8,segunda
463,18.14,2014,SETEMBRO,9,9,terca
463,18.14,2014,SETEMBRO,9,10,quarta
463,18.14,2014,SETEMBRO,9,11,quinta
463,18.14,2014,SETEMBRO,9,12,sexta
463,18.14,2014,SETEMBRO,9,13,sabado
463,18.14,2014,SETEMBRO,9,14,domingo
463,18.14,2014,SETEMBRO,9,15,segunda
463,18.14,2014,SETEMBRO,9,16,terca
463,18.14,2014,SETEMBRO,9,17,quarta
463,18.14,2014,SETEMBRO,9,18,quinta
463,18.14,2014,SETEMBRO,9,19,sexta
463,18.14,2014,SETEMBRO,9,20,sabado
463,18.14,2014,SETEMBRO,9,21,domingo
463,18.14,2014,SETEMBRO,9,22,segunda
463,18.14,2014,SETEMBRO,9,23,terca
463,18.14,2014,SETEMBRO,9,24,quarta
463,18.14,2014,SETEMBRO,9,25,quinta
463,18.14,2014,SETEMBRO,9,26,sexta
463,18.14,2014,SETEMBRO,9,27,sabado
463,18.14,2014,SETEMBRO,9,28,domingo
463,18.14,2014,SETEMBRO,9,29,segunda
463,18.14,2014,SETEMBRO,9,30,terca
463,18.14,2014,OUTUBRO,10,1,quarta
463,18.14,2014,OUTUBRO,10,2,quinta
463,18.14,2014,OUTUBRO,10,3,sexta
463,18.14,2014,OUTUBRO,10,4,sabado
463,18.14,2014,OUTUBRO,10,5,domingo
463,18.14,2014,OUTUBRO,10,6,segunda
463,18.14,2014,OUTUBRO,10,7,terca
463,18.14,2014,OUTUBRO,10,8,quarta
463,18.14,2014,OUTUBRO,10,9,quinta
463,18.14,2014,OUTUBRO,10,10,sexta
463,18.14,2014,OUTUBRO,10,11,sabado
463,18.14,2014,OUTUBRO,10,12,domingo
463,18.14,2014,OUTUBRO,10,13,segunda
463,18.14,2014,OUTUBRO,10,14,terca
463,18.14,2014,OUTUBRO,10,15,quarta
463,18.14,2014,OUTUBRO,10,16,quinta
463,18.14,2014,OUTUBRO,10,17,sexta
463,18.14,2014,OUTUBRO,10,18,sabado
463,18.14,2014,OUTUBRO,10,19,domingo
463,18.14,2014,OUTUBRO,10,20,segunda
463,18.14,2014,OUTUBRO,10,21,terca
463,18.14,2014,OUTUBRO,10,22,quarta
463,18.14,2014,OUTUBRO,10,23,quinta
463,18.14,2014,OUTUBRO,10,24,sexta
463,18.14,2014,OUTUBRO,10,25,sabado
463,18.14,2014,OUTUBRO,10,26,domingo
463,18.14,2014,OUTUBRO,10,27,segunda
463,18.14,2014,OUTUBRO,10,28,terca
463,18.14,2014,OUTUBRO,10,29,quarta
463,18.14,2014,OUTUBRO,10,30,quinta
463,18.14,2014,OUTUBRO,10,31,sexta
463,18.14,2014,NOVEMBRO,11,1,sabado
463,18.14,2014,NOVEMBRO,11,2,domingo
463,18.14,2014,NOVEMBRO,11,3,segunda
463,18.14,2014,NOVEMBRO,11,4,terca
463,18.14,2014,NOVEMBRO,11,5,quarta
463,18.14,2014,NOVEMBRO,11,6,quinta
463,18.14,2014,NOVEMBRO,11,7,sexta
463,18.14,2014,NOVEMBRO,11,8,sabado
463,18.14,2014,NOVEMBRO,11,9,domingo
463,18.14,2014,NOVEMBRO,11,10,segunda
463,18.14,2014,NOVEMBRO,11,11,terca
463,18.14,2014,NOVEMBRO,11,12,quarta
463,18.14,2014,NOVEMBRO,11,13,quinta
463,18.14,2014,NOVEMBRO,11,14,sexta
463,18.14,2014,NOVEMBRO,11,15,sabado
463,18.14,2014,NOVEMBRO,11,16,domingo
463,18.14,2014,NOVEMBRO,11,17,segunda
463,18.14,2014,NOVEMBRO,11,18,terca
463,18.14,2014,NOVEMBRO,11,19,quarta
463,18.14,2014,NOVEMBRO,11,20,quinta
463,18.14,2014,NOVEMBRO,11,21,sexta
463,18.14,2014,NOVEMBRO,11,22,sabado
463,18.14,2014,NOVEMBRO,11,23,domingo
463,18.14,2014,NOVEMBRO,11,24,segunda
463,18.14,2014,NOVEMBRO,11,25,terca
463,18.14,2014,NOVEMBRO,11,26,quarta
463,18.14,2014,NOVEMBRO,11,27,quinta
463,18.14,2014,NOVEMBRO,11,28,sexta
463,18.14,2014,NOVEMBRO,11,29,sabado
463,18.14,2014,NOVEMBRO,11,30,domingo
463,18.14,2014,DEZEMBRO,12,1,segunda
463,18.14,2014,DEZEMBRO,12,2,terca
463,18.14,2014,DEZEMBRO,12,3,quarta
463,18.14,2014,DEZEMBRO,12,4,quinta
463,18.14,2014,DEZEMBRO,12,5,sexta
463,18.14,2014,DEZEMBRO,12,6,sabado
463,18.14,2014,DEZEMBRO,12,7,domingo
463,18.14,2014,DEZEMBRO,12,8,segunda
463,18.14,2014,DEZEMBRO,12,9,terca
463,18.14,2014,DEZEMBRO,12,10,quarta
463,18.14,2014,DEZEMBRO,12,11,quinta
463,18.14,2014,DEZEMBRO,12,12,sexta
463,18.14,2014,DEZEMBRO,12,13,sabado
463,18.14,2014,DEZEMBRO,12,14,domingo
463,18.14,2014,DEZEMBRO,12,15,segunda
463,18.14,2014,DEZEMBRO,12,16,terca
463,18.14,2014,DEZEMBRO,12,17,quarta
463,18.14,2014,DEZEMBRO,12,18,quinta
463,18.14,2014,DEZEMBRO,12,19,sexta
463,18.14,2014,DEZEMBRO,12,20,sabado
463,18.14,2014,DEZEMBRO,12,21,domingo
463,18.14,2014,DEZEMBRO,12,22,segunda
463,18.14,2014,DEZEMBRO,12,23,terca
463,18.14,2014,DEZEMBRO,12,24,quarta
463,18.14,2014,DEZEMBRO,12,25,quinta
463,18.14,2014,DEZEMBRO,12,26,sexta
463,18.14,2014,DEZEMBRO,12,27,sabado
463,18.14,2014,DEZEMBRO,12,28,domingo
463,18.14,2014,DEZEMBRO,12,29,segunda
463,18.14,2014,DEZEMBRO,12,30,terca
463,18.14,2014,DEZEMBRO,12,31,quarta
464,18.14,2015,JANEIRO,1,1,quinta
464,18.14,2015,JANEIRO,1,2,sexta
464,18.14,2015,JANEIRO,1,3,sabado
464,18.14,2015,JANEIRO,1,4,domingo
464,18.14,2015,JANEIRO,1,5,segunda
464,18.14,2015,JANEIRO,1,6,terca
464,18.14,2015,JANEIRO,1,7,quarta
464,18.14,2015,JANEIRO,1,8,quinta
464,18.14,2015,JANEIRO,1,9,sexta
464,18.14,2015,JANEIRO,1,10,sabado
464,18.14,2015,JANEIRO,1,11,domingo
464,18.14,2015,JANEIRO,1,12,segunda
464,18.14,2015,JANEIRO,1,13,terca
464,18.14,2015,JANEIRO,1,14,quarta
464,18.14,2015,JANEIRO,1,15,quinta
464,18.14,2015,JANEIRO,1,16,sexta
464,18.14,2015,JANEIRO,1,17,sabado
464,18.14,2015,JANEIRO,1,18,domingo
464,18.14,2015,JANEIRO,1,19,segunda
464,18.14,2015,JANEIRO,1,20,terca
464,18.14,2015,JANEIRO,1,21,quarta
464,18.14,2015,JANEIRO,1,22,quinta
464,18.14,2015,JANEIRO,1,23,sexta
464,18.14,2015,JANEIRO,1,24,sabado
464,18.14,2015,JANEIRO,1,25,domingo
464,18.14,2015,JANEIRO,1,26,segunda
464,18.14,2015,JANEIRO,1,27,terca
464,18.14,2015,JANEIRO,1,28,quarta
464,18.14,2015,JANEIRO,1,29,quinta
464,18.14,2015,JANEIRO,1,30,sexta
464,18.14,2015,JANEIRO,1,31,sabado
464,18.14,2015,FEVEREIRO,2,1,domingo
464,18.14,2015,FEVEREIRO,2,2,segunda
464,18.14,2015,FEVEREIRO,2,3,terca
464,18.14,2015,FEVEREIRO,2,4,quarta
464,18.14,2015,FEVEREIRO,2,5,quinta
464,18.14,2015,FEVEREIRO,2,6,sexta
464,18.14,2015,FEVEREIRO,2,7,sabado
464,18.14,2015,FEVEREIRO,2,8,domingo
464,18.14,2015,FEVEREIRO,2,9,segunda
464,18.14,2015,FEVEREIRO,2,10,terca
464,18.14,2015,FEVEREIRO,2,11,quarta
464,18.14,2015,FEVEREIRO,2,12,quinta
464,18.14,2015,FEVEREIRO,2,13,sexta
464,18.14,2015,FEVEREIRO,2,14,sabado
464,18.14,2015,FEVEREIRO,2,15,domingo
464,18.14,2015,FEVEREIRO,2,16,segunda
464,18.14,2015,FEVEREIRO,2,17,terca
464,18.14,2015,FEVEREIRO,2,18,quarta
464,18.14,2015,FEVEREIRO,2,19,quinta
464,18.14,2015,FEVEREIRO,2,20,sexta
464,18.14,2015,FEVEREIRO,2,21,sabado
464,18.14,2015,FEVEREIRO,2,22,domingo
464,18.14,2015,FEVEREIRO,2,23,segunda
464,18.14,2015,FEVEREIRO,2,24,terca
464,18.14,2015,FEVEREIRO,2,25,quarta
464,18.14,2015,FEVEREIRO,2,26,quinta
464,18.14,2015,FEVEREIRO,2,27,sexta
464,18.14,2015,FEVEREIRO,2,28,sabado
464,18.14,2015,MARÇO,3,1,domingo
464,18.14,2015,MARÇO,3,2,segunda
464,18.14,2015,MARÇO,3,3,terca
464,18.14,2015,MARÇO,3,4,quarta
464,18.14,2015,MARÇO,3,5,quinta
464,18.14,2015,MARÇO,3,6,sexta
464,18.14,2015,MARÇO,3,7,sabado
464,18.14,2015,MARÇO,3,8,domingo
464,18.14,2015,MARÇO,3,9,segunda
464,18.14,2015,MARÇO,3,10,terca
464,18.14,2015,MARÇO,3,11,quarta
464,18.14,2015,MARÇO,3,12,quinta
464,18.14,2015,MARÇO,3,13,sexta
464,18.14,2015,MARÇO,3,14,sabado
464,18.14,2015,MARÇO,3,15,domingo
464,18.14,2015,MARÇO,3,16,segunda
464,18.14,2015,MARÇO,3,17,terca
464,18.14,2015,MARÇO,3,18,quarta
464,18.14,2015,MARÇO,3,19,quinta
464,18.14,2015,MARÇO,3,20,sexta
464,18.14,2015,MARÇO,3,21,sabado
464,18.14,2015,MARÇO,3,22,domingo
464,18.14,2015,MARÇO,3,23,segunda
464,18.14,2015,MARÇO,3,24,terca
464,18.14,2015,MARÇO,3,25,quarta
464,18.14,2015,MARÇO,3,26,quinta
464,18.14,2015,MARÇO,3,27,sexta
464,18.14,2015,MARÇO,3,28,sabado
464,18.14,2015,MARÇO,3,29,domingo
464,18.14,2015,MARÇO,3,30,segunda
464,18.14,2015,MARÇO,3,31,terca
464,18.14,2015,ABRIL,4,1,quarta
464,18.14,2015,ABRIL,4,2,quinta
464,18.14,2015,ABRIL,4,3,sexta
464,18.14,2015,ABRIL,4,4,sabado
464,18.14,2015,ABRIL,4,5,domingo
464,18.14,2015,ABRIL,4,6,segunda
464,18.14,2015,ABRIL,4,7,terca
464,18.14,2015,ABRIL,4,8,quarta
464,18.14,2015,ABRIL,4,9,quinta
464,18.14,2015,ABRIL,4,10,sexta
464,18.14,2015,ABRIL,4,11,sabado
464,18.14,2015,ABRIL,4,12,domingo
464,18.14,2015,ABRIL,4,13,segunda
464,18.14,2015,ABRIL,4,14,terca
464,18.14,2015,ABRIL,4,15,quarta
464,18.14,2015,ABRIL,4,16,quinta
464,18.14,2015,ABRIL,4,17,sexta
464,18.14,2015,ABRIL,4,18,sabado
464,18.14,2015,ABRIL,4,19,domingo
464,18.14,2015,ABRIL,4,20,segunda
464,18.14,2015,ABRIL,4,21,terca
464,18.14,2015,ABRIL,4,22,quarta
464,18.14,2015,ABRIL,4,23,quinta
464,18.14,2015,ABRIL,4,24,sexta
464,18.14,2015,ABRIL,4,25,sabado
464,18.14,2015,ABRIL,4,26,domingo
464,18.14,2015,ABRIL,4,27,segunda
464,18.14,2015,ABRIL,4,28,terca
464,18.14,2015,ABRIL,4,29,quarta
464,18.14,2015,ABRIL,4,30,quinta
464,18.14,2015,MAIO,5,1,sexta
464,18.14,2015,MAIO,5,2,sabado
464,18.14,2015,MAIO,5,3,domingo
464,18.14,2015,MAIO,5,4,segunda
464,18.14,2015,MAIO,5,5,terca
464,18.14,2015,MAIO,5,6,quarta
464,18.14,2015,MAIO,5,7,quinta
464,18.14,2015,MAIO,5,8,sexta
464,18.14,2015,MAIO,5,9,sabado
464,18.14,2015,MAIO,5,10,domingo
464,18.14,2015,MAIO,5,11,segunda
464,18.14,2015,MAIO,5,12,terca
464,18.14,2015,MAIO,5,13,quarta
464,18.14,2015,MAIO,5,14,quinta
464,18.14,2015,MAIO,5,15,sexta
464,18.14,2015,MAIO,5,16,sabado
464,18.14,2015,MAIO,5,17,domingo
464,18.14,2015,MAIO,5,18,segunda
464,18.14,2015,MAIO,5,19,terca
464,18.14,2015,MAIO,5,20,quarta
464,18.14,2015,MAIO,5,21,quinta
464,18.14,2015,MAIO,5,22,sexta
464,18.14,2015,MAIO,5,23,sabado
464,18.14,2015,MAIO,5,24,domingo
464,18.14,2015,MAIO,5,25,segunda
464,18.14,2015,MAIO,5,26,terca
464,18.14,2015,MAIO,5,27,quarta
464,18.14,2015,MAIO,5,28,quinta
464,18.14,2015,MAIO,5,29,sexta
464,18.14,2015,MAIO,5,30,sabado
464,18.14,2015,MAIO,5,31,domingo
464,18.14,2015,JUNHO,6,1,segunda
464,18.14,2015,JUNHO,6,2,terca
464,18.14,2015,JUNHO,6,3,quarta
464,18.14,2015,JUNHO,6,4,quinta
464,18.14,2015,JUNHO,6,5,sexta
464,18.14,2015,JUNHO,6,6,sabado
464,18.14,2015,JUNHO,6,7,domingo
464,18.14,2015,JUNHO,6,8,segunda
464,18.14,2015,JUNHO,6,9,terca
464,18.14,2015,JUNHO,6,10,quarta
464,18.14,2015,JUNHO,6,11,quinta
464,18.14,2015,JUNHO,6,12,sexta
464,18.14,2015,JUNHO,6,13,sabado
464,18.14,2015,JUNHO,6,14,domingo
464,18.14,2015,JUNHO,6,15,segunda
464,18.14,2015,JUNHO,6,16,terca
464,18.14,2015,JUNHO,6,17,quarta
464,18.14,2015,JUNHO,6,18,quinta
464,18.14,2015,JUNHO,6,19,sexta
464,18.14,2015,JUNHO,6,20,sabado
464,18.14,2015,JUNHO,6,21,domingo
464,18.14,2015,JUNHO,6,22,segunda
464,18.14,2015,JUNHO,6,23,terca
464,18.14,2015,JUNHO,6,24,quarta
464,18.14,2015,JUNHO,6,25,quinta
464,18.14,2015,JUNHO,6,26,sexta
464,18.14,2015,JUNHO,6,27,sabado
464,18.14,2015,JUNHO,6,28,domingo
464,18.14,2015,JUNHO,6,29,segunda
464,18.14,2015,JUNHO,6,30,terca
464,18.14,2015,JULHO,7,1,quarta
464,18.14,2015,JULHO,7,2,quinta
464,18.14,2015,JULHO,7,3,sexta
464,18.14,2015,JULHO,7,4,sabado
464,18.14,2015,JULHO,7,5,domingo
464,18.14,2015,JULHO,7,6,segunda
464,18.14,2015,JULHO,7,7,terca
464,18.14,2015,JULHO,7,8,quarta
464,18.14,2015,JULHO,7,9,quinta
464,18.14,2015,JULHO,7,10,sexta
464,18.14,2015,JULHO,7,11,sabado
464,18.14,2015,JULHO,7,12,domingo
464,18.14,2015,JULHO,7,13,segunda
464,18.14,2015,JULHO,7,14,terca
464,18.14,2015,JULHO,7,15,quarta
464,18.14,2015,JULHO,7,16,quinta
464,18.14,2015,JULHO,7,17,sexta
464,18.14,2015,JULHO,7,18,sabado
464,18.14,2015,JULHO,7,19,domingo
464,18.14,2015,JULHO,7,20,segunda
464,18.14,2015,JULHO,7,21,terca
464,18.14,2015,JULHO,7,22,quarta
464,18.14,2015,JULHO,7,23,quinta
464,18.14,2015,JULHO,7,24,sexta
464,18.14,2015,JULHO,7,25,sabado
464,18.14,2015,JULHO,7,26,domingo
464,18.14,2015,JULHO,7,27,segunda
464,18.14,2015,JULHO,7,28,terca
464,18.14,2015,JULHO,7,29,quarta
464,18.14,2015,JULHO,7,30,quinta
464,18.14,2015,JULHO,7,31,sexta
464,18.14,2015,AGOSTO,8,1,sabado
464,18.14,2015,AGOSTO,8,2,domingo
464,18.14,2015,AGOSTO,8,3,segunda
464,18.14,2015,AGOSTO,8,4,terca
464,18.14,2015,AGOSTO,8,5,quarta
464,18.14,2015,AGOSTO,8,6,quinta
464,18.14,2015,AGOSTO,8,7,sexta
464,18.14,2015,AGOSTO,8,8,sabado
464,18.14,2015,AGOSTO,8,9,domingo
464,18.14,2015,AGOSTO,8,10,segunda
464,18.14,2015,AGOSTO,8,11,terca
464,18.14,2015,AGOSTO,8,12,quarta
464,18.14,2015,AGOSTO,8,13,quinta
464,18.14,2015,AGOSTO,8,14,sexta
464,18.14,2015,AGOSTO,8,15,sabado
464,18.14,2015,AGOSTO,8,16,domingo
464,18.14,2015,AGOSTO,8,17,segunda
464,18.14,2015,AGOSTO,8,18,terca
464,18.14,2015,AGOSTO,8,19,quarta
464,18.14,2015,AGOSTO,8,20,quinta
464,18.14,2015,AGOSTO,8,21,sexta
464,18.14,2015,AGOSTO,8,22,sabado
464,18.14,2015,AGOSTO,8,23,domingo
464,18.14,2015,AGOSTO,8,24,segunda
464,18.14,2015,AGOSTO,8,25,terca
464,18.14,2015,AGOSTO,8,26,quarta
464,18.14,2015,AGOSTO,8,27,quinta
464,18.14,2015,AGOSTO,8,28,sexta
464,18.14,2015,AGOSTO,8,29,sabado
464,18.14,2015,AGOSTO,8,30,domingo
464,18.14,2015,AGOSTO,8,31,segunda
464,18.14,2015,SETEMBRO,9,1,terca
464,18.14,2015,SETEMBRO,9,2,quarta
464,18.14,2015,SETEMBRO,9,3,quinta
464,18.14,2015,SETEMBRO,9,4,sexta
464,18.14,2015,SETEMBRO,9,6,domingo
464,18.14,2015,SETEMBRO,9,7,sabado
464,18.14,2015,SETEMBRO,9,8,terca
464,18.14,2015,SETEMBRO,9,9,quarta
464,18.14,2015,SETEMBRO,9,10,quinta
464,18.14,2015,SETEMBRO,9,11,sexta
464,18.14,2015,SETEMBRO,9,12,sabado
464,18.14,2015,SETEMBRO,9,13,domingo
464,18.14,2015,SETEMBRO,9,14,segunda
464,18.14,2015,SETEMBRO,9,15,terca
464,18.14,2015,SETEMBRO,9,16,quarta
464,18.14,2015,SETEMBRO,9,17,quinta
464,18.14,2015,SETEMBRO,9,18,sexta
464,18.14,2015,SETEMBRO,9,19,sabado
464,18.14,2015,SETEMBRO,9,20,domingo
464,18.14,2015,SETEMBRO,9,21,segunda
464,18.14,2015,SETEMBRO,9,22,terca
464,18.14,2015,SETEMBRO,9,23,quarta
464,18.14,2015,SETEMBRO,9,24,quinta
464,18.14,2015,SETEMBRO,9,25,sexta
464,18.14,2015,SETEMBRO,9,26,sabado
464,18.14,2015,SETEMBRO,9,27,domingo
464,18.14,2015,SETEMBRO,9,28,segunda
464,18.14,2015,SETEMBRO,9,29,terca
464,18.14,2015,SETEMBRO,9,30,quarta
464,18.14,2015,OUTUBRO,10,1,quinta
464,18.14,2015,OUTUBRO,10,2,sexta
464,18.14,2015,OUTUBRO,10,3,sabado
464,18.14,2015,OUTUBRO,10,4,domingo
464,18.14,2015,OUTUBRO,10,5,segunda
464,18.14,2015,OUTUBRO,10,6,terca
464,18.14,2015,OUTUBRO,10,7,quarta
464,18.14,2015,OUTUBRO,10,8,quinta
464,18.14,2015,OUTUBRO,10,9,sexta
464,18.14,2015,OUTUBRO,10,10,sabado
464,18.14,2015,OUTUBRO,10,11,domingo
464,18.14,2015,OUTUBRO,10,12,segunda
464,18.14,2015,OUTUBRO,10,13,terca
464,18.14,2015,OUTUBRO,10,14,quarta
464,18.14,2015,OUTUBRO,10,15,quinta
464,18.14,2015,OUTUBRO,10,16,sexta
464,18.14,2015,OUTUBRO,10,17,sabado
464,18.14,2015,OUTUBRO,10,18,domingo
464,18.14,2015,OUTUBRO,10,19,segunda
464,18.14,2015,OUTUBRO,10,20,terca
464,18.14,2015,OUTUBRO,10,21,quarta
464,18.14,2015,OUTUBRO,10,22,quinta
464,18.14,2015,OUTUBRO,10,23,sexta
464,18.14,2015,OUTUBRO,10,24,sabado
464,18.14,2015,OUTUBRO,10,25,domingo
464,18.14,2015,OUTUBRO,10,26,segunda
464,18.14,2015,OUTUBRO,10,27,terca
464,18.14,2015,OUTUBRO,10,28,quarta
464,18.14,2015,OUTUBRO,10,29,quinta
464,18.14,2015,OUTUBRO,10,30,sexta
464,18.14,2015,OUTUBRO,10,31,sabado
464,18.14,2015,NOVEMBRO,11,1,domingo
464,18.14,2015,NOVEMBRO,11,2,segunda
464,18.14,2015,NOVEMBRO,11,3,terca
464,18.14,2015,NOVEMBRO,11,4,quarta
464,18.14,2015,NOVEMBRO,11,5,quinta
464,18.14,2015,NOVEMBRO,11,6,sexta
464,18.14,2015,NOVEMBRO,11,7,sabado
464,18.14,2015,NOVEMBRO,11,8,domingo
464,18.14,2015,NOVEMBRO,11,9,segunda
464,18.14,2015,NOVEMBRO,11,10,terca
464,18.14,2015,NOVEMBRO,11,11,quarta
464,18.14,2015,NOVEMBRO,11,12,quinta
464,18.14,2015,NOVEMBRO,11,13,sexta
464,18.14,2015,NOVEMBRO,11,14,sabado
464,18.14,2015,NOVEMBRO,11,15,domingo
464,18.14,2015,NOVEMBRO,11,16,segunda
464,18.14,2015,NOVEMBRO,11,17,terca
464,18.14,2015,NOVEMBRO,11,18,quarta
464,18.14,2015,NOVEMBRO,11,19,quinta
464,18.14,2015,NOVEMBRO,11,20,sexta
464,18.14,2015,NOVEMBRO,11,21,sabado
464,18.14,2015,NOVEMBRO,11,22,domingo
464,18.14,2015,NOVEMBRO,11,23,segunda
464,18.14,2015,NOVEMBRO,11,24,terca
464,18.14,2015,NOVEMBRO,11,25,quarta
464,18.14,2015,NOVEMBRO,11,26,quinta
464,18.14,2015,NOVEMBRO,11,27,sexta
464,18.14,2015,NOVEMBRO,11,28,sabado
464,18.14,2015,NOVEMBRO,11,29,domingo
464,18.14,2015,NOVEMBRO,11,30,segunda
464,18.14,2015,DEZEMBRO,12,1,terca
464,18.14,2015,DEZEMBRO,12,2,quarta
464,18.14,2015,DEZEMBRO,12,3,quinta
464,18.14,2015,DEZEMBRO,12,4,sexta
464,18.14,2015,DEZEMBRO,12,5,sabado
464,18.14,2015,DEZEMBRO,12,6,domingo
464,18.14,2015,DEZEMBRO,12,7,segunda
464,18.14,2015,DEZEMBRO,12,8,terca
464,18.14,2015,DEZEMBRO,12,9,quarta
464,18.14,2015,DEZEMBRO,12,10,quinta
464,18.14,2015,DEZEMBRO,12,11,sexta
464,18.14,2015,DEZEMBRO,12,12,sabado
464,18.14,2015,DEZEMBRO,12,13,domingo
464,18.14,2015,DEZEMBRO,12,14,segunda
464,18.14,2015,DEZEMBRO,12,15,terca
464,18.14,2015,DEZEMBRO,12,16,quarta
464,18.14,2015,DEZEMBRO,12,17,quinta
464,18.14,2015,DEZEMBRO,12,18,sexta
464,18.14,2015,DEZEMBRO,12,19,sabado
464,18.14,2015,DEZEMBRO,12,20,domingo
464,18.14,2015,DEZEMBRO,12,21,segunda
464,18.14,2015,DEZEMBRO,12,22,terca
464,18.14,2015,DEZEMBRO,12,23,quarta
464,18.14,2015,DEZEMBRO,12,24,quinta
464,18.14,2015,DEZEMBRO,12,25,sexta
464,18.14,2015,DEZEMBRO,12,26,sabado
464,18.14,2015,DEZEMBRO,12,27,domingo
464,18.14,2015,DEZEMBRO,12,28,segunda
464,18.14,2015,DEZEMBRO,12,29,terca
464,18.14,2015,DEZEMBRO,12,30,quarta
464,18.14,2015,DEZEMBRO,12,31,quinta
464,18.14,2016,JANEIRO,1,1,sexta
464,18.14,2016,JANEIRO,1,2,sabado
464,18.14,2016,JANEIRO,1,3,domingo
464,18.14,2016,JANEIRO,1,4,segunda
464,18.14,2016,JANEIRO,1,5,terca
464,18.14,2016,JANEIRO,1,6,quarta
464,18.14,2016,JANEIRO,1,7,quinta
464,18.14,2016,JANEIRO,1,8,sexta
464,18.14,2016,JANEIRO,1,9,sabado
464,18.14,2016,JANEIRO,1,10,domingo
464,18.14,2016,JANEIRO,1,11,segunda
464,18.14,2016,JANEIRO,1,12,terca
464,18.14,2016,JANEIRO,1,13,quarta
464,18.14,2016,JANEIRO,1,14,quinta
464,18.14,2016,JANEIRO,1,15,sexta
464,18.14,2016,JANEIRO,1,16,sabado
464,18.14,2016,JANEIRO,1,17,domingo
464,18.14,2016,JANEIRO,1,18,segunda
464,18.14,2016,JANEIRO,1,19,terca
464,18.14,2016,JANEIRO,1,20,quarta
464,18.14,2016,JANEIRO,1,21,quinta
464,18.14,2016,JANEIRO,1,22,sexta
464,18.14,2016,JANEIRO,1,23,sabado
464,18.14,2016,JANEIRO,1,24,domingo
464,18.14,2016,JANEIRO,1,25,segunda
464,18.14,2016,JANEIRO,1,26,terca
464,18.14,2016,JANEIRO,1,27,quarta
464,18.14,2016,JANEIRO,1,28,quinta
464,18.14,2016,JANEIRO,1,29,sexta
464,18.14,2016,JANEIRO,1,30,sabado
464,18.14,2016,JANEIRO,1,31,domingo
464,18.14,2016,FEVEREIRO,2,1,segunda
464,18.14,2016,FEVEREIRO,2,2,terca
464,18.14,2016,FEVEREIRO,2,3,quarta
464,18.14,2016,FEVEREIRO,2,4,quinta
464,18.14,2016,FEVEREIRO,2,5,sexta
464,18.14,2016,FEVEREIRO,2,6,sabado
464,18.14,2016,FEVEREIRO,2,7,domingo
464,18.14,2016,FEVEREIRO,2,8,segunda
464,18.14,2016,FEVEREIRO,2,9,terca
464,18.14,2016,FEVEREIRO,2,10,quarta
464,18.14,2016,FEVEREIRO,2,11,quinta
464,18.14,2016,FEVEREIRO,2,12,sexta
464,18.14,2016,FEVEREIRO,2,13,sabado
464,18.14,2016,FEVEREIRO,2,14,domingo
464,18.14,2016,FEVEREIRO,2,15,segunda
464,18.14,2016,FEVEREIRO,2,16,terca
464,18.14,2016,FEVEREIRO,2,17,quarta
464,18.14,2016,FEVEREIRO,2,18,quinta
464,18.14,2016,FEVEREIRO,2,19,sexta
464,18.14,2016,FEVEREIRO,2,20,sabado
464,18.14,2016,FEVEREIRO,2,21,domingo
464,18.14,2016,FEVEREIRO,2,22,segunda
464,18.14,2016,FEVEREIRO,2,23,terca
464,18.14,2016,FEVEREIRO,2,24,quarta
464,18.14,2016,FEVEREIRO,2,25,quinta
464,18.14,2016,FEVEREIRO,2,26,sexta
464,18.14,2016,FEVEREIRO,2,27,sabado
464,18.14,2016,FEVEREIRO,2,28,domingo
464,18.14,2016,FEVEREIRO,2,29,segunda
464,18.14,2016,MARÇO,3,1,terca
464,18.14,2016,MARÇO,3,2,quarta
464,18.14,2016,MARÇO,3,3,quinta
464,18.14,2016,MARÇO,3,4,sexta
464,18.14,2016,MARÇO,3,5,sabado
464,18.14,2016,MARÇO,3,6,domingo
464,18.14,2016,MARÇO,3,7,segunda
464,18.14,2016,MARÇO,3,8,terca
464,18.14,2016,MARÇO,3,9,quarta
464,18.14,2016,MARÇO,3,10,quinta
464,18.14,2016,MARÇO,3,11,sexta
464,18.14,2016,MARÇO,3,12,sabado
464,18.14,2016,MARÇO,3,13,domingo
464,18.14,2016,MARÇO,3,14,segunda
464,18.14,2016,MARÇO,3,15,terca
464,18.14,2016,MARÇO,3,16,quarta
464,18.14,2016,MARÇO,3,17,quinta
464,18.14,2016,MARÇO,3,18,sexta
464,18.14,2016,MARÇO,3,19,sabado
464,18.14,2016,MARÇO,3,20,domingo
464,18.14,2016,MARÇO,3,21,segunda
464,18.14,2016,MARÇO,3,22,terca
464,18.14,2016,MARÇO,3,23,quarta
464,18.14,2016,MARÇO,3,24,quinta
464,18.14,2016,MARÇO,3,25,sexta
464,18.14,2016,MARÇO,3,26,sabado
464,18.14,2016,MARÇO,3,27,domingo
464,18.14,2016,MARÇO,3,28,segunda
464,18.14,2016,MARÇO,3,29,terca
464,18.14,2016,MARÇO,3,30,quarta
464,18.14,2016,MARÇO,3,31,quinta
464,18.14,2016,ABRIL,4,1,sexta
464,18.14,2016,ABRIL,4,2,sabado
464,18.14,2016,ABRIL,4,3,domingo
464,18.14,2016,ABRIL,4,4,segunda
464,18.14,2016,ABRIL,4,5,terca
464,18.14,2016,ABRIL,4,6,quarta
464,18.14,2016,ABRIL,4,7,quinta
464,18.14,2016,ABRIL,4,8,sexta
464,18.14,2016,ABRIL,4,9,sabado
464,18.14,2016,ABRIL,4,10,domingo
464,18.14,2016,ABRIL,4,11,segunda
464,18.14,2016,ABRIL,4,12,terca
464,18.14,2016,ABRIL,4,13,quarta
464,18.14,2016,ABRIL,4,14,quinta
464,18.14,2016,ABRIL,4,15,sexta
464,18.14,2016,ABRIL,4,16,sabado
464,18.14,2016,ABRIL,4,17,domingo
464,18.14,2016,ABRIL,4,18,segunda
464,18.14,2016,ABRIL,4,19,terca
464,18.14,2016,ABRIL,4,20,quarta
464,18.14,2016,ABRIL,4,21,quinta
464,18.14,2016,ABRIL,4,22,sexta
464,18.14,2016,ABRIL,4,23,sabado
464,18.14,2016,ABRIL,4,24,domingo
464,18.14,2016,ABRIL,4,25,segunda
464,18.14,2016,ABRIL,4,26,terca
464,18.14,2016,ABRIL,4,27,quarta
464,18.14,2016,ABRIL,4,28,quinta
464,18.14,2016,ABRIL,4,29,sexta
464,18.14,2016,ABRIL,4,30,sabado
464,18.14,2016,MAIO,5,1,domingo
464,18.14,2016,MAIO,5,2,segunda
464,18.14,2016,MAIO,5,3,terca
464,18.14,2016,MAIO,5,4,quarta
464,18.14,2016,MAIO,5,5,quinta
464,18.14,2016,MAIO,5,6,sexta
464,18.14,2016,MAIO,5,7,sabado
464,18.14,2016,MAIO,5,8,domingo
464,18.14,2016,MAIO,5,9,segunda
464,18.14,2016,MAIO,5,10,terca
464,18.14,2016,MAIO,5,11,quarta
464,18.14,2016,MAIO,5,12,quinta
464,18.14,2016,MAIO,5,13,sexta
464,18.14,2016,MAIO,5,14,sabado
464,18.14,2016,MAIO,5,15,domingo
464,18.14,2016,MAIO,5,16,segunda
464,18.14,2016,MAIO,5,17,terca
464,18.14,2016,MAIO,5,18,quarta
464,18.14,2016,MAIO,5,19,quinta
464,18.14,2016,MAIO,5,20,sexta
464,18.14,2016,MAIO,5,21,sabado
464,18.14,2016,MAIO,5,22,domingo
464,18.14,2016,MAIO,5,23,segunda
464,18.14,2016,MAIO,5,24,terca
464,18.14,2016,MAIO,5,25,quarta
464,18.14,2016,MAIO,5,26,quinta
464,18.14,2016,MAIO,5,27,sexta
464,18.14,2016,MAIO,5,28,sabado
464,18.14,2016,MAIO,5,29,domingo
464,18.14,2016,MAIO,5,30,segunda
464,18.14,2016,MAIO,5,31,terca
464,18.14,2016,JUNHO,6,1,quarta
464,18.14,2016,JUNHO,6,2,quinta
464,18.14,2016,JUNHO,6,3,sexta
464,18.14,2016,JUNHO,6,4,sabado
464,18.14,2016,JUNHO,6,5,domingo
464,18.14,2016,JUNHO,6,6,segunda
464,18.14,2016,JUNHO,6,7,terca
464,18.14,2016,JUNHO,6,8,quarta
464,18.14,2016,JUNHO,6,9,quinta
464,18.14,2016,JUNHO,6,10,sexta
464,18.14,2016,JUNHO,6,11,sabado
464,18.14,2016,JUNHO,6,12,domingo
464,18.14,2016,JUNHO,6,13,segunda
464,18.14,2016,JUNHO,6,14,terca
464,18.14,2016,JUNHO,6,15,quarta
464,18.14,2016,JUNHO,6,16,quinta
464,18.14,2016,JUNHO,6,17,sexta
464,18.14,2016,JUNHO,6,18,sabado
464,18.14,2016,JUNHO,6,19,domingo
464,18.14,2016,JUNHO,6,20,segunda
464,18.14,2016,JUNHO,6,21,terca
464,18.14,2016,JUNHO,6,22,quarta
464,18.14,2016,JUNHO,6,23,quinta
464,18.14,2016,JUNHO,6,24,sexta
464,18.14,2016,JUNHO,6,25,sabado
464,18.14,2016,JUNHO,6,26,domingo
464,18.14,2016,JUNHO,6,27,segunda
464,18.14,2016,JUNHO,6,28,terca
464,18.14,2016,JUNHO,6,29,quarta
464,18.14,2016,JUNHO,6,30,quinta
464,18.14,2016,JULHO,7,1,sexta
464,18.14,2016,JULHO,7,2,sabado
464,18.14,2016,JULHO,7,3,domingo
464,18.14,2016,JULHO,7,4,segunda
464,18.14,2016,JULHO,7,5,terca
464,18.14,2016,JULHO,7,6,quarta
464,18.14,2016,JULHO,7,7,quinta
464,18.14,2016,JULHO,7,8,sexta
464,18.14,2016,JULHO,7,9,sabado
464,18.14,2016,JULHO,7,10,domingo
464,18.14,2016,JULHO,7,11,segunda
464,18.14,2016,JULHO,7,12,terca
464,18.14,2016,JULHO,7,13,quarta
464,18.14,2016,JULHO,7,14,quinta
464,18.14,2016,JULHO,7,15,sexta
464,18.14,2016,JULHO,7,16,sabado
464,18.14,2016,JULHO,7,17,domingo
464,18.14,2016,JULHO,7,18,segunda
464,18.14,2016,JULHO,7,19,terca
464,18.14,2016,JULHO,7,20,quarta
464,18.14,2016,JULHO,7,21,quinta
464,18.14,2016,JULHO,7,22,sexta
464,18.14,2016,JULHO,7,23,sabado
464,18.14,2016,JULHO,7,24,domingo
464,18.14,2016,JULHO,7,25,segunda
464,18.14,2016,JULHO,7,26,terca
464,18.14,2016,JULHO,7,27,quarta
464,18.14,2016,JULHO,7,28,quinta
464,18.14,2016,JULHO,7,29,sexta
464,18.14,2016,JULHO,7,30,sabado
464,18.14,2016,JULHO,7,31,domingo
464,18.14,2016,AGOSTO,8,1,segunda
464,18.14,2016,AGOSTO,8,2,terca
464,18.14,2016,AGOSTO,8,3,quarta
464,18.14,2016,AGOSTO,8,4,quinta
464,18.14,2016,AGOSTO,8,5,sexta
464,18.14,2016,AGOSTO,8,6,sabado
464,18.14,2016,AGOSTO,8,7,domingo
464,18.14,2016,AGOSTO,8,8,segunda
464,18.14,2016,AGOSTO,8,9,terca
464,18.14,2016,AGOSTO,8,10,quarta
464,18.14,2016,AGOSTO,8,11,quinta
464,18.14,2016,AGOSTO,8,12,sexta
464,18.14,2016,AGOSTO,8,13,sabado
464,18.14,2016,AGOSTO,8,14,domingo
464,18.14,2016,AGOSTO,8,15,segunda
464,18.14,2016,AGOSTO,8,16,terca
464,18.14,2016,AGOSTO,8,17,quarta
464,18.14,2016,AGOSTO,8,18,quinta
464,18.14,2016,AGOSTO,8,19,sexta
464,18.14,2016,AGOSTO,8,20,sabado
464,18.14,2016,AGOSTO,8,21,domingo
464,18.14,2016,AGOSTO,8,22,segunda
464,18.14,2016,AGOSTO,8,23,terca
464,18.14,2016,AGOSTO,8,24,quarta
464,18.14,2016,AGOSTO,8,25,quinta
464,18.14,2016,AGOSTO,8,26,sexta
464,18.14,2016,AGOSTO,8,27,sabado
464,18.14,2016,AGOSTO,8,28,domingo
464,18.14,2016,AGOSTO,8,29,segunda
464,18.14,2016,AGOSTO,8,30,terca
464,18.14,2016,AGOSTO,8,31,quarta
464,18.14,2016,SETEMBRO,9,1,quinta
464,18.14,2016,SETEMBRO,9,2,sexta
464,18.14,2016,SETEMBRO,9,3,sabado
464,18.14,2016,SETEMBRO,9,4,domingo
464,18.14,2016,SETEMBRO,9,5,segunda
464,18.14,2016,SETEMBRO,9,6,terca
464,18.14,2016,SETEMBRO,9,7,quarta
464,18.14,2016,SETEMBRO,9,8,quinta
464,18.14,2016,SETEMBRO,9,9,sexta
464,18.14,2016,SETEMBRO,9,10,sabado
464,18.14,2016,SETEMBRO,9,11,domingo
464,18.14,2016,SETEMBRO,9,12,segunda
464,18.14,2016,SETEMBRO,9,13,terca
464,18.14,2016,SETEMBRO,9,14,quarta
464,18.14,2016,SETEMBRO,9,15,quinta
464,18.14,2016,SETEMBRO,9,16,sexta
464,18.14,2016,SETEMBRO,9,17,sabado
464,18.14,2016,SETEMBRO,9,18,domingo
464,18.14,2016,SETEMBRO,9,19,segunda
464,18.14,2016,SETEMBRO,9,20,terca
464,18.14,2016,SETEMBRO,9,21,quarta
464,18.14,2016,SETEMBRO,9,22,quinta
464,18.14,2016,SETEMBRO,9,23,sexta
464,18.14,2016,SETEMBRO,9,24,sabado
464,18.14,2016,SETEMBRO,9,25,domingo
464,18.14,2016,SETEMBRO,9,26,segunda
464,18.14,2016,SETEMBRO,9,27,terca
464,18.14,2016,SETEMBRO,9,28,quarta
464,18.14,2016,SETEMBRO,9,29,quinta
464,18.14,2016,SETEMBRO,9,30,sexta
464,18.14,2016,OUTUBRO,10,1,sabado
464,18.14,2016,OUTUBRO,10,2,domingo
464,18.14,2016,OUTUBRO,10,3,segunda
464,18.14,2016,OUTUBRO,10,4,terca
464,18.14,2016,OUTUBRO,10,5,quarta
464,18.14,2016,OUTUBRO,10,6,quinta
464,18.14,2016,OUTUBRO,10,7,sexta
464,18.14,2016,OUTUBRO,10,8,sabado
464,18.14,2016,OUTUBRO,10,9,domingo
464,18.14,2016,OUTUBRO,10,10,segunda
464,18.14,2016,OUTUBRO,10,11,terca
464,18.14,2016,OUTUBRO,10,12,quarta
464,18.14,2016,OUTUBRO,10,13,quinta
464,18.14,2016,OUTUBRO,10,14,sexta
464,18.14,2016,OUTUBRO,10,15,sabado
464,18.14,2016,OUTUBRO,10,16,domingo
464,18.14,2016,OUTUBRO,10,17,segunda
464,18.14,2016,OUTUBRO,10,18,terca
464,18.14,2016,OUTUBRO,10,19,quarta
464,18.14,2016,OUTUBRO,10,20,quinta
464,18.14,2016,OUTUBRO,10,21,sexta
464,18.14,2016,OUTUBRO,10,22,sabado
464,18.14,2016,OUTUBRO,10,23,domingo
464,18.14,2016,OUTUBRO,10,24,segunda
464,18.14,2016,OUTUBRO,10,25,terca
464,18.14,2016,OUTUBRO,10,26,quarta
464,18.14,2016,OUTUBRO,10,27,quinta
464,18.14,2016,OUTUBRO,10,28,sexta
464,18.14,2016,OUTUBRO,10,29,sabado
464,18.14,2016,OUTUBRO,10,30,domingo
464,18.14,2016,OUTUBRO,10,31,segunda
464,18.14,2016,NOVEMBRO,11,1,terca
464,18.14,2016,NOVEMBRO,11,2,quarta
464,18.14,2016,NOVEMBRO,11,3,quinta
464,18.14,2016,NOVEMBRO,11,4,sexta
464,18.14,2016,NOVEMBRO,11,5,sabado
464,18.14,2016,NOVEMBRO,11,6,domingo
464,18.14,2016,NOVEMBRO,11,7,segunda
464,18.14,2016,NOVEMBRO,11,8,terca
464,18.14,2016,NOVEMBRO,11,9,quarta
464,18.14,2016,NOVEMBRO,11,10,quinta
464,18.14,2016,NOVEMBRO,11,11,sexta
464,18.14,2016,NOVEMBRO,11,12,sabado
464,18.14,2016,NOVEMBRO,11,13,domingo
464,18.14,2016,NOVEMBRO,11,14,segunda
464,18.14,2016,NOVEMBRO,11,15,terca
464,18.14,2016,NOVEMBRO,11,16,quarta
464,18.14,2016,NOVEMBRO,11,17,quinta
464,18.14,2016,NOVEMBRO,11,18,sexta
464,18.14,2016,NOVEMBRO,11,19,sabado
464,18.14,2016,NOVEMBRO,11,20,domingo
464,18.14,2016,NOVEMBRO,11,21,segunda
464,18.14,2016,NOVEMBRO,11,22,terca
464,18.14,2016,NOVEMBRO,11,23,quarta
464,18.14,2016,NOVEMBRO,11,24,quinta
464,18.14,2016,NOVEMBRO,11,25,sexta
464,18.14,2016,NOVEMBRO,11,26,sabado
464,18.14,2016,NOVEMBRO,11,27,domingo
464,18.14,2016,NOVEMBRO,11,28,segunda
464,18.14,2016,NOVEMBRO,11,29,terca
464,18.14,2016,NOVEMBRO,11,30,quarta
464,18.14,2016,DEZEMBRO,12,1,quinta
464,18.14,2016,DEZEMBRO,12,2,sexta
464,18.14,2016,DEZEMBRO,12,3,sabado
464,18.14,2016,DEZEMBRO,12,4,domingo
464,18.14,2016,DEZEMBRO,12,5,segunda
464,18.14,2016,DEZEMBRO,12,6,terca
464,18.14,2016,DEZEMBRO,12,7,quarta
464,18.14,2016,DEZEMBRO,12,8,quinta
464,18.14,2016,DEZEMBRO,12,9,sexta
464,18.14,2016,DEZEMBRO,12,10,sabado
464,18.14,2016,DEZEMBRO,12,11,domingo
464,18.14,2016,DEZEMBRO,12,12,segunda
464,18.14,2016,DEZEMBRO,12,13,terca
464,18.14,2016,DEZEMBRO,12,14,quarta
464,18.14,2016,DEZEMBRO,12,15,quinta
464,18.14,2016,DEZEMBRO,12,16,sexta
464,18.14,2016,DEZEMBRO,12,17,sabado
464,18.14,2016,DEZEMBRO,12,18,domingo
464,18.14,2016,DEZEMBRO,12,19,segunda
464,18.14,2016,DEZEMBRO,12,20,terca
464,18.14,2016,DEZEMBRO,12,21,quarta
464,18.14,2016,DEZEMBRO,12,22,quinta
464,18.14,2016,DEZEMBRO,12,23,sexta
464,18.14,2016,DEZEMBRO,12,24,sabado
464,18.14,2016,DEZEMBRO,12,25,domingo
464,18.14,2016,DEZEMBRO,12,26,segunda
464,18.14,2016,DEZEMBRO,12,27,terca
464,18.14,2016,DEZEMBRO,12,28,quarta
464,18.14,2016,DEZEMBRO,12,29,quinta
464,18.14,2016,DEZEMBRO,12,30,sexta
464,18.14,2016,DEZEMBRO,12,31,sabado
465,18.14,2017,JANEIRO,1,1,domingo
465,18.14,2017,JANEIRO,1,2,segunda
465,18.14,2017,JANEIRO,1,3,terca
465,18.14,2017,JANEIRO,1,4,quarta
465,18.14,2017,JANEIRO,1,5,quinta
465,18.14,2017,JANEIRO,1,6,sexta
465,18.14,2017,JANEIRO,1,7,sabado
465,18.14,2017,JANEIRO,1,8,domingo
465,18.14,2017,JANEIRO,1,9,segunda
465,18.14,2017,JANEIRO,1,10,terca
465,18.14,2017,JANEIRO,1,11,quarta
465,18.14,2017,JANEIRO,1,12,quinta
465,18.14,2017,JANEIRO,1,13,sexta
465,18.14,2017,JANEIRO,1,14,sabado
465,18.14,2017,JANEIRO,1,15,domingo
465,18.14,2017,JANEIRO,1,16,segunda
465,18.14,2017,JANEIRO,1,17,terca
465,18.14,2017,JANEIRO,1,18,quarta
465,18.14,2017,JANEIRO,1,19,quinta
465,18.14,2017,JANEIRO,1,20,sexta
465,18.14,2017,JANEIRO,1,21,sabado
465,18.14,2017,JANEIRO,1,22,domingo
465,18.14,2017,JANEIRO,1,23,segunda
465,18.14,2017,JANEIRO,1,24,terca
465,18.14,2017,JANEIRO,1,25,quarta
465,18.14,2017,JANEIRO,1,26,quinta
465,18.14,2017,JANEIRO,1,27,sexta
465,18.14,2017,JANEIRO,1,28,sabado
465,18.14,2017,JANEIRO,1,29,domingo
465,18.14,2017,JANEIRO,1,30,segunda
465,18.14,2017,JANEIRO,1,31,terca
465,18.14,2017,FEVEREIRO,2,1,quarta
465,18.14,2017,FEVEREIRO,2,2,quinta
465,18.14,2017,FEVEREIRO,2,3,sexta
465,18.14,2017,FEVEREIRO,2,4,sabado
465,18.14,2017,FEVEREIRO,2,5,domingo
465,18.14,2017,FEVEREIRO,2,6,segunda
465,18.14,2017,FEVEREIRO,2,7,terca
465,18.14,2017,FEVEREIRO,2,8,quarta
465,18.14,2017,FEVEREIRO,2,9,quinta
465,18.14,2017,FEVEREIRO,2,10,sexta
465,18.14,2017,FEVEREIRO,2,11,sabado
465,18.14,2017,FEVEREIRO,2,12,domingo
465,18.14,2017,FEVEREIRO,2,13,segunda
465,18.14,2017,FEVEREIRO,2,14,terca
465,18.14,2017,FEVEREIRO,2,15,quarta
465,18.14,2017,FEVEREIRO,2,16,quinta
465,18.14,2017,FEVEREIRO,2,17,sexta
465,18.14,2017,FEVEREIRO,2,18,sabado
465,18.14,2017,FEVEREIRO,2,19,domingo
465,18.14,2017,FEVEREIRO,2,20,segunda
465,18.14,2017,FEVEREIRO,2,21,terca
465,18.14,2017,FEVEREIRO,2,22,quarta
465,18.14,2017,FEVEREIRO,2,23,quinta
465,18.14,2017,FEVEREIRO,2,24,sexta
465,18.14,2017,FEVEREIRO,2,25,sabado
465,18.14,2017,FEVEREIRO,2,26,domingo
465,18.14,2017,FEVEREIRO,2,27,segunda
465,18.14,2017,FEVEREIRO,2,28,terca
465,18.14,2017,MARÇO,3,1,quarta
465,18.14,2017,MARÇO,3,2,quinta
465,18.14,2017,MARÇO,3,3,sexta
465,18.14,2017,MARÇO,3,4,sabado
465,18.14,2017,MARÇO,3,5,domingo
465,18.14,2017,MARÇO,3,7,segunda
465,18.14,2017,MARÇO,3,8,terca
465,18.14,2017,MARÇO,3,9,quarta
465,18.14,2017,MARÇO,3,10,quinta
465,18.14,2017,MARÇO,3,11,sexta
465,18.14,2017,MARÇO,3,12,sabado
465,18.14,2017,MARÇO,3,14,segunda
465,18.14,2017,MARÇO,3,15,terca
465,18.14,2017,MARÇO,3,16,quarta
465,18.14,2017,MARÇO,3,17,quinta
465,18.14,2017,MARÇO,3,18,sexta
465,18.14,2017,MARÇO,3,19,sabado
465,18.14,2017,MARÇO,3,21,segunda
465,18.14,2017,MARÇO,3,22,terca
465,18.14,2017,MARÇO,3,23,quarta
465,18.14,2017,MARÇO,3,24,quinta
465,18.14,2017,MARÇO,3,25,sexta
465,18.14,2017,MARÇO,3,26,sabado
465,18.14,2017,MARÇO,3,28,segunda
465,18.14,2017,MARÇO,3,29,terca
465,18.14,2017,MARÇO,3,30,quarta
465,18.14,2017,MARÇO,3,31,quinta
465,18.14,2017,ABRIL,4,1,sabado
465,18.14,2017,ABRIL,4,2,domingo
465,18.14,2017,ABRIL,4,3,segunda
465,18.14,2017,ABRIL,4,4,terca
465,18.14,2017,ABRIL,4,5,quarta
465,18.14,2017,ABRIL,4,6,quinta
465,18.14,2017,ABRIL,4,7,sexta
465,18.14,2017,ABRIL,4,8,sabado
465,18.14,2017,ABRIL,4,9,domingo
465,18.14,2017,ABRIL,4,10,segunda
465,18.14,2017,ABRIL,4,11,terca
465,18.14,2017,ABRIL,4,12,quarta
465,18.14,2017,ABRIL,4,13,quinta
465,18.14,2017,ABRIL,4,14,sexta
465,18.14,2017,ABRIL,4,15,sabado
465,18.14,2017,ABRIL,4,16,domingo
465,18.14,2017,ABRIL,4,17,segunda
465,18.14,2017,ABRIL,4,18,terca
465,18.14,2017,ABRIL,4,19,quarta
465,18.14,2017,ABRIL,4,20,quinta
465,18.14,2017,ABRIL,4,21,sexta
465,18.14,2017,ABRIL,4,22,sabado
465,18.14,2017,ABRIL,4,23,domingo
465,18.14,2017,ABRIL,4,24,segunda
465,18.14,2017,ABRIL,4,25,terca
465,18.14,2017,ABRIL,4,26,quarta
465,18.14,2017,ABRIL,4,27,quinta
465,18.14,2017,ABRIL,4,28,sexta
465,18.14,2017,ABRIL,4,29,sabado
465,18.14,2017,ABRIL,4,30,domingo
465,18.14,2017,MAIO,5,1,segunda
465,18.14,2017,MAIO,5,2,terca
465,18.14,2017,MAIO,5,3,quarta
465,18.14,2017,MAIO,5,4,quinta
465,18.14,2017,MAIO,5,5,sexta
465,18.14,2017,MAIO,5,6,sabado
465,18.14,2017,MAIO,5,7,domingo
465,18.14,2017,MAIO,5,8,segunda
465,18.14,2017,MAIO,5,9,terca
465,18.14,2017,MAIO,5,10,quarta
465,18.14,2017,MAIO,5,11,quinta
465,18.14,2017,MAIO,5,12,sexta
465,18.14,2017,MAIO,5,13,sabado
465,18.14,2017,MAIO,5,14,domingo
465,18.14,2017,MAIO,5,15,segunda
465,18.14,2017,MAIO,5,16,terca
465,18.14,2017,MAIO,5,17,quarta
465,18.14,2017,MAIO,5,18,quinta
465,18.14,2017,MAIO,5,19,sexta
465,18.14,2017,MAIO,5,20,sabado
465,18.14,2017,MAIO,5,21,domingo
465,18.14,2017,MAIO,5,22,segunda
465,18.14,2017,MAIO,5,23,terca
465,18.14,2017,MAIO,5,24,quarta
465,18.14,2017,MAIO,5,25,quinta
465,18.14,2017,MAIO,5,26,sexta
465,18.14,2017,MAIO,5,27,sabado
465,18.14,2017,MAIO,5,28,domingo
465,18.14,2017,MAIO,5,29,segunda
465,18.14,2017,MAIO,5,30,terca
465,18.14,2017,MAIO,5,31,quarta
465,18.14,2017,JUNHO,6,1,quinta
465,18.14,2017,JUNHO,6,2,sexta
465,18.14,2017,JUNHO,6,3,sabado
465,18.14,2017,JUNHO,6,4,domingo
465,18.14,2017,JUNHO,6,5,segunda
465,18.14,2017,JUNHO,6,6,terca
465,18.14,2017,JUNHO,6,7,quarta
465,18.14,2017,JUNHO,6,8,quinta
465,18.14,2017,JUNHO,6,9,sexta
465,18.14,2017,JUNHO,6,10,sabado
465,18.14,2017,JUNHO,6,11,domingo
465,18.14,2017,JUNHO,6,12,segunda
465,18.14,2017,JUNHO,6,13,terca
465,18.14,2017,JUNHO,6,14,quarta
465,18.14,2017,JUNHO,6,15,quinta
465,18.14,2017,JUNHO,6,16,sexta
465,18.14,2017,JUNHO,6,17,sabado
465,18.14,2017,JUNHO,6,18,domingo
465,18.14,2017,JUNHO,6,19,segunda
465,18.14,2017,JUNHO,6,20,terca
465,18.14,2017,JUNHO,6,21,quarta
465,18.14,2017,JUNHO,6,22,quinta
465,18.14,2017,JUNHO,6,23,sexta
465,18.14,2017,JUNHO,6,24,sabado
465,18.14,2017,JUNHO,6,25,domingo
465,18.14,2017,JUNHO,6,26,segunda
465,18.14,2017,JUNHO,6,27,terca
465,18.14,2017,JUNHO,6,28,quarta
465,18.14,2017,JUNHO,6,29,quinta
465,18.14,2017,JUNHO,6,30,sexta
465,18.14,2017,JULHO,7,1,sabado
465,18.14,2017,JULHO,7,2,domingo
465,18.14,2017,JULHO,7,3,segunda
465,18.14,2017,JULHO,7,4,terca
465,18.14,2017,JULHO,7,5,quarta
465,18.14,2017,JULHO,7,6,quinta
465,18.14,2017,JULHO,7,7,sexta
465,18.14,2017,JULHO,7,8,sabado
465,18.14,2017,JULHO,7,9,domingo
465,18.14,2017,JULHO,7,10,segunda
465,18.14,2017,JULHO,7,11,terca
465,18.14,2017,JULHO,7,12,quarta
465,18.14,2017,JULHO,7,13,quinta
465,18.14,2017,JULHO,7,14,sexta
465,18.14,2017,JULHO,7,15,sabado
465,18.14,2017,JULHO,7,16,domingo
465,18.14,2017,JULHO,7,17,segunda
465,18.14,2017,JULHO,7,18,terca
465,18.14,2017,JULHO,7,19,quarta
465,18.14,2017,JULHO,7,20,quinta
465,18.14,2017,JULHO,7,21,sexta
465,18.14,2017,JULHO,7,22,sabado
465,18.14,2017,JULHO,7,23,domingo
465,18.14,2017,JULHO,7,24,segunda
465,18.14,2017,JULHO,7,25,terca
465,18.14,2017,JULHO,7,26,quarta
465,18.14,2017,JULHO,7,27,quinta
465,18.14,2017,JULHO,7,28,sexta
465,18.14,2017,JULHO,7,29,sabado
465,18.14,2017,JULHO,7,30,domingo
465,18.14,2017,JULHO,7,31,segunda
465,18.14,2017,AGOSTO,8,1,segunda
465,18.14,2017,AGOSTO,8,2,terca
465,18.14,2017,AGOSTO,8,3,quarta
465,18.14,2017,AGOSTO,8,4,quinta
465,18.14,2017,AGOSTO,8,5,sexta
465,18.14,2017,AGOSTO,8,6,sabado
465,18.14,2017,AGOSTO,8,7,segunda
465,18.14,2017,AGOSTO,8,8,terca
465,18.14,2017,AGOSTO,8,9,quarta
465,18.14,2017,AGOSTO,8,10,quinta
465,18.14,2017,AGOSTO,8,11,sexta
465,18.14,2017,AGOSTO,8,12,sabado
465,18.14,2017,AGOSTO,8,13,domingo
465,18.14,2017,AGOSTO,8,14,segunda
465,18.14,2017,AGOSTO,8,15,terca
465,18.14,2017,AGOSTO,8,16,quarta
465,18.14,2017,AGOSTO,8,17,quinta
465,18.14,2017,AGOSTO,8,18,sexta
465,18.14,2017,AGOSTO,8,19,sabado
465,18.14,2017,AGOSTO,8,20,domingo
465,18.14,2017,AGOSTO,8,21,segunda
465,18.14,2017,AGOSTO,8,22,terca
465,18.14,2017,AGOSTO,8,23,quarta
465,18.14,2017,AGOSTO,8,24,quinta
465,18.14,2017,AGOSTO,8,25,sexta
465,18.14,2017,AGOSTO,8,26,sabado
465,18.14,2017,AGOSTO,8,27,domingo
465,18.14,2017,AGOSTO,8,28,segunda
465,18.14,2017,AGOSTO,8,29,terca
465,18.14,2017,AGOSTO,8,30,quarta
465,18.14,2017,AGOSTO,8,31,quinta
465,18.14,2017,SETEMBRO,9,1,sexta
465,18.14,2017,SETEMBRO,9,2,sabado
465,18.14,2017,SETEMBRO,9,3,domingo
465,18.14,2017,SETEMBRO,9,4,segunda
465,18.14,2017,SETEMBRO,9,5,terca
465,18.14,2017,SETEMBRO,9,6,quarta
465,18.14,2017,SETEMBRO,9,7,quinta
465,18.14,2017,SETEMBRO,9,8,sexta
465,18.14,2017,SETEMBRO,9,9,sabado
465,18.14,2017,SETEMBRO,9,10,domingo
465,18.14,2017,SETEMBRO,9,11,segunda
465,18.14,2017,SETEMBRO,9,12,terca
465,18.14,2017,SETEMBRO,9,13,quarta
465,18.14,2017,SETEMBRO,9,14,quinta
465,18.14,2017,SETEMBRO,9,15,sexta
465,18.14,2017,SETEMBRO,9,16,sabado
465,18.14,2017,SETEMBRO,9,17,domingo
465,18.14,2017,SETEMBRO,9,18,segunda
465,18.14,2017,SETEMBRO,9,19,terca
465,18.14,2017,SETEMBRO,9,20,quarta
465,18.14,2017,SETEMBRO,9,21,quinta
465,18.14,2017,SETEMBRO,9,22,sexta
465,18.14,2017,SETEMBRO,9,23,sabado
465,18.14,2017,SETEMBRO,9,24,domingo
465,18.14,2017,SETEMBRO,9,25,segunda
465,18.14,2017,SETEMBRO,9,26,terca
465,18.14,2017,SETEMBRO,9,27,quarta
465,18.14,2017,SETEMBRO,9,28,quinta
465,18.14,2017,SETEMBRO,9,29,sexta
465,18.14,2017,SETEMBRO,9,30,sabado
465,18.14,2017,OUTUBRO,10,1,domingo
465,18.14,2017,OUTUBRO,10,2,segunda
465,18.14,2017,OUTUBRO,10,3,terca
465,18.14,2017,OUTUBRO,10,4,quarta
465,18.14,2017,OUTUBRO,10,5,quinta
465,18.14,2017,OUTUBRO,10,6,sexta
465,18.14,2017,OUTUBRO,10,7,sabado
465,18.14,2017,OUTUBRO,10,8,domingo
465,18.14,2017,OUTUBRO,10,9,segunda
465,18.14,2017,OUTUBRO,10,10,terca
465,18.14,2017,OUTUBRO,10,11,quarta
465,18.14,2017,OUTUBRO,10,12,quinta
465,18.14,2017,OUTUBRO,10,13,sexta
465,18.14,2017,OUTUBRO,10,14,sabado
465,18.14,2017,OUTUBRO,10,15,domingo
465,18.14,2017,OUTUBRO,10,16,segunda
465,18.14,2017,OUTUBRO,10,17,terca
465,18.14,2017,OUTUBRO,10,18,quarta
465,18.14,2017,OUTUBRO,10,19,quinta
465,18.14,2017,OUTUBRO,10,20,sexta
465,18.14,2017,OUTUBRO,10,21,sabado
465,18.14,2017,OUTUBRO,10,22,domingo
465,18.14,2017,OUTUBRO,10,23,segunda
465,18.14,2017,OUTUBRO,10,24,terca
465,18.14,2017,OUTUBRO,10,25,quarta
465,18.14,2017,OUTUBRO,10,26,quinta
465,18.14,2017,OUTUBRO,10,27,sexta
465,18.14,2017,OUTUBRO,10,28,sabado
465,18.14,2017,OUTUBRO,10,29,domingo
465,18.14,2017,OUTUBRO,10,30,segunda
465,18.14,2017,OUTUBRO,10,31,terca
465,18.14,2017,NOVEMBRO,11,1,quarta
465,18.14,2017,NOVEMBRO,11,2,quinta
465,18.14,2017,NOVEMBRO,11,3,sexta
465,18.14,2017,NOVEMBRO,11,4,sabado
465,18.14,2017,NOVEMBRO,11,5,domingo
465,18.14,2017,NOVEMBRO,11,6,segunda
465,18.14,2017,NOVEMBRO,11,7,terca
465,18.14,2017,NOVEMBRO,11,8,quarta
465,18.14,2017,NOVEMBRO,11,9,quinta
465,18.14,2017,NOVEMBRO,11,10,sexta
465,18.14,2017,NOVEMBRO,11,11,sabado
465,18.14,2017,NOVEMBRO,11,12,domingo
465,18.14,2017,NOVEMBRO,11,13,segunda
465,18.14,2017,NOVEMBRO,11,14,terca
465,18.14,2017,NOVEMBRO,11,15,quarta
465,18.14,2017,NOVEMBRO,11,16,quinta
465,18.14,2017,NOVEMBRO,11,17,sexta
465,18.14,2017,NOVEMBRO,11,18,sabado
465,18.14,2017,NOVEMBRO,11,19,domingo
465,18.14,2017,NOVEMBRO,11,20,segunda
465,18.14,2017,NOVEMBRO,11,21,terca
465,18.14,2017,NOVEMBRO,11,22,quarta
465,18.14,2017,NOVEMBRO,11,23,quinta
465,18.14,2017,NOVEMBRO,11,24,sexta
465,18.14,2017,NOVEMBRO,11,25,sabado
465,18.14,2017,NOVEMBRO,11,26,domingo
465,18.14,2017,NOVEMBRO,11,27,segunda
465,18.14,2017,NOVEMBRO,11,28,terca
465,18.14,2017,NOVEMBRO,11,29,quarta
465,18.14,2017,NOVEMBRO,11,30,quinta
465,18.14,2017,DEZEMBRO,12,1,sexta
465,18.14,2017,DEZEMBRO,12,2,sabado
465,18.14,2017,DEZEMBRO,12,3,domingo
465,18.14,2017,DEZEMBRO,12,4,segunda
465,18.14,2017,DEZEMBRO,12,5,terca
465,18.14,2017,DEZEMBRO,12,6,quarta
465,18.14,2017,DEZEMBRO,12,7,quinta
465,18.14,2017,DEZEMBRO,12,8,sexta
465,18.14,2017,DEZEMBRO,12,9,sabado
465,18.14,2017,DEZEMBRO,12,10,domingo
465,18.14,2017,DEZEMBRO,12,11,segunda
465,18.14,2017,DEZEMBRO,12,12,terca
465,18.14,2017,DEZEMBRO,12,13,quarta
465,18.14,2017,DEZEMBRO,12,14,quinta
465,18.14,2017,DEZEMBRO,12,15,sexta
465,18.14,2017,DEZEMBRO,12,16,sabado
465,18.14,2017,DEZEMBRO,12,17,domingo
465,18.14,2017,DEZEMBRO,12,18,segunda
465,18.14,2017,DEZEMBRO,12,19,terca
465,18.14,2017,DEZEMBRO,12,20,quarta
465,18.14,2017,DEZEMBRO,12,21,quinta
465,18.14,2017,DEZEMBRO,12,22,sexta
465,18.14,2017,DEZEMBRO,12,23,sabado
465,18.14,2017,DEZEMBRO,12,24,domingo
465,18.14,2017,DEZEMBRO,12,25,segunda
465,18.14,2017,DEZEMBRO,12,26,terca
465,18.14,2017,DEZEMBRO,12,27,quarta
465,18.14,2017,DEZEMBRO,12,28,quinta
465,18.14,2017,DEZEMBRO,12,29,sexta
465,18.14,2017,DEZEMBRO,12,30,sabado
465,18.14,2017,DEZEMBRO,12,31,domingo
465,18.14,2018,JANEIRO,1,1,segunda
465,18.14,2018,JANEIRO,1,2,terca
465,18.14,2018,JANEIRO,1,3,quarta
465,18.14,2018,JANEIRO,1,4,quinta
465,18.14,2018,JANEIRO,1,5,sexta
465,18.14,2018,JANEIRO,1,6,sabado
465,18.14,2018,JANEIRO,1,7,domingo
465,18.14,2018,JANEIRO,1,8,segunda
465,18.14,2018,JANEIRO,1,9,terca
465,18.14,2018,JANEIRO,1,10,quarta
465,18.14,2018,JANEIRO,1,11,quinta
465,18.14,2018,JANEIRO,1,12,sexta
465,18.14,2018,JANEIRO,1,13,sabado
465,18.14,2018,JANEIRO,1,14,domingo
465,18.14,2018,JANEIRO,1,15,segunda
465,18.14,2018,JANEIRO,1,16,terca
465,18.14,2018,JANEIRO,1,17,quarta
465,18.14,2018,JANEIRO,1,18,quinta
465,18.14,2018,JANEIRO,1,19,sexta
465,18.14,2018,JANEIRO,1,20,sabado
465,18.14,2018,JANEIRO,1,21,domingo
465,18.14,2018,JANEIRO,1,22,segunda
465,18.14,2018,JANEIRO,1,23,terca
465,18.14,2018,JANEIRO,1,24,quarta
465,18.14,2018,JANEIRO,1,25,quinta
465,18.14,2018,JANEIRO,1,26,sexta
465,18.14,2018,JANEIRO,1,27,sabado
465,18.14,2018,JANEIRO,1,28,domingo
465,18.14,2018,JANEIRO,1,29,segunda
465,18.14,2018,JANEIRO,1,30,terca
465,18.14,2018,JANEIRO,1,31,quarta
465,18.14,2018,FEVEREIRO,2,1,quinta
465,18.14,2018,FEVEREIRO,2,2,sexta
465,18.14,2018,FEVEREIRO,2,3,sabado
465,18.14,2018,FEVEREIRO,2,4,domingo
465,18.14,2018,FEVEREIRO,2,5,segunda
465,18.14,2018,FEVEREIRO,2,6,terca
465,18.14,2018,FEVEREIRO,2,7,quarta
465,18.14,2018,FEVEREIRO,2,8,quinta
465,18.14,2018,FEVEREIRO,2,9,sexta
465,18.14,2018,FEVEREIRO,2,10,sabado
465,18.14,2018,FEVEREIRO,2,11,domingo
465,18.14,2018,FEVEREIRO,2,12,segunda
465,18.14,2018,FEVEREIRO,2,13,terca
465,18.14,2018,FEVEREIRO,2,14,quarta
465,18.14,2018,FEVEREIRO,2,15,quinta
465,18.14,2018,FEVEREIRO,2,16,sexta
465,18.14,2018,FEVEREIRO,2,17,sabado
465,18.14,2018,FEVEREIRO,2,18,domingo
465,18.14,2018,FEVEREIRO,2,19,segunda
465,18.14,2018,FEVEREIRO,2,20,terca
465,18.14,2018,FEVEREIRO,2,21,quarta
465,18.14,2018,FEVEREIRO,2,22,quinta
465,18.14,2018,FEVEREIRO,2,23,sexta
465,18.14,2018,FEVEREIRO,2,24,sabado
465,18.14,2018,FEVEREIRO,2,25,domingo
465,18.14,2018,FEVEREIRO,2,26,segunda
465,18.14,2018,FEVEREIRO,2,27,terca
465,18.14,2018,FEVEREIRO,2,28,quarta
465,18.14,2018,MARÇO,3,1,quinta
465,18.14,2018,MARÇO,3,2,sexta
465,18.14,2018,MARÇO,3,3,sabado
465,18.14,2018,MARÇO,3,4,domingo
465,18.14,2018,MARÇO,3,5,segunda
465,18.14,2018,MARÇO,3,6,terca
465,18.14,2018,MARÇO,3,7,quarta
465,18.14,2018,MARÇO,3,8,quinta
465,18.14,2018,MARÇO,3,9,sexta
465,18.14,2018,MARÇO,3,10,sabado
465,18.14,2018,MARÇO,3,11,domingo
465,18.14,2018,MARÇO,3,12,segunda
465,18.14,2018,MARÇO,3,13,terca
465,18.14,2018,MARÇO,3,14,quarta
465,18.14,2018,MARÇO,3,15,quinta
465,18.14,2018,MARÇO,3,16,sexta
465,18.14,2018,MARÇO,3,17,sabado
465,18.14,2018,MARÇO,3,18,domingo
465,18.14,2018,MARÇO,3,19,segunda
465,18.14,2018,MARÇO,3,20,terca
465,18.14,2018,MARÇO,3,21,quarta
465,18.14,2018,MARÇO,3,22,quinta
465,18.14,2018,MARÇO,3,23,sexta
465,18.14,2018,MARÇO,3,24,sabado
465,18.14,2018,MARÇO,3,25,domingo
465,18.14,2018,MARÇO,3,26,segunda
465,18.14,2018,MARÇO,3,27,terca
465,18.14,2018,MARÇO,3,28,quarta
465,18.14,2018,MARÇO,3,29,quinta
465,18.14,2018,MARÇO,3,30,sexta
465,18.14,2018,MARÇO,3,31,sabado
465,18.14,2018,ABRIL,4,1,domingo
465,18.14,2018,ABRIL,4,2,segunda
465,18.14,2018,ABRIL,4,3,terca
465,18.14,2018,ABRIL,4,4,quarta
465,18.14,2018,ABRIL,4,5,quinta
465,18.14,2018,ABRIL,4,6,sexta
465,18.14,2018,ABRIL,4,7,sabado
465,18.14,2018,ABRIL,4,8,domingo
465,18.14,2018,ABRIL,4,9,segunda
465,18.14,2018,ABRIL,4,10,terca
465,18.14,2018,ABRIL,4,11,quarta
465,18.14,2018,ABRIL,4,12,quinta
465,18.14,2018,ABRIL,4,13,sexta
465,18.14,2018,ABRIL,4,14,sabado
465,18.14,2018,ABRIL,4,15,domingo
465,18.14,2018,ABRIL,4,16,segunda
465,18.14,2018,ABRIL,4,17,terca
465,18.14,2018,ABRIL,4,18,quarta
465,18.14,2018,ABRIL,4,19,quinta
465,18.14,2018,ABRIL,4,20,sexta
465,18.14,2018,ABRIL,4,21,sabado
465,18.14,2018,ABRIL,4,22,domingo
465,18.14,2018,ABRIL,4,23,segunda
465,18.14,2018,ABRIL,4,24,terca
465,18.14,2018,ABRIL,4,25,quarta
465,18.14,2018,ABRIL,4,26,quinta
465,18.14,2018,ABRIL,4,27,sexta
465,18.14,2018,ABRIL,4,28,sabado
465,18.14,2018,ABRIL,4,29,domingo
465,18.14,2018,ABRIL,4,30,segunda
465,18.14,2018,MAIO,5,1,terca
465,18.14,2018,MAIO,5,2,quarta
465,18.14,2018,MAIO,5,3,quinta
465,18.14,2018,MAIO,5,4,sexta
465,18.14,2018,MAIO,5,5,sabado
465,18.14,2018,MAIO,5,6,domingo
465,18.14,2018,MAIO,5,7,segunda
465,18.14,2018,MAIO,5,8,terca
465,18.14,2018,MAIO,5,9,quarta
465,18.14,2018,MAIO,5,10,quinta
465,18.14,2018,MAIO,5,11,sexta
465,18.14,2018,MAIO,5,12,sabado
465,18.14,2018,MAIO,5,13,domingo
465,18.14,2018,MAIO,5,14,segunda
465,18.14,2018,MAIO,5,15,terca
465,18.14,2018,MAIO,5,16,quarta
465,18.14,2018,MAIO,5,17,quinta
465,18.14,2018,MAIO,5,18,sexta
465,18.14,2018,MAIO,5,19,sabado
465,18.14,2018,MAIO,5,20,domingo
465,18.14,2018,MAIO,5,21,segunda
465,18.14,2018,MAIO,5,22,terca
465,18.14,2018,MAIO,5,23,quarta
465,18.14,2018,MAIO,5,24,quinta
465,18.14,2018,MAIO,5,25,sexta
465,18.14,2018,MAIO,5,26,sabado
465,18.14,2018,MAIO,5,27,domingo
465,18.14,2018,MAIO,5,28,segunda
465,18.14,2018,MAIO,5,29,terca
465,18.14,2018,MAIO,5,30,quarta
465,18.14,2018,MAIO,5,31,quinta
465,18.14,2018,JUNHO,6,1,sexta
465,18.14,2018,JUNHO,6,2,sabado
465,18.14,2018,JUNHO,6,3,domingo
465,18.14,2018,JUNHO,6,4,segunda
465,18.14,2018,JUNHO,6,5,terca
465,18.14,2018,JUNHO,6,6,quarta
465,18.14,2018,JUNHO,6,7,quinta
465,18.14,2018,JUNHO,6,8,sexta
465,18.14,2018,JUNHO,6,9,sabado
465,18.14,2018,JUNHO,6,10,domingo
465,18.14,2018,JUNHO,6,11,segunda
465,18.14,2018,JUNHO,6,12,terca
465,18.14,2018,JUNHO,6,13,quarta
465,18.14,2018,JUNHO,6,14,quinta
465,18.14,2018,JUNHO,6,15,sexta
465,18.14,2018,JUNHO,6,16,sabado
465,18.14,2018,JUNHO,6,17,domingo
465,18.14,2018,JUNHO,6,18,segunda
465,18.14,2018,JUNHO,6,19,terca
465,18.14,2018,JUNHO,6,20,quarta
465,18.14,2018,JUNHO,6,21,quinta
465,18.14,2018,JUNHO,6,22,sexta
465,18.14,2018,JUNHO,6,23,sabado
465,18.14,2018,JUNHO,6,24,domingo
465,18.14,2018,JUNHO,6,25,segunda
465,18.14,2018,JUNHO,6,26,terca
465,18.14,2018,JUNHO,6,27,quarta
465,18.14,2018,JUNHO,6,28,quinta
465,18.14,2018,JUNHO,6,29,sexta
465,18.14,2018,JUNHO,6,30,sabado
465,18.14,2018,JULHO,7,1,domingo
465,18.14,2018,JULHO,7,2,segunda
465,18.14,2018,JULHO,7,3,terca
465,18.14,2018,JULHO,7,4,quarta
465,18.14,2018,JULHO,7,5,quinta
465,18.14,2018,JULHO,7,6,sexta
465,18.14,2018,JULHO,7,7,sabado
465,18.14,2018,JULHO,7,8,domingo
465,18.14,2018,JULHO,7,9,segunda
465,18.14,2018,JULHO,7,10,terca
465,18.14,2018,JULHO,7,11,quarta
465,18.14,2018,JULHO,7,12,quinta
465,18.14,2018,JULHO,7,13,sexta
465,18.14,2018,JULHO,7,14,sabado
465,18.14,2018,JULHO,7,15,domingo
465,18.14,2018,JULHO,7,16,segunda
465,18.14,2018,JULHO,7,17,terca
465,18.14,2018,JULHO,7,18,quarta
465,18.14,2018,JULHO,7,19,quinta
465,18.14,2018,JULHO,7,20,sexta
465,18.14,2018,JULHO,7,21,sabado
465,18.14,2018,JULHO,7,22,domingo
465,18.14,2018,JULHO,7,23,segunda
465,18.14,2018,JULHO,7,24,terca
465,18.14,2018,JULHO,7,25,quarta
465,18.14,2018,JULHO,7,26,quinta
465,18.14,2018,JULHO,7,27,sexta
465,18.14,2018,JULHO,7,28,sabado
465,18.14,2018,JULHO,7,29,domingo
465,18.14,2018,JULHO,7,30,segunda
465,18.14,2018,JULHO,7,31,terca
465,18.14,2018,AGOSTO,8,1,quarta
465,18.14,2018,AGOSTO,8,2,quinta
465,18.14,2018,AGOSTO,8,3,sexta
465,18.14,2018,AGOSTO,8,4,sabado
465,18.14,2018,AGOSTO,8,5,domingo
465,18.14,2018,AGOSTO,8,6,segunda
465,18.14,2018,AGOSTO,8,7,terca
465,18.14,2018,AGOSTO,8,8,quarta
465,18.14,2018,AGOSTO,8,9,quinta
465,18.14,2018,AGOSTO,8,10,sexta
465,18.14,2018,AGOSTO,8,11,sabado
465,18.14,2018,AGOSTO,8,12,domingo
465,18.14,2018,AGOSTO,8,13,segunda
465,18.14,2018,AGOSTO,8,14,terca
465,18.14,2018,AGOSTO,8,15,quarta
465,18.14,2018,AGOSTO,8,16,quinta
465,18.14,2018,AGOSTO,8,17,sexta
465,18.14,2018,AGOSTO,8,18,sabado
465,18.14,2018,AGOSTO,8,19,domingo
465,18.14,2018,AGOSTO,8,20,segunda
465,18.14,2018,AGOSTO,8,21,terca
465,18.14,2018,AGOSTO,8,22,quarta
465,18.14,2018,AGOSTO,8,23,quinta
465,18.14,2018,AGOSTO,8,24,sexta
465,18.14,2018,AGOSTO,8,25,sabado
465,18.14,2018,AGOSTO,8,26,domingo
465,18.14,2018,AGOSTO,8,27,segunda
465,18.14,2018,AGOSTO,8,28,terca
465,18.14,2018,AGOSTO,8,29,quarta
465,18.14,2018,AGOSTO,8,30,quinta
465,18.14,2018,AGOSTO,8,31,sexta
465,18.14,2018,SETEMBRO,9,1,sabado
465,18.14,2018,SETEMBRO,9,2,domingo
465,18.14,2018,SETEMBRO,9,3,segunda
465,18.14,2018,SETEMBRO,9,4,terca
465,18.14,2018,SETEMBRO,9,5,quarta
465,18.14,2018,SETEMBRO,9,6,quinta
465,18.14,2018,SETEMBRO,9,7,sexta
465,18.14,2018,SETEMBRO,9,8,sabado
465,18.14,2018,SETEMBRO,9,9,domingo
465,18.14,2018,SETEMBRO,9,10,segunda
465,18.14,2018,SETEMBRO,9,11,terca
465,18.14,2018,SETEMBRO,9,12,quarta
465,18.14,2018,SETEMBRO,9,13,quinta
465,18.14,2018,SETEMBRO,9,14,sexta
465,18.14,2018,SETEMBRO,9,15,sabado
465,18.14,2018,SETEMBRO,9,16,domingo
465,18.14,2018,SETEMBRO,9,17,segunda
465,18.14,2018,SETEMBRO,9,18,terca
465,18.14,2018,SETEMBRO,9,19,quarta
465,18.14,2018,SETEMBRO,9,20,quinta
465,18.14,2018,SETEMBRO,9,21,sexta
465,18.14,2018,SETEMBRO,9,22,sabado
465,18.14,2018,SETEMBRO,9,23,domingo
465,18.14,2018,SETEMBRO,9,24,segunda
465,18.14,2018,SETEMBRO,9,25,terca
465,18.14,2018,SETEMBRO,9,26,quarta
465,18.14,2018,SETEMBRO,9,27,quinta
465,18.14,2018,SETEMBRO,9,28,sexta
465,18.14,2018,SETEMBRO,9,29,sabado
465,18.14,2018,SETEMBRO,9,30,domingo
465,18.14,2018,OUTUBRO,10,1,segunda
465,18.14,2018,OUTUBRO,10,2,terca
465,18.14,2018,OUTUBRO,10,3,quarta
465,18.14,2018,OUTUBRO,10,4,quinta
465,18.14,2018,OUTUBRO,10,5,sexta
465,18.14,2018,OUTUBRO,10,6,sabado
465,18.14,2018,OUTUBRO,10,7,domingo
465,18.14,2018,OUTUBRO,10,8,segunda
465,18.14,2018,OUTUBRO,10,9,terca
465,18.14,2018,OUTUBRO,10,10,quarta
465,18.14,2018,OUTUBRO,10,11,quinta
465,18.14,2018,OUTUBRO,10,12,sexta
465,18.14,2018,OUTUBRO,10,13,sabado
465,18.14,2018,OUTUBRO,10,14,domingo
465,18.14,2018,OUTUBRO,10,15,segunda
465,18.14,2018,OUTUBRO,10,16,terca
465,18.14,2018,OUTUBRO,10,17,quarta
465,18.14,2018,OUTUBRO,10,18,quinta
465,18.14,2018,OUTUBRO,10,19,sexta
465,18.14,2018,OUTUBRO,10,20,sabado
465,18.14,2018,OUTUBRO,10,21,domingo
465,18.14,2018,OUTUBRO,10,22,segunda
465,18.14,2018,OUTUBRO,10,23,terca
465,18.14,2018,OUTUBRO,10,24,quarta
465,18.14,2018,OUTUBRO,10,25,quinta
465,18.14,2018,OUTUBRO,10,26,sexta
465,18.14,2018,OUTUBRO,10,27,sabado
465,18.14,2018,OUTUBRO,10,28,domingo
465,18.14,2018,OUTUBRO,10,29,segunda
465,18.14,2018,OUTUBRO,10,30,terca
465,18.14,2018,OUTUBRO,10,31,quarta
465,18.14,2018,NOVEMBRO,11,1,quinta
465,18.14,2018,NOVEMBRO,11,2,sexta
465,18.14,2018,NOVEMBRO,11,3,sabado
465,18.14,2018,NOVEMBRO,11,4,domingo
465,18.14,2018,NOVEMBRO,11,5,segunda
465,18.14,2018,NOVEMBRO,11,6,terca
465,18.14,2018,NOVEMBRO,11,7,quarta
465,18.14,2018,NOVEMBRO,11,8,quinta
465,18.14,2018,NOVEMBRO,11,9,sexta
465,18.14,2018,NOVEMBRO,11,10,sabado
465,18.14,2018,NOVEMBRO,11,11,domingo
465,18.14,2018,NOVEMBRO,11,12,segunda
465,18.14,2018,NOVEMBRO,11,13,terca
465,18.14,2018,NOVEMBRO,11,14,quarta
465,18.14,2018,NOVEMBRO,11,15,quinta
465,18.14,2018,NOVEMBRO,11,16,sexta
465,18.14,2018,NOVEMBRO,11,17,sabado
465,18.14,2018,NOVEMBRO,11,18,domingo
465,18.14,2018,NOVEMBRO,11,19,segunda
465,18.14,2018,NOVEMBRO,11,20,terca
465,18.14,2018,NOVEMBRO,11,21,quarta
465,18.14,2018,NOVEMBRO,11,22,quinta
465,18.14,2018,NOVEMBRO,11,23,sexta
465,18.14,2018,NOVEMBRO,11,24,sabado
465,18.14,2018,NOVEMBRO,11,25,domingo
465,18.14,2018,NOVEMBRO,11,26,segunda
465,18.14,2018,NOVEMBRO,11,27,terca
465,18.14,2018,NOVEMBRO,11,28,quarta
465,18.14,2018,NOVEMBRO,11,29,quinta
465,18.14,2018,NOVEMBRO,11,30,sexta
465,18.14,2018,DEZEMBRO,12,1,sabado
465,18.14,2018,DEZEMBRO,12,2,domingo
465,18.14,2018,DEZEMBRO,12,3,segunda
465,18.14,2018,DEZEMBRO,12,4,terca
465,18.14,2018,DEZEMBRO,12,5,quarta
465,18.14,2018,DEZEMBRO,12,6,quinta
465,18.14,2018,DEZEMBRO,12,7,sexta
465,18.14,2018,DEZEMBRO,12,8,sabado
465,18.14,2018,DEZEMBRO,12,9,domingo
465,18.14,2018,DEZEMBRO,12,10,segunda
465,18.14,2018,DEZEMBRO,12,11,terca
465,18.14,2018,DEZEMBRO,12,12,quarta
465,18.14,2018,DEZEMBRO,12,13,quinta
465,18.14,2018,DEZEMBRO,12,14,sexta
465,18.14,2018,DEZEMBRO,12,15,sabado
465,18.14,2018,DEZEMBRO,12,16,domingo
465,18.14,2018,DEZEMBRO,12,17,segunda
465,18.14,2018,DEZEMBRO,12,18,terca
465,18.14,2018,DEZEMBRO,12,19,quarta
465,18.14,2018,DEZEMBRO,12,20,quinta
465,18.14,2018,DEZEMBRO,12,21,sexta
465,18.14,2018,DEZEMBRO,12,22,sabado
465,18.14,2018,DEZEMBRO,12,23,domingo
465,18.14,2018,DEZEMBRO,12,24,segunda
465,18.14,2018,DEZEMBRO,12,25,terca
465,18.14,2018,DEZEMBRO,12,26,quarta
465,18.14,2018,DEZEMBRO,12,27,quinta
465,18.14,2018,DEZEMBRO,12,28,sexta
465,18.14,2018,DEZEMBRO,12,29,sabado
465,18.14,2018,DEZEMBRO,12,30,domingo
465,18.14,2018,DEZEMBRO,12,31,segunda
466,18.14,2019,JANEIRO,1,1,terca
466,18.14,2019,JANEIRO,1,2,quarta
466,18.14,2019,JANEIRO,1,3,quinta
466,18.14,2019,JANEIRO,1,4,sexta
466,18.14,2019,JANEIRO,1,5,sabado
466,18.14,2019,JANEIRO,1,6,domingo
466,18.14,2019,JANEIRO,1,7,segunda
466,18.14,2019,JANEIRO,1,8,terca
466,18.14,2019,JANEIRO,1,9,quarta
466,18.14,2019,JANEIRO,1,10,quinta
466,18.14,2019,JANEIRO,1,11,sexta
466,18.14,2019,JANEIRO,1,12,sabado
466,18.14,2019,JANEIRO,1,13,domingo
466,18.14,2019,JANEIRO,1,14,segunda
466,18.14,2019,JANEIRO,1,15,terca
466,18.14,2019,JANEIRO,1,16,quarta
466,18.14,2019,JANEIRO,1,17,quinta
466,18.14,2019,JANEIRO,1,18,sexta
466,18.14,2019,JANEIRO,1,19,sabado
466,18.14,2019,JANEIRO,1,20,domingo
466,18.14,2019,JANEIRO,1,21,segunda
466,18.14,2019,JANEIRO,1,22,terca
466,18.14,2019,JANEIRO,1,23,quarta
466,18.14,2019,JANEIRO,1,24,quinta
466,18.14,2019,JANEIRO,1,25,sexta
466,18.14,2019,JANEIRO,1,26,sabado
466,18.14,2019,JANEIRO,1,27,domingo
466,18.14,2019,JANEIRO,1,28,segunda
466,18.14,2019,JANEIRO,1,29,terca
466,18.14,2019,JANEIRO,1,30,quarta
466,18.14,2019,JANEIRO,1,31,quinta
466,18.14,2019,FEVEREIRO,2,1,sexta
466,18.14,2019,FEVEREIRO,2,2,sabado
466,18.14,2019,FEVEREIRO,2,3,domingo
466,18.14,2019,FEVEREIRO,2,4,segunda
466,18.14,2019,FEVEREIRO,2,5,terca
466,18.14,2019,FEVEREIRO,2,6,quarta
466,18.14,2019,FEVEREIRO,2,7,quinta
466,18.14,2019,FEVEREIRO,2,8,sexta
466,18.14,2019,FEVEREIRO,2,9,sabado
466,18.14,2019,FEVEREIRO,2,10,domingo
466,18.14,2019,FEVEREIRO,2,11,segunda
466,18.14,2019,FEVEREIRO,2,12,terca
466,18.14,2019,FEVEREIRO,2,13,quarta
466,18.14,2019,FEVEREIRO,2,14,quinta
466,18.14,2019,FEVEREIRO,2,15,sexta
466,18.14,2019,FEVEREIRO,2,16,sabado
466,18.14,2019,FEVEREIRO,2,17,domingo
466,18.14,2019,FEVEREIRO,2,18,segunda
466,18.14,2019,FEVEREIRO,2,19,terca
466,18.14,2019,FEVEREIRO,2,20,quarta
466,18.14,2019,FEVEREIRO,2,21,quinta
466,18.14,2019,FEVEREIRO,2,22,sexta
466,18.14,2019,FEVEREIRO,2,23,sabado
466,18.14,2019,FEVEREIRO,2,24,domingo
466,18.14,2019,FEVEREIRO,2,25,segunda
466,18.14,2019,FEVEREIRO,2,26,terca
466,18.14,2019,FEVEREIRO,2,27,quarta
466,18.14,2019,FEVEREIRO,2,28,quinta
466,18.14,2019,MARÇO,3,1,sexta
466,18.14,2019,MARÇO,3,2,sabado
466,18.14,2019,MARÇO,3,3,domingo
466,18.14,2019,MARÇO,3,4,segunda
466,18.14,2019,MARÇO,3,5,terca
466,18.14,2019,MARÇO,3,6,quarta
466,18.14,2019,MARÇO,3,7,quinta
466,18.14,2019,MARÇO,3,8,sexta
466,18.14,2019,MARÇO,3,9,sabado
466,18.14,2019,MARÇO,3,10,domingo
466,18.14,2019,MARÇO,3,11,segunda
466,18.14,2019,MARÇO,3,12,terca
466,18.14,2019,MARÇO,3,13,quarta
466,18.14,2019,MARÇO,3,14,quinta
466,18.14,2019,MARÇO,3,15,sexta
466,18.14,2019,MARÇO,3,16,sabado
466,18.14,2019,MARÇO,3,17,domingo
466,18.14,2019,MARÇO,3,18,segunda
466,18.14,2019,MARÇO,3,19,terca
466,18.14,2019,MARÇO,3,20,quarta
466,18.14,2019,MARÇO,3,21,quinta
466,18.14,2019,MARÇO,3,22,sexta
466,18.14,2019,MARÇO,3,23,sabado
466,18.14,2019,MARÇO,3,24,domingo
466,18.14,2019,MARÇO,3,25,segunda
466,18.14,2019,MARÇO,3,26,terca
466,18.14,2019,MARÇO,3,27,quarta
466,18.14,2019,MARÇO,3,28,quinta
466,18.14,2019,MARÇO,3,29,sexta
466,18.14,2019,MARÇO,3,30,sabado
466,18.14,2019,MARÇO,3,31,domingo
466,18.14,2019,ABRIL,4,1,segunda
466,18.14,2019,ABRIL,4,2,terca
466,18.14,2019,ABRIL,4,3,quarta
466,18.14,2019,ABRIL,4,4,quinta
466,18.14,2019,ABRIL,4,5,sexta
466,18.14,2019,ABRIL,4,6,sabado
466,18.14,2019,ABRIL,4,7,domingo
466,18.14,2019,ABRIL,4,8,segunda
466,18.14,2019,ABRIL,4,9,terca
466,18.14,2019,ABRIL,4,10,quarta
466,18.14,2019,ABRIL,4,11,quinta
466,18.14,2019,ABRIL,4,12,sexta
466,18.14,2019,ABRIL,4,13,sabado
466,18.14,2019,ABRIL,4,14,domingo
466,18.14,2019,ABRIL,4,15,segunda
466,18.14,2019,ABRIL,4,16,terca
466,18.14,2019,ABRIL,4,17,quarta
466,18.14,2019,ABRIL,4,18,quinta
466,18.14,2019,ABRIL,4,19,sexta
466,18.14,2019,ABRIL,4,20,sabado
466,18.14,2019,ABRIL,4,21,domingo
466,18.14,2019,ABRIL,4,22,segunda
466,18.14,2019,ABRIL,4,23,terca
466,18.14,2019,ABRIL,4,24,quarta
466,18.14,2019,ABRIL,4,25,quinta
466,18.14,2019,ABRIL,4,26,sexta
466,18.14,2019,ABRIL,4,27,sabado
466,18.14,2019,ABRIL,4,28,domingo
466,18.14,2019,ABRIL,4,29,segunda
466,18.14,2019,ABRIL,4,30,terca
466,18.14,2019,MAIO,5,1,quarta
466,18.14,2019,MAIO,5,2,quinta
466,18.14,2019,MAIO,5,3,sexta
466,18.14,2019,MAIO,5,4,sabado
466,18.14,2019,MAIO,5,5,domingo
466,18.14,2019,MAIO,5,6,segunda
466,18.14,2019,MAIO,5,7,terca
466,18.14,2019,MAIO,5,8,quarta
466,18.14,2019,MAIO,5,9,quinta
466,18.14,2019,MAIO,5,10,sexta
466,18.14,2019,MAIO,5,11,sabado
466,18.14,2019,MAIO,5,12,domingo
466,18.14,2019,MAIO,5,13,segunda
466,18.14,2019,MAIO,5,14,terca
466,18.14,2019,MAIO,5,15,quarta
466,18.14,2019,MAIO,5,16,quinta
466,18.14,2019,MAIO,5,17,sexta
466,18.14,2019,MAIO,5,18,sabado
466,18.14,2019,MAIO,5,19,domingo
466,18.14,2019,MAIO,5,20,segunda
466,18.14,2019,MAIO,5,21,terca
466,18.14,2019,MAIO,5,22,quarta
466,18.14,2019,MAIO,5,23,quinta
466,18.14,2019,MAIO,5,24,sexta
466,18.14,2019,MAIO,5,25,sabado
466,18.14,2019,MAIO,5,26,domingo
466,18.14,2019,MAIO,5,27,segunda
466,18.14,2019,MAIO,5,28,terca
466,18.14,2019,MAIO,5,29,quarta
466,18.14,2019,MAIO,5,30,quinta
466,18.14,2019,MAIO,5,31,sexta
466,18.14,2019,JUNHO,6,1,sabado
466,18.14,2019,JUNHO,6,2,domingo
466,18.14,2019,JUNHO,6,3,segunda
466,18.14,2019,JUNHO,6,4,terca
466,18.14,2019,JUNHO,6,5,quarta
466,18.14,2019,JUNHO,6,6,quinta
466,18.14,2019,JUNHO,6,7,sexta
466,18.14,2019,JUNHO,6,8,sabado
466,18.14,2019,JUNHO,6,9,domingo
466,18.14,2019,JUNHO,6,10,segunda
466,18.14,2019,JUNHO,6,11,terca
466,18.14,2019,JUNHO,6,12,quarta
466,18.14,2019,JUNHO,6,13,quinta
466,18.14,2019,JUNHO,6,14,sexta
466,18.14,2019,JUNHO,6,15,sabado
466,18.14,2019,JUNHO,6,16,domingo
466,18.14,2019,JUNHO,6,17,segunda
466,18.14,2019,JUNHO,6,18,terca
466,18.14,2019,JUNHO,6,19,quarta
466,18.14,2019,JUNHO,6,20,quinta
466,18.14,2019,JUNHO,6,21,sexta
466,18.14,2019,JUNHO,6,22,sabado
466,18.14,2019,JUNHO,6,23,domingo
466,18.14,2019,JUNHO,6,24,segunda
466,18.14,2019,JUNHO,6,25,terca
466,18.14,2019,JUNHO,6,26,quarta
466,18.14,2019,JUNHO,6,27,quinta
466,18.14,2019,JUNHO,6,28,sexta
466,18.14,2019,JUNHO,6,29,sabado
466,18.14,2019,JUNHO,6,30,domingo
466,18.14,2019,JULHO,7,1,segunda
466,18.14,2019,JULHO,7,2,terca
466,18.14,2019,JULHO,7,3,quarta
466,18.14,2019,JULHO,7,4,quinta
466,18.14,2019,JULHO,7,5,sexta
466,18.14,2019,JULHO,7,6,sabado
466,18.14,2019,JULHO,7,7,domingo
466,18.14,2019,JULHO,7,8,segunda
466,18.14,2019,JULHO,7,9,terca
466,18.14,2019,JULHO,7,10,quarta
466,18.14,2019,JULHO,7,11,quinta
466,18.14,2019,JULHO,7,12,sexta
466,18.14,2019,JULHO,7,13,sabado
466,18.14,2019,JULHO,7,14,domingo
466,18.14,2019,JULHO,7,15,segunda
466,18.14,2019,JULHO,7,16,terca
466,18.14,2019,JULHO,7,17,quarta
466,18.14,2019,JULHO,7,18,quinta
466,18.14,2019,JULHO,7,19,sexta
466,18.14,2019,JULHO,7,20,sabado
466,18.14,2019,JULHO,7,21,domingo
466,18.14,2019,JULHO,7,22,segunda
466,18.14,2019,JULHO,7,23,terca
466,18.14,2019,JULHO,7,24,quarta
466,18.14,2019,JULHO,7,25,quinta
466,18.14,2019,JULHO,7,26,sexta
466,18.14,2019,JULHO,7,27,sabado
466,18.14,2019,JULHO,7,28,domingo
466,18.14,2019,JULHO,7,29,segunda
466,18.14,2019,JULHO,7,30,terca
466,18.14,2019,JULHO,7,31,quarta
466,18.14,2019,AGOSTO,8,1,quinta
466,18.14,2019,AGOSTO,8,2,sexta
466,18.14,2019,AGOSTO,8,3,sabado
466,18.14,2019,AGOSTO,8,4,domingo
466,18.14,2019,AGOSTO,8,5,segunda
466,18.14,2019,AGOSTO,8,6,terca
466,18.14,2019,AGOSTO,8,7,quarta
466,18.14,2019,AGOSTO,8,8,quinta
466,18.14,2019,AGOSTO,8,9,sexta
466,18.14,2019,AGOSTO,8,10,sabado
466,18.14,2019,AGOSTO,8,11,domingo
466,18.14,2019,AGOSTO,8,12,segunda
466,18.14,2019,AGOSTO,8,13,terca
466,18.14,2019,AGOSTO,8,14,quarta
466,18.14,2019,AGOSTO,8,15,quinta
466,18.14,2019,AGOSTO,8,16,sexta
466,18.14,2019,AGOSTO,8,17,sabado
466,18.14,2019,AGOSTO,8,18,domingo
466,18.14,2019,AGOSTO,8,19,segunda
466,18.14,2019,AGOSTO,8,20,terca
466,18.14,2019,AGOSTO,8,21,quarta
466,18.14,2019,AGOSTO,8,22,quinta
466,18.14,2019,AGOSTO,8,23,sexta
466,18.14,2019,AGOSTO,8,24,sabado
466,18.14,2019,AGOSTO,8,25,domingo
466,18.14,2019,AGOSTO,8,26,segunda
466,18.14,2019,AGOSTO,8,27,terca
466,18.14,2019,AGOSTO,8,28,quarta
466,18.14,2019,AGOSTO,8,29,quinta
466,18.14,2019,AGOSTO,8,30,sexta
466,18.14,2019,AGOSTO,8,31,sabado
466,18.14,2019,SETEMBRO,9,1,domingo
466,18.14,2019,SETEMBRO,9,2,segunda
466,18.14,2019,SETEMBRO,9,3,terca
466,18.14,2019,SETEMBRO,9,4,quarta
466,18.14,2019,SETEMBRO,9,5,quinta
466,18.14,2019,SETEMBRO,9,6,sexta
466,18.14,2019,SETEMBRO,9,7,sabado
466,18.14,2019,SETEMBRO,9,8,domingo
466,18.14,2019,SETEMBRO,9,9,segunda
466,18.14,2019,SETEMBRO,9,10,terca
466,18.14,2019,SETEMBRO,9,11,quarta
466,18.14,2019,SETEMBRO,9,12,quinta
466,18.14,2019,SETEMBRO,9,13,sexta
466,18.14,2019,SETEMBRO,9,14,sabado
466,18.14,2019,SETEMBRO,9,15,domingo
466,18.14,2019,SETEMBRO,9,16,segunda
466,18.14,2019,SETEMBRO,9,17,terca
466,18.14,2019,SETEMBRO,9,18,quarta
466,18.14,2019,SETEMBRO,9,19,quinta
466,18.14,2019,SETEMBRO,9,20,sexta
466,18.14,2019,SETEMBRO,9,21,sabado
466,18.14,2019,SETEMBRO,9,22,domingo
466,18.14,2019,SETEMBRO,9,23,segunda
466,18.14,2019,SETEMBRO,9,24,terca
466,18.14,2019,SETEMBRO,9,25,quarta
466,18.14,2019,SETEMBRO,9,26,quinta
466,18.14,2019,SETEMBRO,9,27,sexta
466,18.14,2019,SETEMBRO,9,28,sabado
466,18.14,2019,SETEMBRO,9,29,domingo
466,18.14,2019,SETEMBRO,9,30,segunda
466,18.14,2019,OUTUBRO,10,1,terca
466,18.14,2019,OUTUBRO,10,2,quarta
466,18.14,2019,OUTUBRO,10,3,quinta
466,18.14,2019,OUTUBRO,10,4,sexta
466,18.14,2019,OUTUBRO,10,5,sabado
466,18.14,2019,OUTUBRO,10,6,domingo
466,18.14,2019,OUTUBRO,10,7,segunda
466,18.14,2019,OUTUBRO,10,8,terca
466,18.14,2019,OUTUBRO,10,9,quarta
466,18.14,2019,OUTUBRO,10,10,quinta
466,18.14,2019,OUTUBRO,10,11,sexta
466,18.14,2019,OUTUBRO,10,12,sabado
466,18.14,2019,OUTUBRO,10,13,domingo
466,18.14,2019,OUTUBRO,10,14,segunda
466,18.14,2019,OUTUBRO,10,15,terca
466,18.14,2019,OUTUBRO,10,16,quarta
466,18.14,2019,OUTUBRO,10,17,quinta
466,18.14,2019,OUTUBRO,10,18,sexta
466,18.14,2019,OUTUBRO,10,19,sabado
466,18.14,2019,OUTUBRO,10,20,domingo
466,18.14,2019,OUTUBRO,10,21,segunda
466,18.14,2019,OUTUBRO,10,22,terca
466,18.14,2019,OUTUBRO,10,23,quarta
466,18.14,2019,OUTUBRO,10,24,quinta
466,18.14,2019,OUTUBRO,10,25,sexta
466,18.14,2019,OUTUBRO,10,26,sabado
466,18.14,2019,OUTUBRO,10,27,domingo
466,18.14,2019,OUTUBRO,10,28,segunda
466,18.14,2019,OUTUBRO,10,29,terca
466,18.14,2019,OUTUBRO,10,30,quarta
466,18.14,2019,OUTUBRO,10,31,quinta
466,18.14,2019,NOVEMBRO,11,1,sexta
466,18.14,2019,NOVEMBRO,11,2,sabado
466,18.14,2019,NOVEMBRO,11,3,domingo
466,18.14,2019,NOVEMBRO,11,4,segunda
466,18.14,2019,NOVEMBRO,11,5,terca
466,18.14,2019,NOVEMBRO,11,6,quarta
466,18.14,2019,NOVEMBRO,11,7,quinta
466,18.14,2019,NOVEMBRO,11,8,sexta
466,18.14,2019,NOVEMBRO,11,9,sabado
466,18.14,2019,NOVEMBRO,11,10,domingo
466,18.14,2019,NOVEMBRO,11,11,segunda
466,18.14,2019,NOVEMBRO,11,12,terca
466,18.14,2019,NOVEMBRO,11,13,quarta
466,18.14,2019,NOVEMBRO,11,14,quinta
466,18.14,2019,NOVEMBRO,11,15,sexta
466,18.14,2019,NOVEMBRO,11,16,sabado
466,18.14,2019,NOVEMBRO,11,17,domingo
466,18.14,2019,NOVEMBRO,11,18,segunda
466,18.14,2019,NOVEMBRO,11,19,terca
466,18.14,2019,NOVEMBRO,11,20,quarta
466,18.14,2019,NOVEMBRO,11,21,quinta
466,18.14,2019,NOVEMBRO,11,22,sexta
466,18.14,2019,NOVEMBRO,11,23,sabado
466,18.14,2019,NOVEMBRO,11,24,domingo
466,18.14,2019,NOVEMBRO,11,25,segunda
466,18.14,2019,NOVEMBRO,11,26,terca
466,18.14,2019,NOVEMBRO,11,27,quarta
466,18.14,2019,NOVEMBRO,11,28,quinta
466,18.14,2019,NOVEMBRO,11,29,sexta
466,18.14,2019,NOVEMBRO,11,30,sabado
466,18.14,2019,DEZEMBRO,12,1,domingo
466,18.14,2019,DEZEMBRO,12,2,segunda
466,18.14,2019,DEZEMBRO,12,3,terca
466,18.14,2019,DEZEMBRO,12,4,quarta
466,18.14,2019,DEZEMBRO,12,5,quinta
466,18.14,2019,DEZEMBRO,12,6,sexta
466,18.14,2019,DEZEMBRO,12,7,sabado
466,18.14,2019,DEZEMBRO,12,8,domingo
466,18.14,2019,DEZEMBRO,12,9,segunda
466,18.14,2019,DEZEMBRO,12,10,terca
466,18.14,2019,DEZEMBRO,12,11,quarta
466,18.14,2019,DEZEMBRO,12,12,quinta
466,18.14,2019,DEZEMBRO,12,13,sexta
466,18.14,2019,DEZEMBRO,12,14,sabado
466,18.14,2019,DEZEMBRO,12,15,domingo
466,18.14,2019,DEZEMBRO,12,16,segunda
466,18.14,2019,DEZEMBRO,12,17,terca
466,18.14,2019,DEZEMBRO,12,18,quarta
466,18.14,2019,DEZEMBRO,12,19,quinta
466,18.14,2019,DEZEMBRO,12,20,sexta
466,18.14,2019,DEZEMBRO,12,21,sabado
466,18.14,2019,DEZEMBRO,12,22,domingo
466,18.14,2019,DEZEMBRO,12,23,segunda
466,18.14,2019,DEZEMBRO,12,24,terca
466,18.14,2019,DEZEMBRO,12,25,quarta
466,18.14,2019,DEZEMBRO,12,26,quinta
466,18.14,2019,DEZEMBRO,12,27,sexta
466,18.14,2019,DEZEMBRO,12,28,sabado
466,18.14,2019,DEZEMBRO,12,29,domingo
466,18.14,2019,DEZEMBRO,12,30,segunda
466,18.14,2019,DEZEMBRO,12,31,terca
466,18.14,2020,JANEIRO,1,1,quarta
466,18.14,2020,JANEIRO,1,2,quinta
466,18.14,2020,JANEIRO,1,3,sexta
466,18.14,2020,JANEIRO,1,4,sabado
466,18.14,2020,JANEIRO,1,5,domingo
466,18.14,2020,JANEIRO,1,6,segunda
466,18.14,2020,JANEIRO,1,7,terca
466,18.14,2020,JANEIRO,1,8,quarta
466,18.14,2020,JANEIRO,1,9,quinta
466,18.14,2020,JANEIRO,1,10,sexta
466,18.14,2020,JANEIRO,1,11,sabado
466,18.14,2020,JANEIRO,1,12,domingo
466,18.14,2020,JANEIRO,1,13,segunda
466,18.14,2020,JANEIRO,1,14,terca
466,18.14,2020,JANEIRO,1,15,quarta
466,18.14,2020,JANEIRO,1,16,quinta
466,18.14,2020,JANEIRO,1,17,sexta
466,18.14,2020,JANEIRO,1,18,sabado
466,18.14,2020,JANEIRO,1,19,domingo
466,18.14,2020,JANEIRO,1,20,segunda
466,18.14,2020,JANEIRO,1,21,terca
466,18.14,2020,JANEIRO,1,22,quarta
466,18.14,2020,JANEIRO,1,23,quinta
466,18.14,2020,JANEIRO,1,24,sexta
466,18.14,2020,JANEIRO,1,25,sabado
466,18.14,2020,JANEIRO,1,26,domingo
466,18.14,2020,JANEIRO,1,27,segunda
466,18.14,2020,JANEIRO,1,28,terca
466,18.14,2020,JANEIRO,1,29,quarta
466,18.14,2020,JANEIRO,1,30,quinta
466,18.14,2020,JANEIRO,1,31,sexta
466,18.14,2020,FEVEREIRO,2,1,sabado
466,18.14,2020,FEVEREIRO,2,2,domingo
466,18.14,2020,FEVEREIRO,2,3,segunda
466,18.14,2020,FEVEREIRO,2,4,terca
466,18.14,2020,FEVEREIRO,2,5,quarta
466,18.14,2020,FEVEREIRO,2,6,quinta
466,18.14,2020,FEVEREIRO,2,7,sexta
466,18.14,2020,FEVEREIRO,2,8,sabado
466,18.14,2020,FEVEREIRO,2,9,domingo
466,18.14,2020,FEVEREIRO,2,10,segunda
466,18.14,2020,FEVEREIRO,2,11,terca
466,18.14,2020,FEVEREIRO,2,12,quarta
466,18.14,2020,FEVEREIRO,2,13,quinta
466,18.14,2020,FEVEREIRO,2,14,sexta
466,18.14,2020,FEVEREIRO,2,15,sabado
466,18.14,2020,FEVEREIRO,2,16,domingo
466,18.14,2020,FEVEREIRO,2,17,segunda
466,18.14,2020,FEVEREIRO,2,18,terca
466,18.14,2020,FEVEREIRO,2,19,quarta
466,18.14,2020,FEVEREIRO,2,20,quinta
466,18.14,2020,FEVEREIRO,2,21,sexta
466,18.14,2020,FEVEREIRO,2,22,sabado
466,18.14,2020,FEVEREIRO,2,23,domingo
466,18.14,2020,FEVEREIRO,2,24,segunda
466,18.14,2020,FEVEREIRO,2,25,terca
466,18.14,2020,FEVEREIRO,2,26,quarta
466,18.14,2020,FEVEREIRO,2,27,quinta
466,18.14,2020,FEVEREIRO,2,28,sexta
466,18.14,2020,FEVEREIRO,2,29,sabado
466,18.14,2020,MARÇO,3,1,domingo
466,18.14,2020,MARÇO,3,2,segunda
466,18.14,2020,MARÇO,3,3,terca
466,18.14,2020,MARÇO,3,4,quarta
466,18.14,2020,MARÇO,3,5,quinta
466,18.14,2020,MARÇO,3,6,sexta
466,18.14,2020,MARÇO,3,7,sabado
466,18.14,2020,MARÇO,3,8,domingo
466,18.14,2020,MARÇO,3,9,segunda
466,18.14,2020,MARÇO,3,10,terca
466,18.14,2020,MARÇO,3,11,quarta
466,18.14,2020,MARÇO,3,12,quinta
466,18.14,2020,MARÇO,3,13,sexta
466,18.14,2020,MARÇO,3,14,sabado
466,18.14,2020,MARÇO,3,15,domingo
466,18.14,2020,MARÇO,3,16,segunda
466,18.14,2020,MARÇO,3,17,terca
466,18.14,2020,MARÇO,3,18,quarta
466,18.14,2020,MARÇO,3,19,quinta
466,18.14,2020,MARÇO,3,20,sexta
466,18.14,2020,MARÇO,3,21,sabado
466,18.14,2020,MARÇO,3,22,domingo
466,18.14,2020,MARÇO,3,23,segunda
466,18.14,2020,MARÇO,3,24,terca
466,18.14,2020,MARÇO,3,25,quarta
466,18.14,2020,MARÇO,3,26,quinta
466,18.14,2020,MARÇO,3,27,sexta
466,18.14,2020,MARÇO,3,28,sabado
466,18.14,2020,MARÇO,3,29,domingo
466,18.14,2020,MARÇO,3,30,segunda
466,18.14,2020,MARÇO,3,31,terca
466,18.14,2020,ABRIL,4,1,quarta
466,18.14,2020,ABRIL,4,2,quinta
466,18.14,2020,ABRIL,4,3,sexta
466,18.14,2020,ABRIL,4,4,sabado
466,18.14,2020,ABRIL,4,5,domingo
466,18.14,2020,ABRIL,4,6,segunda
466,18.14,2020,ABRIL,4,7,terca
466,18.14,2020,ABRIL,4,8,quarta
466,18.14,2020,ABRIL,4,9,quinta
466,18.14,2020,ABRIL,4,10,sexta
466,18.14,2020,ABRIL,4,11,sabado
466,18.14,2020,ABRIL,4,12,domingo
466,18.14,2020,ABRIL,4,13,segunda
466,18.14,2020,ABRIL,4,14,terca
466,18.14,2020,ABRIL,4,15,quarta
466,18.14,2020,ABRIL,4,16,quinta
466,18.14,2020,ABRIL,4,17,sexta
466,18.14,2020,ABRIL,4,18,sabado
466,18.14,2020,ABRIL,4,19,domingo
466,18.14,2020,ABRIL,4,20,segunda
466,18.14,2020,ABRIL,4,21,terca
466,18.14,2020,ABRIL,4,22,quarta
466,18.14,2020,ABRIL,4,23,quinta
466,18.14,2020,ABRIL,4,24,sexta
466,18.14,2020,ABRIL,4,25,sabado
466,18.14,2020,ABRIL,4,26,domingo
466,18.14,2020,ABRIL,4,27,segunda
466,18.14,2020,ABRIL,4,28,terca
466,18.14,2020,ABRIL,4,29,quarta
466,18.14,2020,ABRIL,4,30,quinta
466,18.14,2020,MAIO,5,1,sexta
466,18.14,2020,MAIO,5,2,sabado
466,18.14,2020,MAIO,5,3,domingo
466,18.14,2020,MAIO,5,4,segunda
466,18.14,2020,MAIO,5,5,terca
466,18.14,2020,MAIO,5,6,quarta
466,18.14,2020,MAIO,5,7,quinta
466,18.14,2020,MAIO,5,8,sexta
466,18.14,2020,MAIO,5,9,sabado
466,18.14,2020,MAIO,5,10,domingo
466,18.14,2020,MAIO,5,11,segunda
466,18.14,2020,MAIO,5,12,terca
466,18.14,2020,MAIO,5,13,quarta
466,18.14,2020,MAIO,5,14,quinta
466,18.14,2020,MAIO,5,15,sexta
466,18.14,2020,MAIO,5,16,sabado
466,18.14,2020,MAIO,5,17,domingo
466,18.14,2020,MAIO,5,18,segunda
466,18.14,2020,MAIO,5,19,terca
466,18.14,2020,MAIO,5,20,quarta
466,18.14,2020,MAIO,5,21,quinta
466,18.14,2020,MAIO,5,22,sexta
466,18.14,2020,MAIO,5,23,sabado
466,18.14,2020,MAIO,5,24,domingo
466,18.14,2020,MAIO,5,25,segunda
466,18.14,2020,MAIO,5,26,terca
466,18.14,2020,MAIO,5,27,quarta
466,18.14,2020,MAIO,5,28,quinta
466,18.14,2020,MAIO,5,29,sexta
466,18.14,2020,MAIO,5,30,sabado
466,18.14,2020,MAIO,5,31,domingo
466,18.14,2020,JUNHO,6,1,segunda
466,18.14,2020,JUNHO,6,2,terca
466,18.14,2020,JUNHO,6,3,quarta
466,18.14,2020,JUNHO,6,4,quinta
466,18.14,2020,JUNHO,6,5,sexta
466,18.14,2020,JUNHO,6,6,sabado
466,18.14,2020,JUNHO,6,7,domingo
466,18.14,2020,JUNHO,6,8,segunda
466,18.14,2020,JUNHO,6,9,terca
466,18.14,2020,JUNHO,6,10,quarta
466,18.14,2020,JUNHO,6,11,quinta
466,18.14,2020,JUNHO,6,12,sexta
466,18.14,2020,JUNHO,6,13,sabado
466,18.14,2020,JUNHO,6,14,domingo
466,18.14,2020,JUNHO,6,15,segunda
466,18.14,2020,JUNHO,6,16,terca
466,18.14,2020,JUNHO,6,17,quarta
466,18.14,2020,JUNHO,6,18,quinta
466,18.14,2020,JUNHO,6,19,sexta
466,18.14,2020,JUNHO,6,20,sabado
466,18.14,2020,JUNHO,6,21,domingo
466,18.14,2020,JUNHO,6,22,segunda
466,18.14,2020,JUNHO,6,23,terca
466,18.14,2020,JUNHO,6,24,quarta
466,18.14,2020,JUNHO,6,25,quinta
466,18.14,2020,JUNHO,6,26,sexta
466,18.14,2020,JUNHO,6,27,sabado
466,18.14,2020,JUNHO,6,28,domingo
466,18.14,2020,JUNHO,6,29,segunda
466,18.14,2020,JUNHO,6,30,terca
466,18.14,2020,JULHO,7,1,quarta
466,18.14,2020,JULHO,7,2,quinta
466,18.14,2020,JULHO,7,3,sexta
466,18.14,2020,JULHO,7,4,sabado
466,18.14,2020,JULHO,7,5,domingo
466,18.14,2020,JULHO,7,6,segunda
466,18.14,2020,JULHO,7,7,terca
466,18.14,2020,JULHO,7,8,quarta
466,18.14,2020,JULHO,7,9,quinta
466,18.14,2020,JULHO,7,10,sexta
466,18.14,2020,JULHO,7,11,sabado
466,18.14,2020,JULHO,7,12,domingo
466,18.14,2020,JULHO,7,13,segunda
466,18.14,2020,JULHO,7,14,terca
466,18.14,2020,JULHO,7,15,quarta
466,18.14,2020,JULHO,7,16,quinta
466,18.14,2020,JULHO,7,17,sexta
466,18.14,2020,JULHO,7,18,sabado
466,18.14,2020,JULHO,7,19,domingo
466,18.14,2020,JULHO,7,20,segunda
466,18.14,2020,JULHO,7,21,terca
466,18.14,2020,JULHO,7,22,quarta
466,18.14,2020,JULHO,7,23,quinta
466,18.14,2020,JULHO,7,24,sexta
466,18.14,2020,JULHO,7,25,sabado
466,18.14,2020,JULHO,7,26,domingo
466,18.14,2020,JULHO,7,27,segunda
466,18.14,2020,JULHO,7,28,terca
466,18.14,2020,JULHO,7,29,quarta
466,18.14,2020,JULHO,7,30,quinta
466,18.14,2020,JULHO,7,31,sexta
466,18.14,2020,AGOSTO,8,1,sabado
466,18.14,2020,AGOSTO,8,2,domingo
466,18.14,2020,AGOSTO,8,3,segunda
466,18.14,2020,AGOSTO,8,4,terca
466,18.14,2020,AGOSTO,8,5,quarta
466,18.14,2020,AGOSTO,8,6,quinta
466,18.14,2020,AGOSTO,8,7,sexta
466,18.14,2020,AGOSTO,8,8,sabado
466,18.14,2020,AGOSTO,8,9,domingo
466,18.14,2020,AGOSTO,8,10,segunda
466,18.14,2020,AGOSTO,8,11,terca
466,18.14,2020,AGOSTO,8,12,quarta
466,18.14,2020,AGOSTO,8,13,quinta
466,18.14,2020,AGOSTO,8,14,sexta
466,18.14,2020,AGOSTO,8,15,sabado
466,18.14,2020,AGOSTO,8,16,domingo
466,18.14,2020,AGOSTO,8,17,segunda
466,18.14,2020,AGOSTO,8,18,terca
466,18.14,2020,AGOSTO,8,19,quarta
466,18.14,2020,AGOSTO,8,20,quinta
466,18.14,2020,AGOSTO,8,21,sexta
466,18.14,2020,AGOSTO,8,22,sabado
466,18.14,2020,AGOSTO,8,23,domingo
466,18.14,2020,AGOSTO,8,24,segunda
466,18.14,2020,AGOSTO,8,25,terca
466,18.14,2020,AGOSTO,8,26,quarta
466,18.14,2020,AGOSTO,8,27,quinta
466,18.14,2020,AGOSTO,8,28,sexta
466,18.14,2020,AGOSTO,8,29,sabado
466,18.14,2020,AGOSTO,8,30,domingo
466,18.14,2020,AGOSTO,8,31,segunda
466,18.14,2020,SETEMBRO,9,1,terca
466,18.14,2020,SETEMBRO,9,2,quarta
466,18.14,2020,SETEMBRO,9,3,quinta
466,18.14,2020,SETEMBRO,9,4,sexta
466,18.14,2020,SETEMBRO,9,6,domingo
466,18.14,2020,SETEMBRO,9,7,sabado
466,18.14,2020,SETEMBRO,9,8,terca
466,18.14,2020,SETEMBRO,9,9,quarta
466,18.14,2020,SETEMBRO,9,10,quinta
466,18.14,2020,SETEMBRO,9,11,sexta
466,18.14,2020,SETEMBRO,9,12,sabado
466,18.14,2020,SETEMBRO,9,13,domingo
466,18.14,2020,SETEMBRO,9,14,segunda
466,18.14,2020,SETEMBRO,9,15,terca
466,18.14,2020,SETEMBRO,9,16,quarta
466,18.14,2020,SETEMBRO,9,17,quinta
466,18.14,2020,SETEMBRO,9,18,sexta
466,18.14,2020,SETEMBRO,9,19,sabado
466,18.14,2020,SETEMBRO,9,20,domingo
466,18.14,2020,SETEMBRO,9,21,segunda
466,18.14,2020,SETEMBRO,9,22,terca
466,18.14,2020,SETEMBRO,9,23,quarta
466,18.14,2020,SETEMBRO,9,24,quinta
466,18.14,2020,SETEMBRO,9,25,sexta
466,18.14,2020,SETEMBRO,9,26,sabado
466,18.14,2020,SETEMBRO,9,27,domingo
466,18.14,2020,SETEMBRO,9,28,segunda
466,18.14,2020,SETEMBRO,9,29,terca
466,18.14,2020,SETEMBRO,9,30,quarta
466,18.14,2020,OUTUBRO,10,1,quinta
466,18.14,2020,OUTUBRO,10,2,sexta
466,18.14,2020,OUTUBRO,10,3,sabado
466,18.14,2020,OUTUBRO,10,4,domingo
466,18.14,2020,OUTUBRO,10,5,segunda
466,18.14,2020,OUTUBRO,10,6,terca
466,18.14,2020,OUTUBRO,10,7,quarta
466,18.14,2020,OUTUBRO,10,8,quinta
466,18.14,2020,OUTUBRO,10,9,sexta
466,18.14,2020,OUTUBRO,10,10,sabado
466,18.14,2020,OUTUBRO,10,11,domingo
466,18.14,2020,OUTUBRO,10,12,segunda
466,18.14,2020,OUTUBRO,10,13,terca
466,18.14,2020,OUTUBRO,10,14,quarta
466,18.14,2020,OUTUBRO,10,15,quinta
466,18.14,2020,OUTUBRO,10,16,sexta
466,18.14,2020,OUTUBRO,10,17,sabado
466,18.14,2020,OUTUBRO,10,18,domingo
466,18.14,2020,OUTUBRO,10,19,segunda
466,18.14,2020,OUTUBRO,10,20,terca
466,18.14,2020,OUTUBRO,10,21,quarta
466,18.14,2020,OUTUBRO,10,22,quinta
466,18.14,2020,OUTUBRO,10,23,sexta
466,18.14,2020,OUTUBRO,10,24,sabado
466,18.14,2020,OUTUBRO,10,25,domingo
466,18.14,2020,OUTUBRO,10,26,segunda
466,18.14,2020,OUTUBRO,10,27,terca
466,18.14,2020,OUTUBRO,10,28,quarta
466,18.14,2020,OUTUBRO,10,29,quinta
466,18.14,2020,OUTUBRO,10,30,sexta
466,18.14,2020,OUTUBRO,10,31,sabado
466,18.14,2020,NOVEMBRO,11,1,domingo
466,18.14,2020,NOVEMBRO,11,2,segunda
466,18.14,2020,NOVEMBRO,11,3,terca
466,18.14,2020,NOVEMBRO,11,4,quarta
466,18.14,2020,NOVEMBRO,11,5,quinta
466,18.14,2020,NOVEMBRO,11,6,sexta
466,18.14,2020,NOVEMBRO,11,7,sabado
466,18.14,2020,NOVEMBRO,11,8,domingo
466,18.14,2020,NOVEMBRO,11,9,segunda
466,18.14,2020,NOVEMBRO,11,10,terca
466,18.14,2020,NOVEMBRO,11,11,quarta
466,18.14,2020,NOVEMBRO,11,12,quinta
466,18.14,2020,NOVEMBRO,11,13,sexta
466,18.14,2020,NOVEMBRO,11,14,sabado
466,18.14,2020,NOVEMBRO,11,15,domingo
466,18.14,2020,NOVEMBRO,11,16,segunda
466,18.14,2020,NOVEMBRO,11,17,terca
466,18.14,2020,NOVEMBRO,11,18,quarta
466,18.14,2020,NOVEMBRO,11,19,quinta
466,18.14,2020,NOVEMBRO,11,20,sexta
466,18.14,2020,NOVEMBRO,11,21,sabado
466,18.14,2020,NOVEMBRO,11,22,domingo
466,18.14,2020,NOVEMBRO,11,23,segunda
466,18.14,2020,NOVEMBRO,11,24,terca
466,18.14,2020,NOVEMBRO,11,25,quarta
466,18.14,2020,NOVEMBRO,11,26,quinta
466,18.14,2020,NOVEMBRO,11,27,sexta
466,18.14,2020,NOVEMBRO,11,28,sabado
466,18.14,2020,NOVEMBRO,11,29,domingo
466,18.14,2020,NOVEMBRO,11,30,segunda
466,18.14,2020,DEZEMBRO,12,1,terca
466,18.14,2020,DEZEMBRO,12,2,quarta
466,18.14,2020,DEZEMBRO,12,3,quinta
466,18.14,2020,DEZEMBRO,12,4,sexta
466,18.14,2020,DEZEMBRO,12,5,sabado
466,18.14,2020,DEZEMBRO,12,6,domingo
466,18.14,2020,DEZEMBRO,12,7,segunda
466,18.14,2020,DEZEMBRO,12,8,terca
466,18.14,2020,DEZEMBRO,12,9,quarta
466,18.14,2020,DEZEMBRO,12,10,quinta
466,18.14,2020,DEZEMBRO,12,11,sexta
466,18.14,2020,DEZEMBRO,12,12,sabado
466,18.14,2020,DEZEMBRO,12,13,domingo
466,18.14,2020,DEZEMBRO,12,14,segunda
466,18.14,2020,DEZEMBRO,12,15,terca
466,18.14,2020,DEZEMBRO,12,16,quarta
466,18.14,2020,DEZEMBRO,12,17,quinta
466,18.14,2020,DEZEMBRO,12,18,sexta
466,18.14,2020,DEZEMBRO,12,19,sabado
466,18.14,2020,DEZEMBRO,12,20,domingo
466,18.14,2020,DEZEMBRO,12,21,segunda
466,18.14,2020,DEZEMBRO,12,22,terca
466,18.14,2020,DEZEMBRO,12,23,quarta
466,18.14,2020,DEZEMBRO,12,24,quinta
466,18.14,2020,DEZEMBRO,12,25,sexta
466,18.14,2020,DEZEMBRO,12,26,sabado
466,18.14,2020,DEZEMBRO,12,27,domingo
466,18.14,2020,DEZEMBRO,12,28,segunda
466,18.14,2020,DEZEMBRO,12,29,terca
466,18.14,2020,DEZEMBRO,12,30,quarta
466,18.14,2020,DEZEMBRO,12,31,quinta
