# OUT_OF_SCOPE — série de valores, não entra na skill.
# Manutenção separada (regra 4 de 01-plano-extracao.md). Aqui só como
# evidência de conferência contra a tabela mantida à parte.
# documento=manual-de-calculo-trabalhista_2016-1.pdf emissor=TRT-3, Secretaria de Cálculos Judiciais, julho/2016 offset_paginacao=0
# Anexo I da IN/RFB 1027/10. Códigos CNAE 2.0 — codificação distinta da
# usada em 18.8.1, que é CNAE 1.0. As duas tabelas NÃO são versões de um
# mesmo arquivo: são normas sucessivas com chave diferente. Ver o JSON
# semântico trt3-18.8-grau-de-risco-estrutura.json.
# A coluna GILRAT está dividida por momento do fato gerador (Dec. 6.957/09).
pagina_pdf,item,tabela,codigo_cnae,gilrat_fg_ate_2009_12,gilrat_fg_desde_2010_01,fpas,descricao_atividade
418,18.8.2,ANEXO I - TABELA 1,0500-3/01,"2,00%","3,00%",507,Extração de carvão mineral
418,18.8.2,ANEXO I - TABELA 1,0500-3/02,"2,00%","3,00%",507,Beneficiamento de carvão mineral
418,18.8.2,ANEXO I - TABELA 1,0600-0/01,"2,00%","3,00%",507,Extração de petróleo e gás natural
418,18.8.2,ANEXO I - TABELA 1,0600-0/02,"2,00%","3,00%",507,Extração e beneficiamento de xisto
418,18.8.2,ANEXO I - TABELA 1,0600-0/03,"2,00%","3,00%",507,Extração e beneficiamento de areias betuminosas
418,18.8.2,ANEXO I - TABELA 1,0710-3/01,"2,00%","3,00%",507,Extração de minério de ferro
418,18.8.2,ANEXO I - TABELA 1,0710-3/02,"2,00%","3,00%",507,"Pelotização, sinterização e outros beneficiamentos de minério de ferro"
419,18.8.2,ANEXO I - TABELA 1,0721-9/01,"2,00%","3,00%",507,Extração de minério de alumínio
419,18.8.2,ANEXO I - TABELA 1,0721-9/02,"2,00%","3,00%",507,Beneficiamento de minério de alumínio
419,18.8.2,ANEXO I - TABELA 1,0722-7/01,"2,00%","3,00%",507,Extração de minério de estanho
419,18.8.2,ANEXO I - TABELA 1,0722-7/02,"2,00%","3,00%",507,Beneficiamento de minério de estanho
419,18.8.2,ANEXO I - TABELA 1,0723-5/01,"2,00%","3,00%",507,Extração de minério de manganês
419,18.8.2,ANEXO I - TABELA 1,0723-5/02,"2,00%","3,00%",507,Beneficiamento de minério de manganês
419,18.8.2,ANEXO I - TABELA 1,0724-3/01,"2,00%","3,00%",507,Extração de minério de metais preciosos
419,18.8.2,ANEXO I - TABELA 1,0724-3/02,"2,00%","3,00%",507,Beneficiamento de minério de metais preciosos
419,18.8.2,ANEXO I - TABELA 1,0725-1/00,"2,00%","3,00%",507,Extração de minerais radioativos
419,18.8.2,ANEXO I - TABELA 1,0729-4/01,"2,00%","3,00%",507,Extração de minérios de nióbio e titânio
419,18.8.2,ANEXO I - TABELA 1,0729-4/02,"2,00%","3,00%",507,Extração de minério de tungstênio
419,18.8.2,ANEXO I - TABELA 1,0729-4/03,"2,00%","3,00%",507,Extração de minério de níquel
419,18.8.2,ANEXO I - TABELA 1,0729-4/04,"2,00%","3,00%",507,"Extração de minérios de cobre, chumbo, zinco e outros minerais metálicos não-ferrosos não especificados anteriormente"
419,18.8.2,ANEXO I - TABELA 1,0729-4/05,"2,00%","2,00%",507,"Beneficiamento de minérios de cobre, chumbo, zinco e outros minerais metálicos não-ferrosos não especificados anteriormente"
419,18.8.2,ANEXO I - TABELA 1,0810-0/01,"2,00%","3,00%",507,Extração de ardósia e beneficiamento associado
419,18.8.2,ANEXO I - TABELA 1,0810-0/02,"2,00%","3,00%",507,Extração de granito e beneficiamento associado
419,18.8.2,ANEXO I - TABELA 1,0810-0/03,"2,00%","2,00%",507,Extração de mármore e beneficiamento associado
419,18.8.2,ANEXO I - TABELA 1,0810-0/04,"2,00%","3,00%",507,Extração de calcário e dolomita e beneficiamento associado
419,18.8.2,ANEXO I - TABELA 1,0810-0/05,"2,00%","2,00%",507,Extração de gesso e caulim
419,18.8.2,ANEXO I - TABELA 1,0810-0/06,"2,00%","3,00%",507,"Extração de areia, cascalho ou pedregulho e beneficiamento associado"
419,18.8.2,ANEXO I - TABELA 1,0810-0/07,"2,00%","3,00%",507,Extração de argila e beneficiamento associado
419,18.8.2,ANEXO I - TABELA 1,0810-0/08,"2,00%","3,00%",507,Extração de saibro e beneficiamento associado
419,18.8.2,ANEXO I - TABELA 1,0810-0/09,"2,00%","3,00%",507,Extração de basalto e beneficiamento associado
419,18.8.2,ANEXO I - TABELA 1,0810-0/10,"2,00%","1,00%",507,Beneficiamento de gesso e caulim associado à extração
419,18.8.2,ANEXO I - TABELA 1,0810-0/99,"2,00%","3,00%",507,Extração e britamento de pedras e outros materiais para construção e beneficiamento associado
419,18.8.2,ANEXO I - TABELA 1,0891-6/00,"2,00%","3,00%",507,"Extração de minerais para fabricação de adubos, fertilizantes e outros produtos químicos"
419,18.8.2,ANEXO I - TABELA 1,0892-4/01,"2,00%","3,00%",507,Extração de sal marinho
419,18.8.2,ANEXO I - TABELA 1,0892-4/02,"2,00%","3,00%",507,Extração de sal-gema
419,18.8.2,ANEXO I - TABELA 1,0892-4/03,"2,00%","3,00%",507,Refino e outros tratamentos do sal
419,18.8.2,ANEXO I - TABELA 1,0893-2/00,"2,00%","3,00%",507,Extração de gemas (pedras preciosas e semipreciosas)
419,18.8.2,ANEXO I - TABELA 1,0899-1/01,"2,00%","3,00%",507,Extração de grafita
419,18.8.2,ANEXO I - TABELA 1,0899-1/02,"2,00%","3,00%",507,Extração de quartzo
419,18.8.2,ANEXO I - TABELA 1,0899-1/03,"2,00%","3,00%",507,Extração de amianto
419,18.8.2,ANEXO I - TABELA 1,0899-1/99,"2,00%","3,00%",507,Extração de outros minerais não-metálicos não especificados anteriormente
419,18.8.2,ANEXO I - TABELA 1,0910-6/00,"2,00%","3,00%",507,Atividades de apoio à extração de petróleo e gás natural
419,18.8.2,ANEXO I - TABELA 1,0990-4/01,"2,00%","3,00%",507,Atividades de apoio à extração de minério de ferro
419,18.8.2,ANEXO I - TABELA 1,0990-4/02,"2,00%","3,00%",507,Atividades de apoio à extração de minerais metálicos não-ferrosos
419,18.8.2,ANEXO I - TABELA 1,0990-4/03,"2,00%","3,00%",507,Atividades de apoio à extração de minerais não-metálicos
419,18.8.2,ANEXO I - TABELA 1,1011-2/01,"3,00%","3,00%",507,Frigorífico - abate de bovinos (setor industrial)
419,18.8.2,ANEXO I - TABELA 1,1011-2/02,"3,00%","3,00%",507,Frigorífico - abate de equinos (setor industrial)
419,18.8.2,ANEXO I - TABELA 1,1011-2/03,"3,00%","3,00%",507,Frigorífico - abate de ovinos e caprinos (setor industrial)
419,18.8.2,ANEXO I - TABELA 1,1011-2/04,"3,00%","3,00%",507,Frigorífico - abate de bufalinos (setor industrial)
419,18.8.2,ANEXO I - TABELA 1,1012-1/01,"3,00%","3,00%",507,Abate de aves (setor industrial)
419,18.8.2,ANEXO I - TABELA 1,1012-1/02,"3,00%","3,00%",507,Abate de pequenos animais(setor industrial)
419,18.8.2,ANEXO I - TABELA 1,1012-1/03,"3,00%","3,00%",507,Frigorífico - abate de suínos (setor industrial)
419,18.8.2,ANEXO I - TABELA 1,1013-9/01,"3,00%","3,00%",507,Fabricação de produtos de carne
419,18.8.2,ANEXO I - TABELA 1,1013-9/02,"3,00%","3,00%",507,Preparação de subprodutos do abate
419,18.8.2,ANEXO I - TABELA 1,1020-1/01,"2,00%","3,00%",507,"Preservação de peixes, crustáceos e moluscos"
419,18.8.2,ANEXO I - TABELA 1,1020-1/02,"2,00%","3,00%",507,"Fabricação de conservas de peixes, crustáceos e moluscos"
419,18.8.2,ANEXO I - TABELA 1,1031-7/00,"2,00%","3,00%",507,Fabricação de conservas de frutas - indústria
420,18.8.2,ANEXO I - TABELA 1,1032-5/01,"2,00%","2,00%",507,Fabricação de conservas de palmito - indústria
420,18.8.2,ANEXO I - TABELA 1,1032-5/99,"2,00%","3,00%",507,Fabricação de conservas de legumes e outros vegetais - indústria
420,18.8.2,ANEXO I - TABELA 1,1033-3/01,"2,00%","3,00%",507,"Fabricação de sucos concentrados de frutas, hortaliças e legumes - ind"
420,18.8.2,ANEXO I - TABELA 1,1033-3/02,"2,00%","3,00%",507,"Fabricação de sucos de frutas, hortaliças e legumes - indústria"
420,18.8.2,ANEXO I - TABELA 1,1041-4/00,"2,00%","3,00%",507,"Fabricação de óleos vegetais em bruto, exceto óleo de milho - indústria"
420,18.8.2,ANEXO I - TABELA 1,1042-2/00,"2,00%","3,00%",507,"Fabricação de óleos vegetais refinados, exceto óleo de milho - indústria"
420,18.8.2,ANEXO I - TABELA 1,1043-1/00,"2,00%","2,00%",507,Fabricação de margarina e outras gorduras vegetais e de óleos não- comestíveis de animais - indústria
420,18.8.2,ANEXO I - TABELA 1,1053-8/00,"2,00%","2,00%",507,Fabricação de sorvetes e outros gelados comestíveis
420,18.8.2,ANEXO I - TABELA 1,1061-9/02,"2,00%","3,00%",507,Fabricação de produtos do arroz - indústria
420,18.8.2,ANEXO I - TABELA 1,1066-0/00,"2,00%","3,00%",507,Fabricação de alimentos para animais
420,18.8.2,ANEXO I - TABELA 1,1091-1/00,"2,00%","3,00%",507,Fabricação de produtos de panificação
420,18.8.2,ANEXO I - TABELA 1,1092-9/00,"2,00%","3,00%",507,Fabricação de biscoitos e bolachas
420,18.8.2,ANEXO I - TABELA 1,1093-7/01,"2,00%","3,00%",507,Fabricação de produtos derivados do cacau e de chocolates - indústria
420,18.8.2,ANEXO I - TABELA 1,1093-7/02,"2,00%","3,00%",507,"Fabricação de frutas cristalizadas, balas e semelhantes"
420,18.8.2,ANEXO I - TABELA 1,1094-5/00,"2,00%","3,00%",507,Fabricação de massas alimentícias
420,18.8.2,ANEXO I - TABELA 1,1095-3/00,"2,00%","3,00%",507,"Fabricação de especiarias, molhos, temperos e condimentos"
420,18.8.2,ANEXO I - TABELA 1,1096-1/00,"2,00%","3,00%",507,Fabricação de alimentos e pratos prontos
420,18.8.2,ANEXO I - TABELA 1,1099-6/01,"2,00%","3,00%",507,Fabricação de vinagres
420,18.8.2,ANEXO I - TABELA 1,1099-6/02,"2,00%","2,00%",507,Fabricação de pós alimentícios
420,18.8.2,ANEXO I - TABELA 1,1099-6/03,"2,00%","1,00%",507,Fabricação de fermentos e leveduras
420,18.8.2,ANEXO I - TABELA 1,1099-6/04,"2,00%","3,00%",507,Fabricação de gelo comum
420,18.8.2,ANEXO I - TABELA 1,1099-6/06,"2,00%","3,00%",507,Fabricação de adoçantes naturais e artificiais
420,18.8.2,ANEXO I - TABELA 1,1099-6/99,"2,00%","3,00%",507,Fabricação de outros produtos alimentícios não especificados anteriormente
420,18.8.2,ANEXO I - TABELA 1,1111-9/01,"2,00%","3,00%",507,Fabricação de aguardente de cana-de-açúcar - indústria
420,18.8.2,ANEXO I - TABELA 1,1111-9/02,"2,00%","3,00%",507,Fabricação de outras aguardentes e bebidas destiladas
420,18.8.2,ANEXO I - TABELA 1,1113-5/01,"2,00%","3,00%",507,"Fabricação de malte, inclusive malte uísque"
420,18.8.2,ANEXO I - TABELA 1,1113-5/02,"2,00%","3,00%",507,Fabricação de cervejas e chopes
420,18.8.2,ANEXO I - TABELA 1,1121-6/00,"2,00%","3,00%",507,Fabricação de águas envasadas
420,18.8.2,ANEXO I - TABELA 1,1122-4/01,"2,00%","3,00%",507,Fabricação de refrigerantes
420,18.8.2,ANEXO I - TABELA 1,1122-4/02,"2,00%","3,00%",507,Fabricação de chá mate e outros chás prontos para consumo
420,18.8.2,ANEXO I - TABELA 1,1122-4/03,"2,00%","3,00%",507,"Fabricação de refrescos, xaropes e pós para refrescos, exceto refrescos de frutas"
420,18.8.2,ANEXO I - TABELA 1,1122-4/99,"2,00%","3,00%",507,Fabricação de outras bebidas não-alcoólicas não especificadas anteriormente
420,18.8.2,ANEXO I - TABELA 1,1210-7/00,"3,00%","3,00%",507,Processamento industrial do fumo - indústria
420,18.8.2,ANEXO I - TABELA 1,1220-4/01,"3,00%","2,00%",507,Fabricação de cigarros - indústria
420,18.8.2,ANEXO I - TABELA 1,1220-4/02,"3,00%","3,00%",507,Fabricação de cigarrilhas e charutos - indústria
420,18.8.2,ANEXO I - TABELA 1,1220-4/03,"3,00%","3,00%",507,Fabricação de filtros para cigarros - indústria
420,18.8.2,ANEXO I - TABELA 1,1313-8/00,"2,00%","3,00%",507,Fiação de fibras artificiais e sintéticas
420,18.8.2,ANEXO I - TABELA 1,1314-6/00,"2,00%","3,00%",507,Fabricação de linhas para costurar e bordar
420,18.8.2,ANEXO I - TABELA 1,1321-9/00,"2,00%","3,00%",507,Tecelagem de fios de algodão - indústria
420,18.8.2,ANEXO I - TABELA 1,1322-7/00,"2,00%","3,00%",507,"Tecelagem de fios de fibras têxteis naturais, exceto algodão - indústria"
420,18.8.2,ANEXO I - TABELA 1,1323-5/00,"2,00%","3,00%",507,Tecelagem de fios de fibras artificiais e sintéticas
420,18.8.2,ANEXO I - TABELA 1,1330-8/00,"2,00%","3,00%",507,Fabricação de tecidos de malha
420,18.8.2,ANEXO I - TABELA 1,1340-5/01,"2,00%","3,00%",507,"Estamparia e texturização em fios, tecidos, artefatos têxteis e peças do vestuário"
420,18.8.2,ANEXO I - TABELA 1,1340-5/02,"2,00%","3,00%",507,"Alvejamento, tingimento e torção em fios, tecidos, artefatos têxteis e peças do vestuário"
420,18.8.2,ANEXO I - TABELA 1,1340-5/99,"2,00%","3,00%",507,"Outros serviços de acabamento em fios, tecidos, artefatos têxteis e peças do vestuário"
420,18.8.2,ANEXO I - TABELA 1,1351-1/00,"2,00%","3,00%",507,Fabricação de artefatos têxteis para uso doméstico
420,18.8.2,ANEXO I - TABELA 1,1352-9/00,"2,00%","3,00%",507,Fabricação de artefatos de tapeçaria
420,18.8.2,ANEXO I - TABELA 1,1353-7/00,"2,00%","3,00%",507,Fabricação de artefatos de cordoaria
420,18.8.2,ANEXO I - TABELA 1,1354-5/00,"2,00%","3,00%",507,"Fabricação de tecidos especiais, inclusive artefatos"
420,18.8.2,ANEXO I - TABELA 1,1359-6/00,"2,00%","3,00%",507,Fabricação de outros produtos têxteis não especificados anteriormente
421,18.8.2,ANEXO I - TABELA 1,1411-8/01,"2,00%","3,00%",507,Confecção de roupas íntimas
421,18.8.2,ANEXO I - TABELA 1,1411-8/02,"2,00%","1,00%",507,Facção de roupas íntimas
421,18.8.2,ANEXO I - TABELA 1,1412-6/01,"2,00%","3,00%",507,"Confecção de peças do vestuário, exceto roupas íntimas e as confeccionadas sob medida"
421,18.8.2,ANEXO I - TABELA 1,1412-6/02,"2,00%","2,00%",507,"Confecção, sob medida, de peças do vestuário, exceto roupas íntimas"
421,18.8.2,ANEXO I - TABELA 1,1412-6/03,"2,00%","3,00%",507,"Facção de peças do vestuário, exceto roupas íntimas"
421,18.8.2,ANEXO I - TABELA 1,1413-4/01,"2,00%","2,00%",507,"Confecção de roupas profissionais, exceto sob medida"
421,18.8.2,ANEXO I - TABELA 1,1413-4/02,"2,00%","2,00%",507,"Confecção, sob medida, de roupas profissionais"
421,18.8.2,ANEXO I - TABELA 1,1413-4/03,"2,00%","2,00%",507,Facção de roupas profissionais
421,18.8.2,ANEXO I - TABELA 1,1414-2/00,"2,00%","3,00%",507,"Fabricação de acessórios do vestuário, exceto para segurança e proteção"
421,18.8.2,ANEXO I - TABELA 1,1421-5/00,"2,00%","3,00%",507,Fabricação de meias
421,18.8.2,ANEXO I - TABELA 1,1422-3/00,"2,00%","3,00%",507,"Fabricação de artigos do vestuário, produzidos em malharias e tricotagens, exceto meias"
421,18.8.2,ANEXO I - TABELA 1,1510-6/00,"3,00%","3,00%",507,Curtimento e outras preparações de couro
421,18.8.2,ANEXO I - TABELA 1,1521-1/00,"2,00%","2,00%",507,"Fabricação de artigos para viagem, bolsas e semelhantes de qualquer material"
421,18.8.2,ANEXO I - TABELA 1,1529-7/00,"2,00%","3,00%",507,Fabricação de artefatos de couro não especificados anteriormente
421,18.8.2,ANEXO I - TABELA 1,1531-9/01,"2,00%","2,00%",507,Fabricação de calçados de couro
421,18.8.2,ANEXO I - TABELA 1,1531-9/02,"2,00%","3,00%",507,Acabamento de calçados de couro sob contrato
421,18.8.2,ANEXO I - TABELA 1,1532-7/00,"2,00%","2,00%",507,Fabricação de tênis de qualquer material
421,18.8.2,ANEXO I - TABELA 1,1533-5/00,"2,00%","2,00%",507,Fabricação de calçados de material sintético
421,18.8.2,ANEXO I - TABELA 1,1539-4/00,"2,00%","3,00%",507,Fabricação de calçados de materiais não especificados anteriormente
421,18.8.2,ANEXO I - TABELA 1,1540-8/00,"2,00%","3,00%",507,"Fabricação de partes para calçados, de qualquer material"
421,18.8.2,ANEXO I - TABELA 1,1610-2/01,"2,00%","3,00%",507,Serrarias com desdobramento de madeira
421,18.8.2,ANEXO I - TABELA 1,1610-2/02,"2,00%","3,00%",507,Serrarias sem desdobramento de madeira
421,18.8.2,ANEXO I - TABELA 1,1621-8/00,"2,00%","3,00%",507,"Fabricação de madeira laminada e de chapas de madeira compensada, prensada e aglomerada"
421,18.8.2,ANEXO I - TABELA 1,1622-6/01,"2,00%","3,00%",507,Fabricação de casas de madeira pré-fabricadas
421,18.8.2,ANEXO I - TABELA 1,1622-6/02,"2,00%","3,00%",507,Fabricação de esquadrias de madeira e de peças de madeira para instalações industriais e comerciais
421,18.8.2,ANEXO I - TABELA 1,1622-6/99,"2,00%","3,00%",507,Fabricação de outros artigos de carpintaria para construção
421,18.8.2,ANEXO I - TABELA 1,1623-4/00,"2,00%","3,00%",507,Fabricação de artefatos de tanoaria e de embalagens de madeira
421,18.8.2,ANEXO I - TABELA 1,1629-3/01,"2,00%","3,00%",507,"Fabricação de artefatos diversos de madeira, exceto móveis"
421,18.8.2,ANEXO I - TABELA 1,1629-3/02,"2,00%","1,00%",507,"Fabricação de artefatos diversos de cortiça, bambu, palha, vime e outros materiais trançados, exceto móveis"
421,18.8.2,ANEXO I - TABELA 1,1710-9/00,"2,00%","3,00%",507,Fabricação de celulose e outras pastas para a fabricação de papel
421,18.8.2,ANEXO I - TABELA 1,1721-4/00,"2,00%","3,00%",507,Fabricação de papel
421,18.8.2,ANEXO I - TABELA 1,1722-2/00,"2,00%","3,00%",507,Fabricação de cartolina e papel-cartão
421,18.8.2,ANEXO I - TABELA 1,1731-1/00,"3,00%","3,00%",507,Fabricação de embalagens de papel
421,18.8.2,ANEXO I - TABELA 1,1732-0/00,"3,00%","3,00%",507,Fabricação de embalagens de cartolina e papel-cartão
421,18.8.2,ANEXO I - TABELA 1,1733-8/00,"3,00%","3,00%",507,Fabricação de chapas e de embalagens de papelão ondulado
421,18.8.2,ANEXO I - TABELA 1,1741-9/01,"2,00%","2,00%",507,Fabricação de formulários contínuos
421,18.8.2,ANEXO I - TABELA 1,1741-9/02,"2,00%","3,00%",507,"Fabricação de produtos de papel, cartolina, papel-cartão e papelão ondulado para uso comercial e de escritório, exceto formulário contínuo"
421,18.8.2,ANEXO I - TABELA 1,1742-7/01,"2,00%","3,00%",507,Fabricação de fraldas descartáveis
421,18.8.2,ANEXO I - TABELA 1,1742-7/02,"2,00%","3,00%",507,Fabricação de absorventes higiênicos
421,18.8.2,ANEXO I - TABELA 1,1742-7/99,"2,00%","3,00%",507,Fabricação de produtos de papel para uso doméstico e higiênico-sanitário não especificados anteriormente
421,18.8.2,ANEXO I - TABELA 1,1749-4/00,"2,00%","3,00%",507,"Fabricação de produtos de pastas celulósicas, papel, cartolina, papel- cartão e papelão ondulado não especificados anteriormente"
421,18.8.2,ANEXO I - TABELA 1,1811-3/01,"2,00%","3,00%",507,Impressão de jornais
421,18.8.2,ANEXO I - TABELA 1,1811-3/02,"2,00%","3,00%",507,"Impressão de livros, revistas e outras publicações periódicas"
421,18.8.2,ANEXO I - TABELA 1,1812-1/00,"2,00%","2,00%",507,Impressão de material de segurança
421,18.8.2,ANEXO I - TABELA 1,1813-0/01,"2,00%","3,00%",507,Impressão de material para uso publicitário
421,18.8.2,ANEXO I - TABELA 1,1813-0/99,"2,00%","2,00%",507,Impressão de material para outros usos
421,18.8.2,ANEXO I - TABELA 1,1821-1/00,"1,00%","3,00%",507,Serviços de pré-impressão
421,18.8.2,ANEXO I - TABELA 1,1822-9/00,"1,00%","2,00%",507,Serviços de acabamentos gráficos
421,18.8.2,ANEXO I - TABELA 1,1830-0/01,"1,00%","2,00%",507,Reprodução de som em qualquer suporte
422,18.8.2,ANEXO I - TABELA 1,1830-0/02,"1,00%","2,00%",507,Reprodução de vídeo em qualquer suporte
422,18.8.2,ANEXO I - TABELA 1,1830-0/03,"1,00%","1,00%",507,Reprodução de software em qualquer suporte
422,18.8.2,ANEXO I - TABELA 1,1910-1/00,"2,00%","3,00%",507,Coquerias
422,18.8.2,ANEXO I - TABELA 1,1921-7/00,"2,00%","3,00%",507,Fabricação de produtos do refino de petróleo
422,18.8.2,ANEXO I - TABELA 1,1922-5/01,"2,00%","3,00%",507,Formulação de combustíveis
422,18.8.2,ANEXO I - TABELA 1,1922-5/02,"2,00%","3,00%",507,Rerrefino de óleos lubrificantes
422,18.8.2,ANEXO I - TABELA 1,1922-5/99,"2,00%","3,00%",507,"Fabricação de outros produtos derivados do petróleo, exceto produtos do refino"
422,18.8.2,ANEXO I - TABELA 1,1931-4/00,"2,00%","3,00%",507,Fabricação de álcool - indústria
422,18.8.2,ANEXO I - TABELA 1,1932-2/00,"2,00%","3,00%",507,"Fabricação de biocombustíveis, exceto álcool"
422,18.8.2,ANEXO I - TABELA 1,2011-8/00,"2,00%","2,00%",507,Fabricação de cloro e álcalis
422,18.8.2,ANEXO I - TABELA 1,2012-6/00,"2,00%","3,00%",507,Fabricação de intermediários para fertilizantes
422,18.8.2,ANEXO I - TABELA 1,2013-4/00,"2,00%","2,00%",507,Fabricação de adubos e fertilizantes
422,18.8.2,ANEXO I - TABELA 1,2014-2/00,"2,00%","2,00%",507,Fabricação de gases industriais
422,18.8.2,ANEXO I - TABELA 1,2019-3/01,"2,00%","3,00%",507,Elaboração de combustíveis nucleares
422,18.8.2,ANEXO I - TABELA 1,2019-3/99,"2,00%","2,00%",507,Fabricação de outros produtos químicos inorgânicos não especificados anteriormente
422,18.8.2,ANEXO I - TABELA 1,2021-5/00,"2,00%","3,00%",507,Fabricação de produtos petroquímicos básicos
422,18.8.2,ANEXO I - TABELA 1,2022-3/00,"2,00%","3,00%",507,"Fabricação de intermediários para plastificantes, resinas e fibras"
422,18.8.2,ANEXO I - TABELA 1,2029-1/00,"2,00%","2,00%",507,Fabricação de produtos químicos orgânicos não especificados anteriormente
422,18.8.2,ANEXO I - TABELA 1,2031-2/00,"2,00%","3,00%",507,Fabricação de resinas termoplásticas
422,18.8.2,ANEXO I - TABELA 1,2032-1/00,"2,00%","2,00%",507,Fabricação de resinas termofixas
422,18.8.2,ANEXO I - TABELA 1,2033-9/00,"2,00%","3,00%",507,Fabricação de elastômeros
422,18.8.2,ANEXO I - TABELA 1,2040-1/00,"2,00%","3,00%",507,Fabricação de fibras artificiais e sintéticas
422,18.8.2,ANEXO I - TABELA 1,2051-7/00,"2,00%","3,00%",507,Fabricação de defensivos agrícolas
422,18.8.2,ANEXO I - TABELA 1,2052-5/00,"2,00%","2,00%",507,Fabricação de desinfestantes domissanitários
422,18.8.2,ANEXO I - TABELA 1,2061-4/00,"2,00%","3,00%",507,Fabricação de sabões e detergentes sintéticos
422,18.8.2,ANEXO I - TABELA 1,2062-2/00,"2,00%","3,00%",507,Fabricação de produtos de limpeza e polimento
422,18.8.2,ANEXO I - TABELA 1,2063-1/00,"2,00%","3,00%",507,"Fabricação de cosméticos, produtos de perfumaria e de higiene pessoal"
422,18.8.2,ANEXO I - TABELA 1,2071-1/00,"2,00%","3,00%",507,"Fabricação de tintas, vernizes, esmaltes e lacas"
422,18.8.2,ANEXO I - TABELA 1,2072-0/00,"2,00%","3,00%",507,Fabricação de tintas de impressão
422,18.8.2,ANEXO I - TABELA 1,2073-8/00,"2,00%","3,00%",507,"Fabricação de impermeabilizantes, solventes e produtos afins"
422,18.8.2,ANEXO I - TABELA 1,2091-6/00,"2,00%","3,00%",507,Fabricação de adesivos e selantes
422,18.8.2,ANEXO I - TABELA 1,2092-4/01,"2,00%","3,00%",507,"Fabricação de pólvoras, explosivos e detonantes"
422,18.8.2,ANEXO I - TABELA 1,2092-4/02,"2,00%","2,00%",507,Fabricação de artigos pirotécnicos
422,18.8.2,ANEXO I - TABELA 1,2092-4/03,"2,00%","3,00%",507,Fabricação de fósforos de segurança
422,18.8.2,ANEXO I - TABELA 1,2093-2/00,"2,00%","3,00%",507,Fabricação de aditivos de uso industrial
422,18.8.2,ANEXO I - TABELA 1,2094-1/00,"2,00%","1,00%",507,Fabricação de catalisadores
422,18.8.2,ANEXO I - TABELA 1,2099-1/01,"2,00%","2,00%",507,"Fabricação de chapas, filmes, papéis e outros materiais e produtos químicos para fotografia"
422,18.8.2,ANEXO I - TABELA 1,2099-1/99,"2,00%","3,00%",507,Fabricação de outros produtos químicos não especificados anteriormente
422,18.8.2,ANEXO I - TABELA 1,2110-6/00,"2,00%","3,00%",507,Fabricação de produtos farmoquímicos
422,18.8.2,ANEXO I - TABELA 1,2121-1/01,"2,00%","3,00%",507,Fabricação de medicamentos alopáticos para uso humano
422,18.8.2,ANEXO I - TABELA 1,2121-1/02,"2,00%","2,00%",507,Fabricação de medicamentos homeopáticos para uso humano
422,18.8.2,ANEXO I - TABELA 1,2121-1/03,"2,00%","2,00%",507,Fabricação de medicamentos fitoterápicos para uso humano - indústria
422,18.8.2,ANEXO I - TABELA 1,2122-0/00,"2,00%","3,00%",507,Fabricação de medicamentos para uso veterinário
422,18.8.2,ANEXO I - TABELA 1,2123-8/00,"2,00%","1,00%",507,Fabricação de preparações farmacêuticas
422,18.8.2,ANEXO I - TABELA 1,2211-1/00,"2,00%","3,00%",507,Fabricação de pneumáticos e de câmaras-de-ar
422,18.8.2,ANEXO I - TABELA 1,2212-9/00,"2,00%","3,00%",507,Reforma de pneumáticos usados
422,18.8.2,ANEXO I - TABELA 1,2219-6/00,"2,00%","3,00%",507,Fabricação de artefatos de borracha não especificados anteriormente
422,18.8.2,ANEXO I - TABELA 1,2221-8/00,"2,00%","3,00%",507,Fabricação de laminados planos e tubulares de material plástico
422,18.8.2,ANEXO I - TABELA 1,2222-6/00,"2,00%","3,00%",507,Fabricação de embalagens de material plástico
422,18.8.2,ANEXO I - TABELA 1,2223-4/00,"2,00%","3,00%",507,Fabricação de tubos e acessórios de material plástico para uso na construção
422,18.8.2,ANEXO I - TABELA 1,2229-3/01,"2,00%","3,00%",507,Fabricação de artefatos de material plástico para uso pessoal e doméstico
423,18.8.2,ANEXO I - TABELA 1,2229-3/02,"2,00%","3,00%",507,Fabricação de artefatos de material plástico para usos industriais
423,18.8.2,ANEXO I - TABELA 1,2229-3/03,"2,00%","3,00%",507,"Fabricação de artefatos de material plástico para uso na construção, exceto tubos e acessórios"
423,18.8.2,ANEXO I - TABELA 1,2229-3/99,"2,00%","3,00%",507,Fabricação de artefatos de material plástico para outros usos não especificados anteriormente
423,18.8.2,ANEXO I - TABELA 1,2311-7/00,"1,00%","3,00%",507,Fabricação de vidro plano e de segurança
423,18.8.2,ANEXO I - TABELA 1,2312-5/00,"1,00%","3,00%",507,Fabricação de embalagens de vidro
423,18.8.2,ANEXO I - TABELA 1,2319-2/00,"1,00%","3,00%",507,Fabricação de artigos de vidro
423,18.8.2,ANEXO I - TABELA 1,2320-6/00,"3,00%","3,00%",507,Fabricação de cimento
423,18.8.2,ANEXO I - TABELA 1,2330-3/01,"3,00%","3,00%",507,"Fabricação de estruturas pré-moldadas de concreto armado, em série e sob encomenda"
423,18.8.2,ANEXO I - TABELA 1,2330-3/02,"3,00%","3,00%",507,Fabricação de artefatos de cimento para uso na construção
423,18.8.2,ANEXO I - TABELA 1,2330-3/03,"3,00%","2,00%",507,Fabricação de artefatos de fibrocimento para uso na construção
423,18.8.2,ANEXO I - TABELA 1,2330-3/04,"3,00%","3,00%",507,Fabricação de casas pré-moldadas de concreto
423,18.8.2,ANEXO I - TABELA 1,2330-3/05,"3,00%","3,00%",507,Preparação de massa de concreto e argamassa para construção
423,18.8.2,ANEXO I - TABELA 1,2330-3/99,"3,00%","3,00%",507,"Fabricação de outros artefatos e produtos de concreto, cimento, fibrocimento, gesso e materiais semelhantes"
423,18.8.2,ANEXO I - TABELA 1,2341-9/00,"3,00%","3,00%",507,Fabricação de produtos cerâmicos refratários
423,18.8.2,ANEXO I - TABELA 1,2342-7/01,"3,00%","3,00%",507,Fabricação de azulejos e pisos
423,18.8.2,ANEXO I - TABELA 1,2342-7/02,"3,00%","3,00%",507,"Fabricação de artefatos de cerâmica e barro cozido para uso na construção, exceto azulejos e pisos"
423,18.8.2,ANEXO I - TABELA 1,2349-4/01,"3,00%","3,00%",507,Fabricação de material sanitário de cerâmica
423,18.8.2,ANEXO I - TABELA 1,2349-4/99,"3,00%","3,00%",507,Fabricação de produtos cerâmicos não-refratários não especificados anteriormente
423,18.8.2,ANEXO I - TABELA 1,2391-5/01,"2,00%","3,00%",507,"Britamento de pedras, exceto associado à extração"
423,18.8.2,ANEXO I - TABELA 1,2391-5/02,"2,00%","3,00%",507,"Aparelhamento de pedras para construção, exceto associado à extração"
423,18.8.2,ANEXO I - TABELA 1,2391-5/03,"2,00%","3,00%",507,"Aparelhamento de placas e execução de trabalhos em mármore, granito, ardósia e outras pedras"
423,18.8.2,ANEXO I - TABELA 1,2392-3/00,"2,00%","3,00%",507,Fabricação de cal e gesso
423,18.8.2,ANEXO I - TABELA 1,2399-1/01,"2,00%","3,00%",507,"Decoração, lapidação, gravação, vitrificação e outros trabalhos em cerâmica, louça, vidro e cristal"
423,18.8.2,ANEXO I - TABELA 1,2399-1/99,"2,00%","3,00%",507,Fabricação de outros produtos de minerais não-metálicos não especificados anteriormente
423,18.8.2,ANEXO I - TABELA 1,2411-3/00,"1,00%","3,00%",507,Produção de ferro-gusa
423,18.8.2,ANEXO I - TABELA 1,2412-1/00,"1,00%","3,00%",507,Produção de ferroligas
423,18.8.2,ANEXO I - TABELA 1,2421-1/00,"3,00%","1,00%",507,Produção de semi-acabados de aço
423,18.8.2,ANEXO I - TABELA 1,2422-9/01,"3,00%","3,00%",507,"Produção de laminados planos de aço ao carbono, revestidos ou não"
423,18.8.2,ANEXO I - TABELA 1,2422-9/02,"3,00%","2,00%",507,Produção de laminados planos de aços especiais
423,18.8.2,ANEXO I - TABELA 1,2423-7/01,"3,00%","3,00%",507,Produção de tubos de aço sem costura
423,18.8.2,ANEXO I - TABELA 1,2423-7/02,"3,00%","2,00%",507,"Produção de laminados longos de aço, exceto tubos"
423,18.8.2,ANEXO I - TABELA 1,2424-5/01,"3,00%","2,00%",507,Produção de arames de aço
423,18.8.2,ANEXO I - TABELA 1,2424-5/02,"3,00%","3,00%",507,"Produção de relaminados, trefilados e perfilados de aço, exceto arames"
423,18.8.2,ANEXO I - TABELA 1,2431-8/00,"2,00%","3,00%",507,Produção de tubos de aço com costura
423,18.8.2,ANEXO I - TABELA 1,2439-3/00,"2,00%","3,00%",507,Produção de outros tubos de ferro e aço
423,18.8.2,ANEXO I - TABELA 1,2441-5/01,"2,00%","2,00%",507,Produção de alumínio e suas ligas em formas primárias
423,18.8.2,ANEXO I - TABELA 1,2441-5/02,"2,00%","3,00%",507,Produção de laminados de alumínio
423,18.8.2,ANEXO I - TABELA 1,2442-3/00,"2,00%","2,00%",507,Metalurgia dos metais preciosos
423,18.8.2,ANEXO I - TABELA 1,2443-1/00,"2,00%","2,00%",507,Metalurgia do cobre
423,18.8.2,ANEXO I - TABELA 1,2449-1/01,"2,00%","3,00%",507,Produção de zinco em formas primárias
423,18.8.2,ANEXO I - TABELA 1,2449-1/02,"2,00%","3,00%",507,Produção de laminados de zinco
423,18.8.2,ANEXO I - TABELA 1,2449-1/03,"2,00%","3,00%",507,Produção de soldas e ânodos para galvanoplastia
423,18.8.2,ANEXO I - TABELA 1,2449-1/99,"2,00%","3,00%",507,Metalurgia de outros metais não-ferrosos e suas ligas não especificados anteriormente
423,18.8.2,ANEXO I - TABELA 1,2451-2/00,"2,00%","3,00%",507,Fundição de ferro e aço
423,18.8.2,ANEXO I - TABELA 1,2452-1/00,"2,00%","3,00%",507,Fundição de metais não-ferrosos e suas ligas
423,18.8.2,ANEXO I - TABELA 1,2511-0/00,"2,00%","3,00%",507,Fabricação de estruturas metálicas
423,18.8.2,ANEXO I - TABELA 1,2512-8/00,"2,00%","3,00%",507,Fabricação de esquadrias de metal
423,18.8.2,ANEXO I - TABELA 1,2513-6/00,"2,00%","3,00%",507,Fabricação de obras de caldeiraria pesada
424,18.8.2,ANEXO I - TABELA 1,2521-7/00,"2,00%","3,00%",507,"Fabricação de tanques, reservatórios metálicos e caldeiras para aquecimento central"
424,18.8.2,ANEXO I - TABELA 1,2522-5/00,"2,00%","3,00%",507,"Fabricação de caldeiras geradoras de vapor, exceto para aquecimento central e para veículos"
424,18.8.2,ANEXO I - TABELA 1,2531-4/01,"2,00%","3,00%",507,Produção de forjados de aço
424,18.8.2,ANEXO I - TABELA 1,2531-4/02,"2,00%","3,00%",507,Produção de forjados de metais não-ferrosos e suas ligas
424,18.8.2,ANEXO I - TABELA 1,2532-2/01,"2,00%","3,00%",507,Produção de artefatos estampados de metal
424,18.8.2,ANEXO I - TABELA 1,2532-2/02,"2,00%","3,00%",507,Metalurgia do pó
424,18.8.2,ANEXO I - TABELA 1,2539-0/00,"2,00%","3,00%",507,"Serviços de usinagem, solda, tratamento e revestimento em metais"
424,18.8.2,ANEXO I - TABELA 1,2541-1/00,"2,00%","3,00%",507,Fabricação de artigos de cutelaria
424,18.8.2,ANEXO I - TABELA 1,2542-0/00,"2,00%","3,00%",507,"Fabricação de artigos de serralheria, exceto esquadrias"
424,18.8.2,ANEXO I - TABELA 1,2543-8/00,"2,00%","3,00%",507,Fabricação de ferramentas
424,18.8.2,ANEXO I - TABELA 1,2550-1/01,"2,00%","3,00%",507,"Fabricação de equipamento bélico pesado, exceto veículos militares de combate"
424,18.8.2,ANEXO I - TABELA 1,2550-1/02,"2,00%","3,00%",507,Fabricação de armas de fogo e munições
424,18.8.2,ANEXO I - TABELA 1,2591-8/00,"2,00%","3,00%",507,Fabricação de embalagens metálicas
424,18.8.2,ANEXO I - TABELA 1,2592-6/01,"2,00%","3,00%",507,Fabricação de produtos de trefilados de metal padronizados
424,18.8.2,ANEXO I - TABELA 1,2592-6/02,"2,00%","3,00%",507,"Fabricação de produtos de trefilados de metal, exceto padronizados"
424,18.8.2,ANEXO I - TABELA 1,2593-4/00,"2,00%","3,00%",507,Fabricação de artigos de metal para uso doméstico e pessoal
424,18.8.2,ANEXO I - TABELA 1,2599-3/01,"2,00%","2,00%",507,Serviços de confecção de armações metálicas para a construção
424,18.8.2,ANEXO I - TABELA 1,2599-3/99,"2,00%","3,00%",507,Fabricação de outros produtos de metal não especificados anteriormente
424,18.8.2,ANEXO I - TABELA 1,2610-8/00,"1,00%","3,00%",507,Fabricação de componentes eletrônicos
424,18.8.2,ANEXO I - TABELA 1,2621-3/00,"1,00%","2,00%",507,Fabricação de equipamentos de informática
424,18.8.2,ANEXO I - TABELA 1,2622-1/00,"1,00%","2,00%",507,Fabricação de periféricos para equipamentos de informática
424,18.8.2,ANEXO I - TABELA 1,2631-1/00,"2,00%","3,00%",507,"Fabricação de equipamentos transmissores de comunicação, peças e acessórios"
424,18.8.2,ANEXO I - TABELA 1,2632-9/00,"2,00%","3,00%",507,"Fabricação de aparelhos telefônicos e de outros equipamentos de comunicação, peças e acessórios"
424,18.8.2,ANEXO I - TABELA 1,2640-0/00,"2,00%","3,00%",507,"Fabricação de aparelhos de recepção, reprodução, gravação e amplificação de áudio e vídeo"
424,18.8.2,ANEXO I - TABELA 1,2651-5/00,"1,00%","2,00%",507,"Fabricação de aparelhos e equipamentos de medida, teste e controle"
424,18.8.2,ANEXO I - TABELA 1,2652-3/00,"1,00%","2,00%",507,Fabricação de cronômetros e relógios
424,18.8.2,ANEXO I - TABELA 1,2660-4/00,"1,00%","2,00%",507,Fabricação de aparelhos eletromédicos e eletroterapêuticos e equipamentos de irradiação
424,18.8.2,ANEXO I - TABELA 1,2670-1/01,"1,00%","2,00%",507,"Fabricação de equipamentos e instrumentos ópticos, peças e acessórios"
424,18.8.2,ANEXO I - TABELA 1,2670-1/02,"1,00%","3,00%",507,"Fabricação de aparelhos fotográficos e cinematográficos, peças e acessórios"
424,18.8.2,ANEXO I - TABELA 1,2680-9/00,"1,00%","3,00%",507,"Fabricação de mídias virgens, magnéticas e ópticas"
424,18.8.2,ANEXO I - TABELA 1,2710-4/01,"2,00%","3,00%",507,"Fabricação de geradores de corrente contínua e alternada, peças e acessórios"
424,18.8.2,ANEXO I - TABELA 1,2710-4/02,"2,00%","3,00%",507,"Fabricação de transformadores, indutores, conversores, sincronizadores e semelhantes, peças e acessórios"
424,18.8.2,ANEXO I - TABELA 1,2710-4/03,"2,00%","3,00%",507,"Fabricação de motores elétricos, peças e acessórios"
424,18.8.2,ANEXO I - TABELA 1,2721-0/00,"2,00%","3,00%",507,"Fabricação de pilhas, baterias e acumuladores elétricos, exceto para veículos automotores"
424,18.8.2,ANEXO I - TABELA 1,2722-8/01,"2,00%","3,00%",507,Fabricação de baterias e acumuladores para veículos automotores
424,18.8.2,ANEXO I - TABELA 1,2722-8/02,"2,00%","3,00%",507,Recondicionamento de baterias e acumuladores para veículos automotores
424,18.8.2,ANEXO I - TABELA 1,2731-7/00,"2,00%","3,00%",507,Fabricação de aparelhos e equipamentos para distribuição e controle de energia elétrica
424,18.8.2,ANEXO I - TABELA 1,2732-5/00,"2,00%","3,00%",507,Fabricação de material elétrico para instalações em circuito de consumo
424,18.8.2,ANEXO I - TABELA 1,2733-3/00,"2,00%","3,00%",507,"Fabricação de fios, cabos e condutores elétricos isolados"
424,18.8.2,ANEXO I - TABELA 1,2740-6/01,"2,00%","3,00%",507,Fabricação de lâmpadas
424,18.8.2,ANEXO I - TABELA 1,2740-6/02,"2,00%","3,00%",507,Fabricação de luminárias e outros equipamentos de iluminação
424,18.8.2,ANEXO I - TABELA 1,2751-1/00,"3,00%","3,00%",507,"Fabricação de fogões, refrigeradores e máquinas de lavar e secar para uso doméstico, peças e acessórios"
424,18.8.2,ANEXO I - TABELA 1,2759-7/01,"3,00%","3,00%",507,"Fabricação de aparelhos elétricos de uso pessoal, peças e acessórios"
424,18.8.2,ANEXO I - TABELA 1,2759-7/99,"3,00%","3,00%",507,"Fabricação de outros aparelhos eletrodomésticos não especificados anteriormente, peças e acessórios"
424,18.8.2,ANEXO I - TABELA 1,2790-2/01,"2,00%","3,00%",507,"Fabricação de eletrodos, contatos e outros artigos de carvão e grafita para uso elétrico, eletroímãs e isoladores"
425,18.8.2,ANEXO I - TABELA 1,2790-2/02,"2,00%","3,00%",507,Fabricação de equipamentos para sinalização e alarme
425,18.8.2,ANEXO I - TABELA 1,2790-2/99,"2,00%","2,00%",507,Fabricação de outros equipamentos e aparelhos elétricos não especificados anteriormente
425,18.8.2,ANEXO I - TABELA 1,2811-9/00,"2,00%","2,00%",507,"Fabricação de motores e turbinas, peças e acessórios, exceto para aviões e veículos rodoviários"
425,18.8.2,ANEXO I - TABELA 1,2812-7/00,"2,00%","3,00%",507,"Fabricação de equipamentos hidráulicos e pneumáticos, peças e acessórios, exceto válvulas"
425,18.8.2,ANEXO I - TABELA 1,2813-5/00,"2,00%","3,00%",507,"Fabricação de válvulas, registros e dispositivos semelhantes, peças e acessórios"
425,18.8.2,ANEXO I - TABELA 1,2814-3/01,"2,00%","3,00%",507,"Fabricação de compressores para uso industrial, peças e acessórios"
425,18.8.2,ANEXO I - TABELA 1,2814-3/02,"2,00%","3,00%",507,"Fabricação de compressores para uso não-industrial, peças e acessórios"
425,18.8.2,ANEXO I - TABELA 1,2815-1/01,"2,00%","2,00%",507,Fabricação de rolamentos para fins industriais
425,18.8.2,ANEXO I - TABELA 1,2815-1/02,"2,00%","3,00%",507,"Fabricação de equipamentos de transmissão para fins industriais, exceto rolamentos"
425,18.8.2,ANEXO I - TABELA 1,2821-6/01,"2,00%","3,00%",507,"Fabricação de fornos industriais, aparelhos e equipamentos não-elétricos para instalações térmicas, peças e acessórios"
425,18.8.2,ANEXO I - TABELA 1,2821-6/02,"2,00%","3,00%",507,"Fabricação de estufas e fornos elétricos para fins industriais, peças e acessórios"
425,18.8.2,ANEXO I - TABELA 1,2822-4/01,"2,00%","3,00%",507,"Fabricação de máquinas, equipamentos e aparelhos para transporte e elevação de pessoas, peças e acessórios"
425,18.8.2,ANEXO I - TABELA 1,2822-4/02,"2,00%","3,00%",507,"Fabricação de máquinas, equipamentos e aparelhos para transporte e elevação de cargas, peças e acessórios"
425,18.8.2,ANEXO I - TABELA 1,2823-2/00,"2,00%","3,00%",507,"Fabricação de máquinas e aparelhos de refrigeração e ventilação para uso industrial e comercial, peças e acessórios"
425,18.8.2,ANEXO I - TABELA 1,2824-1/01,"2,00%","2,00%",507,Fabricação de aparelhos e equipamentos de ar condicionado para uso industrial
425,18.8.2,ANEXO I - TABELA 1,2824-1/02,"2,00%","2,00%",507,Fabricação de aparelhos e equipamentos de ar condicionado para uso não-industrial
425,18.8.2,ANEXO I - TABELA 1,2825-9/00,"2,00%","2,00%",507,"Fabricação de máquinas e equipamentos para saneamento básico e ambiental, peças e acessórios"
425,18.8.2,ANEXO I - TABELA 1,2829-1/01,"2,00%","2,00%",507,"Fabricação de máquinas de escrever, calcular e outros equipamentos não- eletrônicos para escritório, peças e acessórios"
425,18.8.2,ANEXO I - TABELA 1,2829-1/99,"2,00%","3,00%",507,"Fabricação de outras máquinas e equipamentos de uso geral não especificados anteriormente, peças e acessórios"
425,18.8.2,ANEXO I - TABELA 1,2831-3/00,"2,00%","3,00%",507,"Fabricação de tratores agrícolas, peças e acessórios"
425,18.8.2,ANEXO I - TABELA 1,2832-1/00,"2,00%","3,00%",507,"Fabricação de equipamentos para irrigação agrícola, peças e acessórios"
425,18.8.2,ANEXO I - TABELA 1,2833-0/00,"2,00%","3,00%",507,"Fabricação de máquinas e equipamentos para a agricultura e pecuária, peças e acessórios, exceto para irrigação"
425,18.8.2,ANEXO I - TABELA 1,2840-2/00,"2,00%","3,00%",507,"Fabricação de máquinas-ferramenta, peças e acessórios"
425,18.8.2,ANEXO I - TABELA 1,2851-8/00,"2,00%","3,00%",507,"Fabricação de máquinas e equipamentos para a prospecção e extração de petróleo, peças e acessórios"
425,18.8.2,ANEXO I - TABELA 1,2852-6/00,"2,00%","3,00%",507,"Fabricação de outras máquinas e equipamentos para uso na extração mineral, peças e acessórios, exceto na extração de petróleo"
425,18.8.2,ANEXO I - TABELA 1,2853-4/00,"2,00%","3,00%",507,"Fabricação de tratores, peças e acessórios, exceto agrícolas"
425,18.8.2,ANEXO I - TABELA 1,2854-2/00,"2,00%","3,00%",507,"Fabricação de máquinas e equipamentos para terraplenagem, pavimentação e construção, peças e acessórios, exceto tratores"
425,18.8.2,ANEXO I - TABELA 1,2861-5/00,"2,00%","3,00%",507,"Fabricação de máquinas para a indústria metalúrgica, peças e acessórios, exceto máquinas-ferramenta"
425,18.8.2,ANEXO I - TABELA 1,2862-3/00,"2,00%","3,00%",507,"Fabricação de máquinas e equipamentos para as indústrias de alimentos, bebidas e fumo, peças e acessórios"
425,18.8.2,ANEXO I - TABELA 1,2863-1/00,"2,00%","3,00%",507,"Fabricação de máquinas e equipamentos para a indústria têxtil, peças e acessórios"
425,18.8.2,ANEXO I - TABELA 1,2864-0/00,"2,00%","3,00%",507,"Fabricação de máquinas e equipamentos para as indústrias do vestuário, do couro e de calçados, peças e acessórios"
425,18.8.2,ANEXO I - TABELA 1,2865-8/00,"2,00%","3,00%",507,"Fabricação de máquinas e equipamentos para as indústrias de celulose, papel e papelão e artefatos, peças e acessórios"
425,18.8.2,ANEXO I - TABELA 1,2866-6/00,"2,00%","3,00%",507,"Fabricação de máquinas e equipamentos para a indústria do plástico, peças e acessórios"
425,18.8.2,ANEXO I - TABELA 1,2869-1/00,"2,00%","3,00%",507,"Fabricação de máquinas e equipamentos para uso industrial específico não especificados anteriormente, peças e acessórios"
425,18.8.2,ANEXO I - TABELA 1,2910-7/01,"2,00%","3,00%",507,"Fabricação de automóveis, camionetas e utilitários"
425,18.8.2,ANEXO I - TABELA 1,2910-7/02,"2,00%","3,00%",507,"Fabricação de chassis com motor para automóveis, camionetas e utilitários"
425,18.8.2,ANEXO I - TABELA 1,2910-7/03,"2,00%","3,00%",507,"Fabricação de motores para automóveis, camionetas e utilitários"
425,18.8.2,ANEXO I - TABELA 1,2920-4/01,"1,00%","3,00%",507,Fabricação de caminhões e ônibus
425,18.8.2,ANEXO I - TABELA 1,2920-4/02,"1,00%","2,00%",507,Fabricação de motores para caminhões e ônibus
426,18.8.2,ANEXO I - TABELA 1,2930-1/01,"2,00%","3,00%",507,"Fabricação de cabines, carrocerias e reboques para caminhões"
426,18.8.2,ANEXO I - TABELA 1,2930-1/02,"2,00%","3,00%",507,Fabricação de carrocerias para ônibus
426,18.8.2,ANEXO I - TABELA 1,2930-1/03,"2,00%","3,00%",507,"Fabricação de cabines, carrocerias e reboques para outros veículos automotores, exceto caminhões e ônibus"
426,18.8.2,ANEXO I - TABELA 1,2941-7/00,"2,00%","3,00%",507,Fabricação de peças e acessórios para o sistema motor de veículos automotores
426,18.8.2,ANEXO I - TABELA 1,2942-5/00,"2,00%","3,00%",507,Fabricação de peças e acessórios para os sistemas de marcha e transmissão de veículos automotores
426,18.8.2,ANEXO I - TABELA 1,2943-3/00,"2,00%","3,00%",507,Fabricação de peças e acessórios para o sistema de freios de veículos automotores
426,18.8.2,ANEXO I - TABELA 1,2944-1/00,"2,00%","3,00%",507,Fabricação de peças e acessórios para o sistema de direção e suspensão de veículos automotores
426,18.8.2,ANEXO I - TABELA 1,2945-0/00,"2,00%","3,00%",507,"Fabricação de material elétrico e eletrônico para veículos automotores, exceto baterias"
426,18.8.2,ANEXO I - TABELA 1,2949-2/01,"2,00%","3,00%",507,Fabricação de bancos e estofados para veículos automotores
426,18.8.2,ANEXO I - TABELA 1,2949-2/99,"2,00%","3,00%",507,Fabricação de outras peças e acessórios para veículos automotores não especificadas anteriormente
426,18.8.2,ANEXO I - TABELA 1,2950-6/00,"2,00%","3,00%",507,Recondicionamento e recuperação de motores para veículos automotores
426,18.8.2,ANEXO I - TABELA 1,3011-3/01,"2,00%","3,00%",507,Construção de embarcações de grande porte
426,18.8.2,ANEXO I - TABELA 1,3011-3/02,"2,00%","3,00%",507,"Construção de embarcações para uso comercial e para usos especiais, exceto de grande porte"
426,18.8.2,ANEXO I - TABELA 1,3012-1/00,"2,00%","3,00%",507,Construção de embarcações para esporte e lazer
426,18.8.2,ANEXO I - TABELA 1,3031-8/00,"1,00%","3,00%",507,"Fabricação de locomotivas, vagões e outros materiais rodantes"
426,18.8.2,ANEXO I - TABELA 1,3032-6/00,"1,00%","3,00%",507,Fabricação de peças e acessórios para veículos ferroviários
426,18.8.2,ANEXO I - TABELA 1,3050-4/00,"2,00%","2,00%",507,Fabricação de veículos militares de combate
426,18.8.2,ANEXO I - TABELA 1,3091-1/00,"1,00%","3,00%",507,"Fabricação de motocicletas, peças e acessórios"
426,18.8.2,ANEXO I - TABELA 1,3092-0/00,"1,00%","3,00%",507,"Fabricação de bicicletas e triciclos não-motorizados, peças e acessórios"
426,18.8.2,ANEXO I - TABELA 1,3099-7/00,"1,00%","3,00%",507,Fabricação de equipamentos de transporte não especificados anteriormente
426,18.8.2,ANEXO I - TABELA 1,3101-2/00,"2,00%","3,00%",507,Fabricação de móveis com predominância de madeira
426,18.8.2,ANEXO I - TABELA 1,3102-1/00,"2,00%","3,00%",507,Fabricação de móveis com predominância de metal
426,18.8.2,ANEXO I - TABELA 1,3103-9/00,"2,00%","3,00%",507,"Fabricação de móveis de outros materiais, exceto madeira e metal"
426,18.8.2,ANEXO I - TABELA 1,3104-7/00,"2,00%","3,00%",507,Fabricação de colchões
426,18.8.2,ANEXO I - TABELA 1,3211-6/01,"1,00%","2,00%",507,Lapidação de gemas
426,18.8.2,ANEXO I - TABELA 1,3211-6/02,"1,00%","2,00%",507,Fabricação de artefatos de joalheria e ourivesaria
426,18.8.2,ANEXO I - TABELA 1,3211-6/03,"1,00%","2,00%",507,Cunhagem de moedas e medalhas
426,18.8.2,ANEXO I - TABELA 1,3212-4/00,"1,00%","3,00%",507,Fabricação de bijuterias e artefatos semelhantes
426,18.8.2,ANEXO I - TABELA 1,3220-5/00,"1,00%","3,00%",507,"Fabricação de instrumentos musicais, peças e acessórios"
426,18.8.2,ANEXO I - TABELA 1,3230-2/00,"2,00%","3,00%",507,Fabricação de artefatos para pesca e esporte
426,18.8.2,ANEXO I - TABELA 1,3240-0/01,"1,00%","2,00%",507,Fabricação de jogos eletrônicos
426,18.8.2,ANEXO I - TABELA 1,3240-0/02,"1,00%","2,00%",507,"Fabricação de mesas de bilhar, de sinuca e acessórios não associada à locação"
426,18.8.2,ANEXO I - TABELA 1,3240-0/03,"1,00%","2,00%",507,"Fabricação de mesas de bilhar, de sinuca e acessórios associada à locação"
426,18.8.2,ANEXO I - TABELA 1,3240-0/99,"1,00%","3,00%",507,Fabricação de outros brinquedos e jogos recreativos não especificados anteriormente
426,18.8.2,ANEXO I - TABELA 1,3250-7/01,"2,00%","2,00%",507,"Fabricação de instrumentos não-eletrônicos e utensílios para uso médico, cirúrgico, odontológico e de laboratório"
426,18.8.2,ANEXO I - TABELA 1,3250-7/02,"2,00%","3,00%",507,"Fabricação de mobiliário para uso médico, cirúrgico, odontológico e de laboratório"
426,18.8.2,ANEXO I - TABELA 1,3250-7/03,"2,00%","2,00%",507,Fabricação de aparelhos e utensílios para correção de defeitos físicos e aparelhos ortopédicos em geral sob encomenda
426,18.8.2,ANEXO I - TABELA 1,3250-7/04,"2,00%","2,00%",507,"Fabricação de aparelhos e utensílios para correção de defeitos físicos e aparelhos ortopédicos em geral, exceto sob encomenda"
426,18.8.2,ANEXO I - TABELA 1,3250-7/05,"2,00%","3,00%",507,Fabricação de materiais para medicina e odontologia
426,18.8.2,ANEXO I - TABELA 1,3250-7/07,"2,00%","3,00%",507,Fabricação de artigos ópticos
426,18.8.2,ANEXO I - TABELA 1,3250-7/08,"2,00%","2,00%",507,Fabricação de artefatos de tecido não tecido para uso odonto-médico- hospitalar
426,18.8.2,ANEXO I - TABELA 1,3291-4/00,"1,00%","3,00%",507,"Fabricação de escovas, pincéis e vassouras"
426,18.8.2,ANEXO I - TABELA 1,3292-2/01,"1,00%","3,00%",507,Fabricação de roupas de proteção e segurança e resistentes a fogo
426,18.8.2,ANEXO I - TABELA 1,3292-2/02,"1,00%","3,00%",507,Fabricação de equipamentos e acessórios para segurança pessoal e profissional
427,18.8.2,ANEXO I - TABELA 1,3299-0/01,"1,00%","2,00%",507,Fabricação de guarda-chuvas e similares
427,18.8.2,ANEXO I - TABELA 1,3299-0/02,"1,00%","2,00%",507,"Fabricação de canetas, lápis e outros artigos para escritório"
427,18.8.2,ANEXO I - TABELA 1,3299-0/03,"1,00%","2,00%",507,"Fabricação de letras, letreiros e placas de qualquer material, exceto luminosos"
427,18.8.2,ANEXO I - TABELA 1,3299-0/04,"1,00%","3,00%",507,Fabricação de painéis e letreiros luminosos
427,18.8.2,ANEXO I - TABELA 1,3299-0/05,"1,00%","3,00%",507,Fabricação de aviamentos para costura
427,18.8.2,ANEXO I - TABELA 1,3299-0/99,"1,00%","3,00%",507,Fabricação de produtos diversos não especificados anteriormente
427,18.8.2,ANEXO I - TABELA 1,3311-2/00,"1,00%","3,00%",507,"Manutenção e reparação de tanques, reservatórios metálicos e caldeiras, exceto para veículos"
427,18.8.2,ANEXO I - TABELA 1,3312-1/01,"1,00%","2,00%",507,Manutenção e reparação de equipamentos transmissores de comunicação
427,18.8.2,ANEXO I - TABELA 1,3312-1/02,"1,00%","2,00%",507,"Manutenção e reparação de aparelhos e instrumentos de medida, teste e controle"
427,18.8.2,ANEXO I - TABELA 1,3312-1/03,"1,00%","1,00%",507,Manutenção e reparação de aparelhos eletromédicos e eletroterapêuticos e equipamentos de irradiação
427,18.8.2,ANEXO I - TABELA 1,3312-1/04,"1,00%","3,00%",507,Manutenção e reparação de equipamentos e instrumentos ópticos
427,18.8.2,ANEXO I - TABELA 1,3313-9/01,"1,00%","3,00%",507,"Manutenção e reparação de geradores, transformadores e motores elétricos"
427,18.8.2,ANEXO I - TABELA 1,3313-9/02,"1,00%","2,00%",507,"Manutenção e reparação de baterias e acumuladores elétricos, exceto para veículos"
427,18.8.2,ANEXO I - TABELA 1,3313-9/99,"1,00%","3,00%",507,"Manutenção e reparação de máquinas, aparelhos e materiais elétricos não especificados anteriormente"
427,18.8.2,ANEXO I - TABELA 1,3314-7/01,"1,00%","1,00%",507,Manutenção e reparação de máquinas motrizes não-elétricas
427,18.8.2,ANEXO I - TABELA 1,3314-7/02,"1,00%","3,00%",507,"Manutenção e reparação de equipamentos hidráulicos e pneumáticos, exceto válvulas"
427,18.8.2,ANEXO I - TABELA 1,3314-7/03,"1,00%","2,00%",507,Manutenção e reparação de válvulas industriais
427,18.8.2,ANEXO I - TABELA 1,3314-7/04,"1,00%","3,00%",507,Manutenção e reparação de compressores
427,18.8.2,ANEXO I - TABELA 1,3314-7/05,"1,00%","2,00%",507,Manutenção e reparação de equipamentos de transmissão para fins industriais
427,18.8.2,ANEXO I - TABELA 1,3314-7/06,"1,00%","3,00%",507,"Manutenção e reparação de máquinas, aparelhos e equipamentos para instalações térmicas"
427,18.8.2,ANEXO I - TABELA 1,3314-7/07,"1,00%","3,00%",507,Manutenção e reparação de máquinas e aparelhos de refrigeração e ventilação para uso industrial e comercial
427,18.8.2,ANEXO I - TABELA 1,3314-7/08,"1,00%","3,00%",507,"Manutenção e reparação de máquinas, equipamentos e aparelhos para transporte e elevação de cargas"
427,18.8.2,ANEXO I - TABELA 1,3314-7/09,"1,00%","3,00%",507,"Manutenção e reparação de máquinas de escrever, calcular e de outros equipamentos não-eletrônicos para escritório"
427,18.8.2,ANEXO I - TABELA 1,3314-7/10,"1,00%","3,00%",507,Manutenção e reparação de máquinas e equipamentos para uso geral não especificados anteriormente
427,18.8.2,ANEXO I - TABELA 1,3314-7/11,"1,00%","3,00%",507,Manutenção e reparação de máquinas e equipamentos para agricultura e pecuária
427,18.8.2,ANEXO I - TABELA 1,3314-7/12,"1,00%","3,00%",507,Manutenção e reparação de tratores agrícolas
427,18.8.2,ANEXO I - TABELA 1,3314-7/13,"1,00%","3,00%",507,Manutenção e reparação de máquinas-ferramenta
427,18.8.2,ANEXO I - TABELA 1,3314-7/14,"1,00%","3,00%",507,Manutenção e reparação de máquinas e equipamentos para a prospecção e extração de petróleo
427,18.8.2,ANEXO I - TABELA 1,3314-7/15,"1,00%","2,00%",507,"Manutenção e reparação de máquinas e equipamentos para uso na extração mineral, exceto na extração de petróleo"
427,18.8.2,ANEXO I - TABELA 1,3314-7/16,"1,00%","3,00%",507,"Manutenção e reparação de tratores, exceto agrícolas"
427,18.8.2,ANEXO I - TABELA 1,3314-7/17,"1,00%","3,00%",507,"Manutenção e reparação de máquinas e equipamentos de terraplenagem, pavimentação e construção, exceto tratores"
427,18.8.2,ANEXO I - TABELA 1,3314-7/18,"1,00%","3,00%",507,"Manutenção e reparação de máquinas para a indústria metalúrgica, exceto máquinas-ferramenta"
427,18.8.2,ANEXO I - TABELA 1,3314-7/19,"1,00%","3,00%",507,"Manutenção e reparação de máquinas e equipamentos para as indústrias de alimentos, bebidas e fumo"
427,18.8.2,ANEXO I - TABELA 1,3314-7/20,"1,00%","2,00%",507,"Manutenção e reparação de máquinas e equipamentos para a indústria têxtil, do vestuário, do couro e calçados"
427,18.8.2,ANEXO I - TABELA 1,3314-7/21,"1,00%","3,00%",507,"Manutenção e reparação de máquinas e aparelhos para a indústria de celulose, papel e papelão e artefatos"
427,18.8.2,ANEXO I - TABELA 1,3314-7/22,"1,00%","3,00%",507,Manutenção e reparação de máquinas e aparelhos para a indústria do plástico
427,18.8.2,ANEXO I - TABELA 1,3314-7/99,"1,00%","3,00%",507,Manutenção e reparação de outras máquinas e equipamentos para usos industriais não especificados anteriormente
427,18.8.2,ANEXO I - TABELA 1,3315-5/00,"1,00%","3,00%",507,Manutenção e reparação de veículos ferroviários
427,18.8.2,ANEXO I - TABELA 1,3319-8/00,"1,00%","2,00%",507,Manutenção e reparação de equipamentos e produtos não especificados anteriormente
428,18.8.2,ANEXO I - TABELA 1,3321-0/00,"2,00%","3,00%",507,Instalação de máquinas e equipamentos industriais
428,18.8.2,ANEXO I - TABELA 1,3329-5/01,"2,00%","3,00%",507,Serviços de montagem de móveis de qualquer material
428,18.8.2,ANEXO I - TABELA 1,3329-5/99,"2,00%","3,00%",507,Instalação de outros equipamentos não especificados anteriormente
428,18.8.2,ANEXO I - TABELA 1,3511-5/00,"2,00%","3,00%",507,Geração de energia elétrica
428,18.8.2,ANEXO I - TABELA 1,3512-3/00,"2,00%","3,00%",507,Transmissão de energia elétrica
428,18.8.2,ANEXO I - TABELA 1,3513-1/00,"2,00%","1,00%",507,Comércio atacadista de energia elétrica
428,18.8.2,ANEXO I - TABELA 1,3514-0/00,"2,00%","3,00%",507,Distribuição de energia elétrica
428,18.8.2,ANEXO I - TABELA 1,3520-4/01,"1,00%","2,00%",507,Produção de gás; processamento de gás natural
428,18.8.2,ANEXO I - TABELA 1,3530-1/00,"1,00%","2,00%",507,"Produção e distribuição de vapor, água quente e ar condicionado"
428,18.8.2,ANEXO I - TABELA 1,3600-6/01,"2,00%","3,00%",507,"Captação, tratamento e distribuição de água"
428,18.8.2,ANEXO I - TABELA 1,3701-1/00,"3,00%","3,00%",507,Gestão de redes de esgoto
428,18.8.2,ANEXO I - TABELA 1,3821-1/00,"3,00%","3,00%",507,Tratamento e disposição de resíduos não-perigosos
428,18.8.2,ANEXO I - TABELA 1,3822-0/00,"3,00%","3,00%",507,Tratamento e disposição de resíduos perigosos
428,18.8.2,ANEXO I - TABELA 1,3831-9/01,"3,00%","3,00%",507,Recuperação de sucatas de alumínio
428,18.8.2,ANEXO I - TABELA 1,3831-9/99,"3,00%","3,00%",507,"Recuperação de materiais metálicos, exceto alumínio"
428,18.8.2,ANEXO I - TABELA 1,3832-7/00,"3,00%","3,00%",507,Recuperação de materiais plásticos
428,18.8.2,ANEXO I - TABELA 1,3839-4/01,"3,00%","3,00%",507,Usinas de compostagem
428,18.8.2,ANEXO I - TABELA 1,3839-4/99,"3,00%","3,00%",507,Recuperação de materiais não especificados anteriormente
428,18.8.2,ANEXO I - TABELA 1,3900-5/00,"3,00%","2,00%",507,Descontaminação e outros serviços de gestão de resíduos
428,18.8.2,ANEXO I - TABELA 1,4120-4/00,"3,00%","3,00%",507,Construção de edifícios
428,18.8.2,ANEXO I - TABELA 1,4211-1/01,"2,00%","3,00%",507,Construção de rodovias e ferrovias
428,18.8.2,ANEXO I - TABELA 1,4211-1/02,"2,00%","3,00%",507,Pintura para sinalização em pistas rodoviárias e aeroportos
428,18.8.2,ANEXO I - TABELA 1,4212-0/00,"2,00%","3,00%",507,Construção de obras-de-arte especiais
428,18.8.2,ANEXO I - TABELA 1,4213-8/00,"2,00%","3,00%",507,"Obras de urbanização - ruas, praças e calçadas"
428,18.8.2,ANEXO I - TABELA 1,4221-9/01,"3,00%","3,00%",507,Construção de barragens e represas para geração de energia elétrica
428,18.8.2,ANEXO I - TABELA 1,4221-9/02,"3,00%","3,00%",507,Construção de estações e redes de distribuição de energia elétrica
428,18.8.2,ANEXO I - TABELA 1,4221-9/03,"3,00%","3,00%",507,Manutenção de redes de distribuição de energia elétrica
428,18.8.2,ANEXO I - TABELA 1,4221-9/04,"3,00%","3,00%",507,Construção de estações e redes de telecomunicações
428,18.8.2,ANEXO I - TABELA 1,4221-9/05,"3,00%","3,00%",507,Manutenção de estações e redes de telecomunicações
428,18.8.2,ANEXO I - TABELA 1,4222-7/01,"3,00%","3,00%",507,"Construção de redes de abastecimento de água, coleta de esgoto e construções correlatas, exceto obras de irrigação"
428,18.8.2,ANEXO I - TABELA 1,4222-7/02,"3,00%","3,00%",507,Obras de irrigação
428,18.8.2,ANEXO I - TABELA 1,4223-5/00,"3,00%","3,00%",507,"Construção de redes de transportes por dutos, exceto para água e esgoto"
428,18.8.2,ANEXO I - TABELA 1,4291-0/00,"3,00%","3,00%",507,"Obras portuárias, marítimas e fluviais"
428,18.8.2,ANEXO I - TABELA 1,4292-8/01,"3,00%","3,00%",507,Montagem de estruturas metálicas
428,18.8.2,ANEXO I - TABELA 1,4292-8/02,"3,00%","3,00%",507,Obras de montagem industrial
428,18.8.2,ANEXO I - TABELA 1,4299-5/01,"3,00%","3,00%",507,Construção de instalações esportivas e recreativas
428,18.8.2,ANEXO I - TABELA 1,4299-5/99,"3,00%","3,00%",507,Outras obras de engenharia civil não especificadas anteriormente
428,18.8.2,ANEXO I - TABELA 1,4311-8/01,"2,00%","3,00%",507,Demolição de edifícios e outras estruturas
428,18.8.2,ANEXO I - TABELA 1,4311-8/02,"2,00%","3,00%",507,Preparação de canteiro e limpeza de terreno
428,18.8.2,ANEXO I - TABELA 1,4312-6/00,"2,00%","3,00%",507,Perfurações e sondagens
428,18.8.2,ANEXO I - TABELA 1,4313-4/00,"2,00%","3,00%",507,Obras de terraplenagem
428,18.8.2,ANEXO I - TABELA 1,4319-3/00,"2,00%","2,00%",507,Serviços de preparação do terreno não especificados anteriormente
428,18.8.2,ANEXO I - TABELA 1,4321-5/00,"2,00%","3,00%",507,Instalação e manutenção elétrica
428,18.8.2,ANEXO I - TABELA 1,4322-3/01,"2,00%","3,00%",507,"Instalações hidráulicas, sanitárias e de gás"
428,18.8.2,ANEXO I - TABELA 1,4322-3/02,"2,00%","3,00%",507,"Instalação e manutenção de sistemas centrais de ar condicionado, de ventilação e refrigeração"
428,18.8.2,ANEXO I - TABELA 1,4322-3/03,"2,00%","3,00%",507,Instalações de sistema de prevenção contra incêndio
428,18.8.2,ANEXO I - TABELA 1,4329-1/01,"2,00%","2,00%",507,Instalação de painéis publicitários
428,18.8.2,ANEXO I - TABELA 1,4329-1/02,"2,00%","2,00%",507,"Instalação de equipamentos para orientação à navegação marítima, fluvial e lacustre"
428,18.8.2,ANEXO I - TABELA 1,4329-1/03,"2,00%","2,00%",507,"Instalação, manutenção e reparação de elevadores, escadas e esteiras rolantes, exceto de fabricação própria"
428,18.8.2,ANEXO I - TABELA 1,4329-1/04,"2,00%","3,00%",507,"Montagem e instalação de sistemas e equipamentos de iluminação e sinalização em vias públicas, portos e aeroportos"
428,18.8.2,ANEXO I - TABELA 1,4329-1/05,"2,00%","3,00%",507,"Tratamentos térmicos, acústicos ou de vibração"
429,18.8.2,ANEXO I - TABELA 1,4329-1/99,"2,00%","3,00%",507,Outras obras de instalações em construções não especificadas anteriormente
429,18.8.2,ANEXO I - TABELA 1,4330-4/01,"2,00%","3,00%",507,Impermeabilização em obras de engenharia civil
429,18.8.2,ANEXO I - TABELA 1,4330-4/02,"2,00%","3,00%",507,"Instalação de portas, janelas, tetos, divisórias e armários embutidos de qualquer material"
429,18.8.2,ANEXO I - TABELA 1,4330-4/03,"2,00%","3,00%",507,Obras de acabamento em gesso e estuque
429,18.8.2,ANEXO I - TABELA 1,4330-4/04,"2,00%","3,00%",507,Serviços de pintura de edifícios em geral
429,18.8.2,ANEXO I - TABELA 1,4330-4/05,"2,00%","3,00%",507,Aplicação de revestimentos e de resinas em interiores e exteriores
429,18.8.2,ANEXO I - TABELA 1,4330-4/99,"2,00%","3,00%",507,Outras obras de acabamento da construção
429,18.8.2,ANEXO I - TABELA 1,4391-6/00,"3,00%","3,00%",507,Obras de fundações
429,18.8.2,ANEXO I - TABELA 1,4399-1/01,"3,00%","3,00%",507,Administração de obras
429,18.8.2,ANEXO I - TABELA 1,4399-1/02,"3,00%","3,00%",507,Montagem e desmontagem de andaimes e outras estruturas temporárias
429,18.8.2,ANEXO I - TABELA 1,4399-1/03,"3,00%","3,00%",507,Obras de alvenaria
429,18.8.2,ANEXO I - TABELA 1,4399-1/04,"3,00%","3,00%",507,Serviços de operação e fornecimento de equipamentos para transporte e elevação de cargas e pessoas para uso em obras
429,18.8.2,ANEXO I - TABELA 1,4399-1/05,"3,00%","3,00%",507,Perfuração e construção de poços de água
429,18.8.2,ANEXO I - TABELA 1,4399-1/99,"3,00%","3,00%",507,Serviços especializados para construção não especificados anteriormente
429,18.8.2,ANEXO I - TABELA 1,4520-0/01,"2,00%","3,00%",507,Serviços de manutenção e reparação mecânica de veículos automotores
429,18.8.2,ANEXO I - TABELA 1,4520-0/02,"2,00%","3,00%",507,Serviços de lanternagem ou funilaria e pintura de veículos automotores
429,18.8.2,ANEXO I - TABELA 1,4520-0/03,"2,00%","3,00%",507,Serviços de manutenção e reparação elétrica de veículos automotores
429,18.8.2,ANEXO I - TABELA 1,4520-0/04,"2,00%","2,00%",507,Serviços de alinhamento e balanceamento de veículos automotores
429,18.8.2,ANEXO I - TABELA 1,4520-0/06,"2,00%","3,00%",507,Serviços de borracharia para veículos automotores
429,18.8.2,ANEXO I - TABELA 1,4520-0/07,"2,00%","3,00%",507,"Serviços de instalação, manutenção e reparação de acessórios para veículos automotores"
429,18.8.2,ANEXO I - TABELA 1,4543-9/00,"2,00%","2,00%",507,Manutenção e reparação de motocicletas e motonetas
429,18.8.2,ANEXO I - TABELA 1,4721-1/01,"1,00%","3,00%",507,Padaria e confeitaria com predominância de produção própria
429,18.8.2,ANEXO I - TABELA 1,4911-6/00,"1,00%","3,00%",507,Transporte ferroviário de carga
429,18.8.2,ANEXO I - TABELA 1,4912-4/01,"1,00%","3,00%",507,Transporte ferroviário de passageiros intermunicipal e interestadual
429,18.8.2,ANEXO I - TABELA 1,4912-4/02,"1,00%","3,00%",507,Transporte ferroviário de passageiros municipal e em região metropolitana
429,18.8.2,ANEXO I - TABELA 1,4912-4/03,"1,00%","3,00%",507,Transporte metroviário
429,18.8.2,ANEXO I - TABELA 1,4940-0/00,"1,00%","1,00%",507,Transporte dutoviário
429,18.8.2,ANEXO I - TABELA 1,4950-7/00,"1,00%","3,00%",507,"Trens turísticos, teleféricos e similares"
429,18.8.2,ANEXO I - TABELA 1,5221-4/00,"1,00%","3,00%",507,"Concessionárias de rodovias, pontes, túneis e serviços relacionados"
429,18.8.2,ANEXO I - TABELA 1,5310-5/01,"3,00%","3,00%",507,Atividades do Correio Nacional
429,18.8.2,ANEXO I - TABELA 1,5310-5/02,"3,00%","2,00%",507,Atividades de franqueadas e permissionárias do Correio Nacional
429,18.8.2,ANEXO I - TABELA 1,5620-1/01,"1,00%","3,00%",507,Fornecimento de alimentos preparados preponderantemente para empresas
429,18.8.2,ANEXO I - TABELA 1,5911-1/01,"1,00%","1,00%",507,"Estúdios cinematográficos - Ind. Cinematográficas, inclusive laboratórios (art. 577 do Decreto-Lei nº 5.452, de 1943, gr.16 CNI)"
429,18.8.2,ANEXO I - TABELA 1,6110-8/01,"2,00%","2,00%",507,Serviços de telefonia fixa comutada - STFC
429,18.8.2,ANEXO I - TABELA 1,6110-8/02,"2,00%","2,00%",507,Serviços de redes de transporte de telecomunicações - SRTT
429,18.8.2,ANEXO I - TABELA 1,6110-8/03,"2,00%","2,00%",507,Serviços de comunicação multimídia - SCM
429,18.8.2,ANEXO I - TABELA 1,6110-8/99,"2,00%","3,00%",507,Serviços de telecomunicações por fio não especificados anteriormente
429,18.8.2,ANEXO I - TABELA 1,6120-5/01,"2,00%","2,00%",507,Telefonia móvel celular
429,18.8.2,ANEXO I - TABELA 1,6120-5/02,"2,00%","3,00%",507,Serviço móvel especializado - SME
429,18.8.2,ANEXO I - TABELA 1,6120-5/99,"2,00%","1,00%",507,Serviços de telecomunicações sem fio não especificados anteriormente
429,18.8.2,ANEXO I - TABELA 1,6130-2/00,"2,00%","1,00%",507,Telecomunicações por satélite
429,18.8.2,ANEXO I - TABELA 1,6190-6/01,"2,00%","3,00%",507,Provedores de acesso às redes de comunicações
429,18.8.2,ANEXO I - TABELA 1,6190-6/02,"2,00%","2,00%",507,Provedores de voz sobre protocolo internet - VOIP
429,18.8.2,ANEXO I - TABELA 1,6190-6/99,"2,00%","2,00%",507,Outras atividades de telecomunicações não especificadas anteriormente
429,18.8.2,ANEXO I - TABELA 1,6202-3/00,"1,00%","2,00%",507,Desenvolvimento e licenciamento de programas de computador customizáveis
429,18.8.2,ANEXO I - TABELA 1,6203-1/00,"1,00%","1,00%",507,Desenvolvimento e licenciamento de programas de computador não- customizáveis
429,18.8.2,ANEXO I - TABELA 1,7112-0/00,"1,00%","3,00%",507,"Serviços de engenharia, inclusive engenharia consultiva prestada na área da Indústria da Construção (art. 577 do Decreto-Lei nº 5.452, de 1943, gr. 3 CNI)"
429,18.8.2,ANEXO I - TABELA 1,9102-3/02,"1,00%","1,00%",507,Restauração e conservação de lugares e prédios históricos
430,18.8.2,ANEXO I - TABELA 1,3250-7/06,"2,00%","2,00%",515,Serviços de prótese dentária - Pessoa Jurídica
430,18.8.2,ANEXO I - TABELA 1,3520-4/02,"1,00%","2,00%",515,Distribuição de combustíveis gasosos por redes urbanas
430,18.8.2,ANEXO I - TABELA 1,3702-9/00,"3,00%","3,00%",515,"Atividades relacionadas a esgoto, exceto a gestão de redes"
430,18.8.2,ANEXO I - TABELA 1,3811-4/00,"3,00%","3,00%",515,Coleta de resíduos não-perigosos
430,18.8.2,ANEXO I - TABELA 1,3812-2/00,"3,00%","2,00%",515,Coleta de resíduos perigosos
430,18.8.2,ANEXO I - TABELA 1,4110-7/00,"2,00%","3,00%",515,Incorporação de empreendimentos imobiliários
430,18.8.2,ANEXO I - TABELA 1,4511-1/01,"2,00%","2,00%",515,"Comércio a varejo de automóveis, camionetas e utilitários novos"
430,18.8.2,ANEXO I - TABELA 1,4511-1/02,"2,00%","3,00%",515,"Comércio a varejo de automóveis, camionetas e utilitários usados"
430,18.8.2,ANEXO I - TABELA 1,4511-1/03,"2,00%","2,00%",515,"Comércio por atacado de automóveis, camionetas e utilitários novos e usados"
430,18.8.2,ANEXO I - TABELA 1,4511-1/04,"2,00%","2,00%",515,Comércio por atacado de caminhões novos e usados
430,18.8.2,ANEXO I - TABELA 1,4511-1/05,"2,00%","3,00%",515,Comércio por atacado de reboques e semi-reboques novos e usados
430,18.8.2,ANEXO I - TABELA 1,4511-1/06,"2,00%","1,00%",515,Comércio por atacado de ônibus e microônibus novos e usados
430,18.8.2,ANEXO I - TABELA 1,4512-9/01,"2,00%","2,00%",515,Representantes comerciais e agentes do comércio de veículos automotores
430,18.8.2,ANEXO I - TABELA 1,4512-9/02,"2,00%","3,00%",515,Comércio sob consignação de veículos automotores
430,18.8.2,ANEXO I - TABELA 1,4520-0/05,"2,00%","3,00%",515,"Serviços de lavagem, lubrificação e polimento de veículos automotores"
430,18.8.2,ANEXO I - TABELA 1,4530-7/01,"2,00%","2,00%",515,Comércio por atacado de peças e acessórios novos para veículos automotores
430,18.8.2,ANEXO I - TABELA 1,4530-7/02,"2,00%","2,00%",515,Comércio por atacado de pneumáticos e câmaras-de-ar
430,18.8.2,ANEXO I - TABELA 1,4530-7/03,"2,00%","2,00%",515,Comércio a varejo de peças e acessórios novos para veículos automotores
430,18.8.2,ANEXO I - TABELA 1,4530-7/04,"2,00%","2,00%",515,Comércio a varejo de peças e acessórios usados para veículos automotores
430,18.8.2,ANEXO I - TABELA 1,4530-7/05,"2,00%","2,00%",515,Comércio a varejo de pneumáticos e câmaras-de-ar
430,18.8.2,ANEXO I - TABELA 1,4530-7/06,"2,00%","2,00%",515,Representantes comerciais e agentes do comércio de peças e acessórios novos e usados para veículos automotores
430,18.8.2,ANEXO I - TABELA 1,4541-2/01,"2,00%","2,00%",515,Comércio por atacado de motocicletas e motonetas
430,18.8.2,ANEXO I - TABELA 1,4541-2/02,"2,00%","3,00%",515,Comércio por atacado de peças e acessórios para motocicletas e motonetas
430,18.8.2,ANEXO I - TABELA 1,4541-2/03,"2,00%","3,00%",515,Comércio a varejo de motocicletas e motonetas novas
430,18.8.2,ANEXO I - TABELA 1,4541-2/04,"2,00%","3,00%",515,Comércio a varejo de motocicletas e motonetas usadas
430,18.8.2,ANEXO I - TABELA 1,4541-2/05,"2,00%","3,00%",515,Comércio a varejo de peças e acessórios para motocicletas e motonetas
430,18.8.2,ANEXO I - TABELA 1,4542-1/01,"2,00%","1,00%",515,"Representantes comerciais e agentes do comércio de motocicletas e motonetas, peças e acessórios"
430,18.8.2,ANEXO I - TABELA 1,4542-1/02,"2,00%","2,00%",515,Comércio sob consignação de motocicletas e motonetas
430,18.8.2,ANEXO I - TABELA 1,4611-7/00,"2,00%","3,00%",515,Representantes comerciais e agentes do comércio de matérias-primas agrícolas e animais vivos
430,18.8.2,ANEXO I - TABELA 1,4612-5/00,"2,00%","2,00%",515,"Representantes comerciais e agentes do comércio de combustíveis, minerais, produtos siderúrgicos e químicos"
430,18.8.2,ANEXO I - TABELA 1,4613-3/00,"2,00%","3,00%",515,"Representantes comerciais e agentes do comércio de madeira, material de construção e ferragens"
430,18.8.2,ANEXO I - TABELA 1,4614-1/00,"2,00%","2,00%",515,"Representantes comerciais e agentes do comércio de máquinas, equipamentos, embarcações"
430,18.8.2,ANEXO I - TABELA 1,4615-0/00,"2,00%","2,00%",515,"Representantes comerciais e agentes do comércio de eletrodomésticos, móveis e artigos de uso doméstico"
430,18.8.2,ANEXO I - TABELA 1,4616-8/00,"2,00%","1,00%",515,"Representantes comerciais e agentes do comércio de têxteis, vestuário, calçados e artigos de viagem"
430,18.8.2,ANEXO I - TABELA 1,4617-6/00,"2,00%","3,00%",515,"Representantes comerciais e agentes do comércio de produtos alimentícios, bebidas e fumo"
430,18.8.2,ANEXO I - TABELA 1,4618-4/01,"2,00%","2,00%",515,"Representantes comerciais e agentes do comércio de medicamentos, cosméticos e produtos de perfumaria"
430,18.8.2,ANEXO I - TABELA 1,4618-4/02,"2,00%","2,00%",515,Representantes comerciais e agentes do comércio de instrumentos e materiais odonto-médico-hospitalares
430,18.8.2,ANEXO I - TABELA 1,4618-4/03,"2,00%","3,00%",515,"Representantes comerciais e agentes do comércio de jornais, revistas e outras publicações"
430,18.8.2,ANEXO I - TABELA 1,4618-4/99,"2,00%","2,00%",515,Outros representantes comerciais e agentes do comércio especializado em produtos não especificados anteriormente
430,18.8.2,ANEXO I - TABELA 1,4619-2/00,"2,00%","2,00%",515,Representantes comerciais e agentes do comércio de mercadorias em geral não especializado
431,18.8.2,ANEXO I - TABELA 1,4621-4/00,"2,00%","3,00%",515,Comércio atacadista de café em grão
431,18.8.2,ANEXO I - TABELA 1,4622-2/00,"2,00%","3,00%",515,Comércio atacadista de soja
431,18.8.2,ANEXO I - TABELA 1,4623-1/01,"2,00%","3,00%",515,Comércio atacadista de animais vivos
431,18.8.2,ANEXO I - TABELA 1,4623-1/02,"2,00%","3,00%",515,"Comércio atacadista de couros, lãs, peles e outros subprodutos não- comestíveis de origem animal"
431,18.8.2,ANEXO I - TABELA 1,4623-1/03,"2,00%","2,00%",515,Comércio atacadista de algodão
431,18.8.2,ANEXO I - TABELA 1,4623-1/04,"2,00%","3,00%",515,Comércio atacadista de fumo em folha não beneficiado
431,18.8.2,ANEXO I - TABELA 1,4623-1/05,"2,00%","2,00%",515,Comércio atacadista de cacau
431,18.8.2,ANEXO I - TABELA 1,4623-1/06,"2,00%","3,00%",515,"Comércio atacadista de sementes, flores, plantas e gramas"
431,18.8.2,ANEXO I - TABELA 1,4623-1/07,"2,00%","2,00%",515,Comércio atacadista de sisal
431,18.8.2,ANEXO I - TABELA 1,4623-1/08,"2,00%","3,00%",515,Comércio atacadista de matérias-primas agrícolas com atividade de fracionamento e acondicionamento associada
431,18.8.2,ANEXO I - TABELA 1,4623-1/09,"2,00%","3,00%",515,Comércio atacadista de alimentos para animais
431,18.8.2,ANEXO I - TABELA 1,4623-1/99,"2,00%","3,00%",515,Comércio atacadista de matérias-primas agrícolas não especificadas anteriormente
431,18.8.2,ANEXO I - TABELA 1,4631-1/00,"2,00%","3,00%",515,Comércio atacadista de leite e laticínios
431,18.8.2,ANEXO I - TABELA 1,4632-0/01,"2,00%","3,00%",515,Comércio atacadista de cereais e leguminosas beneficiados
431,18.8.2,ANEXO I - TABELA 1,4632-0/02,"2,00%","3,00%",515,"Comércio atacadista de farinhas, amidos e féculas"
431,18.8.2,ANEXO I - TABELA 1,4632-0/03,"2,00%","3,00%",515,"Comércio atacadista de cereais e leguminosas beneficiados, farinhas, amidos e féculas, com atividade de fracionamento e acondicionamento associada"
431,18.8.2,ANEXO I - TABELA 1,4633-8/01,"2,00%","3,00%",515,"Comércio atacadista de frutas, verduras, raízes, tubérculos, hortaliças e legumes frescos"
431,18.8.2,ANEXO I - TABELA 1,4633-8/02,"2,00%","2,00%",515,Comércio atacadista de aves vivas e ovos
431,18.8.2,ANEXO I - TABELA 1,4633-8/03,"2,00%","2,00%",515,Comércio atacadista de coelhos e outros pequenos animais vivos para alimentação
431,18.8.2,ANEXO I - TABELA 1,4634-6/01,"1,00%","3,00%",515,Comércio atacadista de carnes bovinas e suínas e derivados
431,18.8.2,ANEXO I - TABELA 1,4634-6/02,"1,00%","3,00%",515,Comércio atacadista de aves abatidas e derivados
431,18.8.2,ANEXO I - TABELA 1,4634-6/03,"1,00%","3,00%",515,Comércio atacadista de pescados e frutos do mar
431,18.8.2,ANEXO I - TABELA 1,4634-6/99,"1,00%","2,00%",515,Comércio atacadista de carnes e derivados de outros animais
431,18.8.2,ANEXO I - TABELA 1,4635-4/01,"1,00%","3,00%",515,Comércio atacadista de água mineral
431,18.8.2,ANEXO I - TABELA 1,4635-4/02,"1,00%","3,00%",515,"Comércio atacadista de cerveja, chope e refrigerante"
431,18.8.2,ANEXO I - TABELA 1,4635-4/03,"1,00%","3,00%",515,Comércio atacadista de bebidas com atividade de fracionamento e acondicionamento associada
431,18.8.2,ANEXO I - TABELA 1,4635-4/99,"1,00%","3,00%",515,Comércio atacadista de bebidas não especificadas anteriormente
431,18.8.2,ANEXO I - TABELA 1,4636-2/01,"1,00%","3,00%",515,Comércio atacadista de fumo beneficiado
431,18.8.2,ANEXO I - TABELA 1,4636-2/02,"1,00%","2,00%",515,"Comércio atacadista de cigarros, cigarrilhas e charutos"
431,18.8.2,ANEXO I - TABELA 1,4637-1/01,"1,00%","3,00%",515,"Comércio atacadista de café torrado, moído e solúvel"
431,18.8.2,ANEXO I - TABELA 1,4637-1/02,"1,00%","2,00%",515,Comércio atacadista de açúcar
431,18.8.2,ANEXO I - TABELA 1,4637-1/03,"1,00%","2,00%",515,Comércio atacadista de óleos e gorduras
431,18.8.2,ANEXO I - TABELA 1,4637-1/04,"1,00%","2,00%",515,"Comércio atacadista de pães, bolos, biscoitos e similares"
431,18.8.2,ANEXO I - TABELA 1,4637-1/05,"1,00%","3,00%",515,Comércio atacadista de massas alimentícias
431,18.8.2,ANEXO I - TABELA 1,4637-1/06,"1,00%","2,00%",515,Comércio atacadista de sorvetes
431,18.8.2,ANEXO I - TABELA 1,4637-1/07,"1,00%","3,00%",515,"Comércio atacadista de chocolates, confeitos, balas, bombons e semelhantes"
431,18.8.2,ANEXO I - TABELA 1,4637-1/99,"1,00%","3,00%",515,Comércio atacadista especializado em outros produtos alimentícios não especificados anteriormente
431,18.8.2,ANEXO I - TABELA 1,4639-7/01,"1,00%","3,00%",515,Comércio atacadista de produtos alimentícios em geral
431,18.8.2,ANEXO I - TABELA 1,4639-7/02,"1,00%","3,00%",515,"Comércio atacadista de produtos alimentícios em geral, com atividade de fracionamento e acondicionamento associada"
431,18.8.2,ANEXO I - TABELA 1,4641-9/01,"1,00%","2,00%",515,Comércio atacadista de tecidos
431,18.8.2,ANEXO I - TABELA 1,4641-9/02,"1,00%","3,00%",515,"Comércio atacadista de artigos de cama, mesa e banho"
431,18.8.2,ANEXO I - TABELA 1,4641-9/03,"1,00%","3,00%",515,Comércio atacadista de artigos de armarinho
431,18.8.2,ANEXO I - TABELA 1,4642-7/01,"1,00%","1,00%",515,"Comércio atacadista de artigos do vestuário e acessórios, exceto profissionais e de segurança"
431,18.8.2,ANEXO I - TABELA 1,4642-7/02,"1,00%","2,00%",515,Comércio atacadista de roupas e acessórios para uso profissional e de segurança do trabalho
431,18.8.2,ANEXO I - TABELA 1,4643-5/01,"1,00%","2,00%",515,Comércio atacadista de calçados
431,18.8.2,ANEXO I - TABELA 1,4643-5/02,"1,00%","1,00%",515,"Comércio atacadista de bolsas, malas e artigos de viagem"
432,18.8.2,ANEXO I - TABELA 1,4644-3/01,"1,00%","2,00%",515,Comércio atacadista de medicamentos e drogas de uso humano
432,18.8.2,ANEXO I - TABELA 1,4644-3/02,"1,00%","2,00%",515,Comércio atacadista de medicamentos e drogas de uso veterinário
432,18.8.2,ANEXO I - TABELA 1,4645-1/01,"1,00%","1,00%",515,"Comércio atacadista de instrumentos e materiais para uso médico, cirúrgico, hospitalar e de laboratórios"
432,18.8.2,ANEXO I - TABELA 1,4645-1/02,"1,00%","2,00%",515,Comércio atacadista de próteses e artigos de ortopedia
432,18.8.2,ANEXO I - TABELA 1,4645-1/03,"1,00%","2,00%",515,Comércio atacadista de produtos odontológicos
432,18.8.2,ANEXO I - TABELA 1,4646-0/01,"1,00%","2,00%",515,Comércio atacadista de cosméticos e produtos de perfumaria
432,18.8.2,ANEXO I - TABELA 1,4646-0/02,"1,00%","2,00%",515,Comércio atacadista de produtos de higiene pessoal
432,18.8.2,ANEXO I - TABELA 1,4647-8/01,"1,00%","2,00%",515,Comércio atacadista de artigos de escritório e de papelaria
432,18.8.2,ANEXO I - TABELA 1,4647-8/02,"1,00%","3,00%",515,"Comércio atacadista de livros, jornais e outras publicações"
432,18.8.2,ANEXO I - TABELA 1,4649-4/01,"1,00%","2,00%",515,Comércio atacadista de equipamentos elétricos de uso pessoal e doméstico
432,18.8.2,ANEXO I - TABELA 1,4649-4/02,"1,00%","3,00%",515,Comércio atacadista de aparelhos eletrônicos de uso pessoal e doméstico
432,18.8.2,ANEXO I - TABELA 1,4649-4/03,"1,00%","3,00%",515,"Comércio atacadista de bicicletas, triciclos e outros veículos recreativos"
432,18.8.2,ANEXO I - TABELA 1,4649-4/04,"1,00%","3,00%",515,Comércio atacadista de móveis e artigos de colchoaria
432,18.8.2,ANEXO I - TABELA 1,4649-4/05,"1,00%","2,00%",515,Comércio atacadista de artigos de tapeçaria; persianas e cortinas
432,18.8.2,ANEXO I - TABELA 1,4649-4/06,"1,00%","2,00%",515,"Comércio atacadista de lustres, luminárias e abajures"
432,18.8.2,ANEXO I - TABELA 1,4649-4/07,"1,00%","1,00%",515,"Comércio atacadista de filmes, CDs, DVDs, fitas e discos"
432,18.8.2,ANEXO I - TABELA 1,4649-4/08,"1,00%","3,00%",515,"Comércio atacadista de produtos de higiene, limpeza e conservação domiciliar"
432,18.8.2,ANEXO I - TABELA 1,4649-4/09,"1,00%","2,00%",515,"Comércio atacadista de produtos de higiene, limpeza e conservação domiciliar, com atividade de fracionamento e acondicionamento associada"
432,18.8.2,ANEXO I - TABELA 1,4649-4/10,"1,00%","1,00%",515,"Comércio atacadista de jóias, relógios e bijuterias, inclusive pedras preciosas e semipreciosas lapidadas"
432,18.8.2,ANEXO I - TABELA 1,4649-4/99,"1,00%","2,00%",515,Comércio atacadista de outros equipamentos e artigos de uso pessoal e doméstico não especificados anteriormente
432,18.8.2,ANEXO I - TABELA 1,4651-6/01,"1,00%","1,00%",515,Comércio atacadista de equipamentos de informática
432,18.8.2,ANEXO I - TABELA 1,4651-6/02,"1,00%","1,00%",515,Comércio atacadista de suprimentos para informática
432,18.8.2,ANEXO I - TABELA 1,4652-4/00,"1,00%","1,00%",515,Comércio atacadista de componentes eletrônicos e equipamentos de telefonia e comunicação
432,18.8.2,ANEXO I - TABELA 1,4661-3/00,"1,00%","2,00%",515,"Comércio atacadista de máquinas, aparelhos e equipamentos para uso agropecuário; partes e peças"
432,18.8.2,ANEXO I - TABELA 1,4662-1/00,"1,00%","3,00%",515,"Comércio atacadista de máquinas, equipamentos para terraplenagem, mineração e construção; partes e peças"
432,18.8.2,ANEXO I - TABELA 1,4663-0/00,"1,00%","2,00%",515,Comércio atacadista de máquinas e equipamentos para uso industrial; partes e peças
432,18.8.2,ANEXO I - TABELA 1,4664-8/00,"1,00%","2,00%",515,"Comércio atacadista de máquinas, aparelhos e equipamentos para uso odonto-médico-hospitalar; partes e peças"
432,18.8.2,ANEXO I - TABELA 1,4665-6/00,"1,00%","2,00%",515,Comércio atacadista de máquinas e equipamentos para uso comercial; partes e peças
432,18.8.2,ANEXO I - TABELA 1,4669-9/01,"1,00%","2,00%",515,Comércio atacadista de bombas e compressores; partes e peças
432,18.8.2,ANEXO I - TABELA 1,4669-9/99,"1,00%","2,00%",515,Comércio atacadista de outras máquinas e equipamentos não especificados anteriormente; partes e peças
432,18.8.2,ANEXO I - TABELA 1,4671-1/00,"1,00%","3,00%",515,Comércio atacadista de madeira e produtos derivados
432,18.8.2,ANEXO I - TABELA 1,4672-9/00,"1,00%","3,00%",515,Comércio atacadista de ferragens e ferramentas
432,18.8.2,ANEXO I - TABELA 1,4673-7/00,"1,00%","2,00%",515,Comércio atacadista de material elétrico
432,18.8.2,ANEXO I - TABELA 1,4674-5/00,"1,00%","2,00%",515,Comércio atacadista de cimento
432,18.8.2,ANEXO I - TABELA 1,4679-6/01,"1,00%","2,00%",515,"Comércio atacadista de tintas, vernizes e similares"
432,18.8.2,ANEXO I - TABELA 1,4679-6/02,"1,00%","3,00%",515,Comércio atacadista de mármores e granitos
432,18.8.2,ANEXO I - TABELA 1,4679-6/03,"1,00%","3,00%",515,"Comércio atacadista de vidros, espelhos e vitrais"
432,18.8.2,ANEXO I - TABELA 1,4679-6/04,"1,00%","2,00%",515,Comércio atacadista especializado de materiais de construção não especificados anteriormente
432,18.8.2,ANEXO I - TABELA 1,4679-6/99,"1,00%","3,00%",515,Comércio atacadista de materiais de construção em geral
432,18.8.2,ANEXO I - TABELA 1,4681-8/01,"1,00%","3,00%",515,"Comércio atac de álcool carburante, biodiesel, gasolina e demais derivados de petróleo, exceto lubrificantes, não realizado por transportador retalhista (TRR) exceto pessoal de transporte"
432,18.8.2,ANEXO I - TABELA 1,4681-8/02,"1,00%","3,00%",515,Comércio atacadista de combustíveis realizado por transportador retalhista (TRR) exceto pessoal de transporte
432,18.8.2,ANEXO I - TABELA 1,4681-8/03,"1,00%","3,00%",515,"Comércio atacadista de combustíveis de origem vegetal, exceto álcool carburante exceto pessoal de transporte"
432,18.8.2,ANEXO I - TABELA 1,4681-8/04,"1,00%","2,00%",515,Comércio atacadista de combustíveis de origem mineral em bruto exceto pessoal de transporte
433,18.8.2,ANEXO I - TABELA 1,4681-8/05,"1,00%","2,00%",515,Comércio atacadista de lubrificantes exceto pessoal de transporte
433,18.8.2,ANEXO I - TABELA 1,4682-6/00,"1,00%","3,00%",515,Comércio atacadista de gás liquefeito de petróleo (GLP) exceto pessoal de transporte
433,18.8.2,ANEXO I - TABELA 1,4683-4/00,"1,00%","2,00%",515,"Comércio atacadista de defensivos agrícolas, adubos, fertilizantes e corretivos do solo"
433,18.8.2,ANEXO I - TABELA 1,4684-2/01,"1,00%","2,00%",515,Comércio atacadista de resinas e elastômeros
433,18.8.2,ANEXO I - TABELA 1,4684-2/02,"1,00%","3,00%",515,Comércio atacadista de solventes
433,18.8.2,ANEXO I - TABELA 1,4684-2/99,"1,00%","3,00%",515,Comércio atacadista de outros produtos químicos e petroquímicos não especificados anteriormente
433,18.8.2,ANEXO I - TABELA 1,4685-1/00,"1,00%","3,00%",515,"Comércio atacadista de produtos siderúrgicos e metalúrgicos, exceto para construção"
433,18.8.2,ANEXO I - TABELA 1,4686-9/01,"1,00%","2,00%",515,Comércio atacadista de papel e papelão em bruto
433,18.8.2,ANEXO I - TABELA 1,4686-9/02,"1,00%","3,00%",515,Comércio atacadista de embalagens
433,18.8.2,ANEXO I - TABELA 1,4687-7/01,"1,00%","3,00%",515,Comércio atacadista de resíduos de papel e papelão
433,18.8.2,ANEXO I - TABELA 1,4687-7/02,"1,00%","3,00%",515,"Comércio atacadista de resíduos e sucatas não-metálicos, exceto de papel e papelão"
433,18.8.2,ANEXO I - TABELA 1,4687-7/03,"1,00%","3,00%",515,Comércio atacadista de resíduos e sucatas metálicos
433,18.8.2,ANEXO I - TABELA 1,4689-3/01,"1,00%","2,00%",515,"Comércio atacadista de produtos da extração mineral, exceto combustíveis"
433,18.8.2,ANEXO I - TABELA 1,4689-3/02,"1,00%","2,00%",515,Comércio atacadista de fios e fibras têxteis beneficiados
433,18.8.2,ANEXO I - TABELA 1,4689-3/99,"1,00%","2,00%",515,Comércio atacadista especializado em outros produtos intermediários não especificados anteriormente
433,18.8.2,ANEXO I - TABELA 1,4691-5/00,"1,00%","2,00%",515,"Comércio atacadista de mercadorias em geral, com predominância de produtos alimentícios"
433,18.8.2,ANEXO I - TABELA 1,4692-3/00,"1,00%","2,00%",515,"Comércio atacadista de mercadorias em geral, com predominância de insumos agropecuários"
433,18.8.2,ANEXO I - TABELA 1,4693-1/00,"1,00%","2,00%",515,"Comércio atacadista de mercadorias em geral, sem predominância de alimentos ou de insumos agropecuários"
433,18.8.2,ANEXO I - TABELA 1,4711-3/01,"2,00%","3,00%",515,"Comércio varejista de mercadorias em geral, com predominância de produtos alimentícios - hipermercados"
433,18.8.2,ANEXO I - TABELA 1,4711-3/02,"2,00%","3,00%",515,"Comércio varejista de mercadorias em geral, com predominância de produtos alimentícios - supermercados"
433,18.8.2,ANEXO I - TABELA 1,4712-1/00,"1,00%","2,00%",515,"Comércio varejista de mercadorias em geral, com predominância de produtos alimentícios - minimercados, mercearias e armazéns"
433,18.8.2,ANEXO I - TABELA 1,4713-0/01,"1,00%","3,00%",515,Lojas de departamentos ou magazines
433,18.8.2,ANEXO I - TABELA 1,4713-0/02,"1,00%","2,00%",515,"Lojas de variedades, exceto lojas de departamentos ou magazines"
433,18.8.2,ANEXO I - TABELA 1,4713-0/03,"1,00%","2,00%",515,Lojas duty free de aeroportos internacionais
433,18.8.2,ANEXO I - TABELA 1,4721-1/02,"1,00%","2,00%",515,Padaria e confeitaria com predominância de revenda
433,18.8.2,ANEXO I - TABELA 1,4721-1/03,"1,00%","2,00%",515,Comércio varejista de laticínios e frios
433,18.8.2,ANEXO I - TABELA 1,4721-1/04,"1,00%","3,00%",515,"Comércio varejista de doces, balas, bombons e semelhantes"
433,18.8.2,ANEXO I - TABELA 1,4722-9/01,"1,00%","3,00%",515,Comércio varejista de carnes - açougues
433,18.8.2,ANEXO I - TABELA 1,4722-9/02,"1,00%","2,00%",515,Peixaria
433,18.8.2,ANEXO I - TABELA 1,4723-7/00,"1,00%","3,00%",515,Comércio varejista de bebidas
433,18.8.2,ANEXO I - TABELA 1,4724-5/00,"1,00%","3,00%",515,Comércio varejista de hortifrutigranjeiros
433,18.8.2,ANEXO I - TABELA 1,4729-6/01,"1,00%","1,00%",515,Tabacaria
433,18.8.2,ANEXO I - TABELA 1,4729-6/99,"1,00%","2,00%",515,Comércio varejista de produtos alimentícios em geral ou especializado em produtos alimentícios não especificados anteriormente
433,18.8.2,ANEXO I - TABELA 1,4731-8/00,"1,00%","3,00%",515,Comércio varejista de combustíveis para veículos automotores
433,18.8.2,ANEXO I - TABELA 1,4732-6/00,"1,00%","2,00%",515,Comércio varejista de lubrificantes
433,18.8.2,ANEXO I - TABELA 1,4741-5/00,"1,00%","2,00%",515,Comércio varejista de tintas e materiais para pintura
433,18.8.2,ANEXO I - TABELA 1,4742-3/00,"1,00%","3,00%",515,Comércio varejista de material elétrico
433,18.8.2,ANEXO I - TABELA 1,4743-1/00,"1,00%","3,00%",515,Comércio varejista de vidros
433,18.8.2,ANEXO I - TABELA 1,4744-0/01,"1,00%","3,00%",515,Comércio varejista de ferragens e ferramentas
433,18.8.2,ANEXO I - TABELA 1,4744-0/02,"1,00%","3,00%",515,Comércio varejista de madeira e artefatos
433,18.8.2,ANEXO I - TABELA 1,4744-0/03,"1,00%","2,00%",515,Comércio varejista de materiais hidráulicos
433,18.8.2,ANEXO I - TABELA 1,4744-0/04,"1,00%","3,00%",515,"Comércio varejista de cal, areia, pedra britada, tijolos e telhas"
433,18.8.2,ANEXO I - TABELA 1,4744-0/05,"1,00%","3,00%",515,Comércio varejista de materiais de construção não especificados anteriormente
433,18.8.2,ANEXO I - TABELA 1,4744-0/99,"1,00%","3,00%",515,Comércio varejista de materiais de construção em geral
433,18.8.2,ANEXO I - TABELA 1,4751-2/00,"1,00%","2,00%",515,Comércio varejista especializado de equipamentos e suprimentos de informática
434,18.8.2,ANEXO I - TABELA 1,4752-1/00,"1,00%","2,00%",515,Comércio varejista especializado de equipamentos de telefonia e comunicação
434,18.8.2,ANEXO I - TABELA 1,4753-9/00,"1,00%","2,00%",515,Comércio varejista especializado de eletrodomésticos e equipamentos de áudio e vídeo
434,18.8.2,ANEXO I - TABELA 1,4754-7/01,"1,00%","2,00%",515,Comércio varejista de móveis
434,18.8.2,ANEXO I - TABELA 1,4754-7/02,"1,00%","2,00%",515,Comércio varejista de artigos de colchoaria
434,18.8.2,ANEXO I - TABELA 1,4754-7/03,"1,00%","2,00%",515,Comércio varejista de artigos de iluminação
434,18.8.2,ANEXO I - TABELA 1,4755-5/01,"1,00%","2,00%",515,Comércio varejista de tecidos
434,18.8.2,ANEXO I - TABELA 1,4755-5/02,"1,00%","2,00%",515,Comercio varejista de artigos de armarinho
434,18.8.2,ANEXO I - TABELA 1,4755-5/03,"1,00%","3,00%",515,"Comercio varejista de artigos de cama, mesa e banho"
434,18.8.2,ANEXO I - TABELA 1,4756-3/00,"1,00%","2,00%",515,Comércio varejista especializado de instrumentos musicais e acessórios
434,18.8.2,ANEXO I - TABELA 1,4757-1/00,"1,00%","2,00%",515,"Comércio varejista especializado de peças e acessórios para aparelhos eletroeletrônicos para uso doméstico, exceto informática e comunicação"
434,18.8.2,ANEXO I - TABELA 1,4759-8/01,"1,00%","2,00%",515,"Comércio varejista de artigos de tapeçaria, cortinas e persianas"
434,18.8.2,ANEXO I - TABELA 1,4759-8/99,"1,00%","2,00%",515,Comércio varejista de outros artigos de uso doméstico não especificados anteriormente
434,18.8.2,ANEXO I - TABELA 1,4761-0/01,"1,00%","1,00%",515,Comércio varejista de livros
434,18.8.2,ANEXO I - TABELA 1,4761-0/02,"1,00%","1,00%",515,Comércio varejista de jornais e revistas
434,18.8.2,ANEXO I - TABELA 1,4761-0/03,"1,00%","2,00%",515,Comércio varejista de artigos de papelaria
434,18.8.2,ANEXO I - TABELA 1,4762-8/00,"1,00%","1,00%",515,"Comércio varejista de discos, CDs, DVDs e fitas"
434,18.8.2,ANEXO I - TABELA 1,4763-6/01,"1,00%","2,00%",515,Comércio varejista de brinquedos e artigos recreativos
434,18.8.2,ANEXO I - TABELA 1,4763-6/02,"1,00%","1,00%",515,Comércio varejista de artigos esportivos
434,18.8.2,ANEXO I - TABELA 1,4763-6/03,"1,00%","1,00%",515,Comércio varejista de bicicletas e triciclos; peças e acessórios
434,18.8.2,ANEXO I - TABELA 1,4763-6/04,"1,00%","1,00%",515,"Comércio varejista de artigos de caça, pesca e camping"
434,18.8.2,ANEXO I - TABELA 1,4763-6/05,"1,00%","2,00%",515,Comércio varejista de embarcações e outros veículos recreativos; peças e acessórios
434,18.8.2,ANEXO I - TABELA 1,4771-7/01,"1,00%","2,00%",515,"Comércio varejista de produtos farmacêuticos, sem manipulação de fórmulas"
434,18.8.2,ANEXO I - TABELA 1,4771-7/02,"1,00%","2,00%",515,"Comércio varejista de produtos farmacêuticos, com manipulação de fórmulas"
434,18.8.2,ANEXO I - TABELA 1,4771-7/03,"1,00%","1,00%",515,Comércio varejista de produtos farmacêuticos homeopáticos
434,18.8.2,ANEXO I - TABELA 1,4771-7/04,"1,00%","3,00%",515,Comércio varejista de medicamentos veterinários
434,18.8.2,ANEXO I - TABELA 1,4772-5/00,"1,00%","2,00%",515,"Comércio varejista de cosméticos, produtos de perfumaria e de higiene pessoal"
434,18.8.2,ANEXO I - TABELA 1,4773-3/00,"1,00%","1,00%",515,Comércio varejista de artigos médicos e ortopédicos
434,18.8.2,ANEXO I - TABELA 1,4774-1/00,"1,00%","2,00%",515,Comércio varejista de artigos de óptica
434,18.8.2,ANEXO I - TABELA 1,4781-4/00,"1,00%","2,00%",515,Comércio varejista de artigos do vestuário e acessórios
434,18.8.2,ANEXO I - TABELA 1,4782-2/01,"1,00%","2,00%",515,Comércio varejista de calçados
434,18.8.2,ANEXO I - TABELA 1,4782-2/02,"1,00%","1,00%",515,Comércio varejista de artigos de viagem
434,18.8.2,ANEXO I - TABELA 1,4783-1/01,"1,00%","1,00%",515,Comércio varejista de artigos de joalheria
434,18.8.2,ANEXO I - TABELA 1,4783-1/02,"1,00%","2,00%",515,Comércio varejista de artigos de relojoaria
434,18.8.2,ANEXO I - TABELA 1,4784-9/00,"1,00%","3,00%",515,Comércio varejista de gás liquefeito de petróleo (GLP)
434,18.8.2,ANEXO I - TABELA 1,4785-7/01,"1,00%","2,00%",515,Comércio varejista de antigüidades
434,18.8.2,ANEXO I - TABELA 1,4785-7/99,"1,00%","3,00%",515,Comércio varejista de outros artigos usados
434,18.8.2,ANEXO I - TABELA 1,4789-0/01,"1,00%","2,00%",515,"Comércio varejista de suvenires, bijuterias e artesanatos"
434,18.8.2,ANEXO I - TABELA 1,4789-0/02,"1,00%","3,00%",515,Comércio varejista de plantas e flores naturais
434,18.8.2,ANEXO I - TABELA 1,4789-0/03,"1,00%","1,00%",515,Comércio varejista de objetos de arte
434,18.8.2,ANEXO I - TABELA 1,4789-0/04,"1,00%","3,00%",515,Comércio varejista de animais vivos e de artigos e alimentos para animais de estimação
434,18.8.2,ANEXO I - TABELA 1,4789-0/05,"1,00%","3,00%",515,Comércio varejista de produtos saneantes domissanitários
434,18.8.2,ANEXO I - TABELA 1,4789-0/06,"1,00%","2,00%",515,Comércio varejista de fogos de artifício e artigos pirotécnicos
434,18.8.2,ANEXO I - TABELA 1,4789-0/07,"1,00%","2,00%",515,Comércio varejista de equipamentos para escritório
434,18.8.2,ANEXO I - TABELA 1,4789-0/08,"1,00%","1,00%",515,Comércio varejista de artigos fotográficos e para filmagem
434,18.8.2,ANEXO I - TABELA 1,4789-0/09,"1,00%","2,00%",515,Comércio varejista de armas e munições
434,18.8.2,ANEXO I - TABELA 1,4789-0/99,"1,00%","2,00%",515,Comércio varejista de outros produtos não especificados anteriormente
434,18.8.2,ANEXO I - TABELA 1,5211-7/01,"2,00%","3,00%",515,Armazéns gerais - emissão de warrant
434,18.8.2,ANEXO I - TABELA 1,5211-7/02,"2,00%","2,00%",515,Guarda-móveis
434,18.8.2,ANEXO I - TABELA 1,5211-7/99,"2,00%","3,00%",515,"Depósitos de mercadorias para terceiros, exceto armazéns gerais e"
435,18.8.2,ANEXO I - TABELA 1,5222-2/00,"1,00%","3,00%",515,Terminais rodoviários e ferroviários
435,18.8.2,ANEXO I - TABELA 1,5223-1/00,"1,00%","3,00%",515,Estacionamento de veículos
435,18.8.2,ANEXO I - TABELA 1,5229-0/01,"1,00%","1,00%",515,"Serviços de apoio ao transporte por táxi, inclusive centrais de chamada"
435,18.8.2,ANEXO I - TABELA 1,5229-0/99,"1,00%","3,00%",515,Outras atividades auxiliares dos transportes terrestres não especificadas anteriormente
435,18.8.2,ANEXO I - TABELA 1,5250-8/01,"1,00%","1,00%",515,Comissaria de despachos
435,18.8.2,ANEXO I - TABELA 1,5250-8/02,"1,00%","3,00%",515,Atividades de despachantes aduaneiros
435,18.8.2,ANEXO I - TABELA 1,5250-8/03,"1,00%","3,00%",515,"Agenciamento de cargas, exceto para o transporte marítimo"
435,18.8.2,ANEXO I - TABELA 1,5250-8/04,"1,00%","3,00%",515,Organização logística do transporte de carga
435,18.8.2,ANEXO I - TABELA 1,5250-8/05,"1,00%","3,00%",515,Operador de transporte multimodal - OTM
435,18.8.2,ANEXO I - TABELA 1,5510-8/01,"1,00%","2,00%",515,Hotéis
435,18.8.2,ANEXO I - TABELA 1,5510-8/02,"1,00%","2,00%",515,Apart-hotéis
435,18.8.2,ANEXO I - TABELA 1,5510-8/03,"1,00%","2,00%",515,Motéis
435,18.8.2,ANEXO I - TABELA 1,5590-6/01,"1,00%","3,00%",515,"Albergues, exceto assistenciais"
435,18.8.2,ANEXO I - TABELA 1,5590-6/02,"1,00%","1,00%",515,Campings
435,18.8.2,ANEXO I - TABELA 1,5590-6/03,"1,00%","2,00%",515,Pensões (alojamento)
435,18.8.2,ANEXO I - TABELA 1,5590-6/99,"1,00%","2,00%",515,Outros alojamentos não especificados anteriormente
435,18.8.2,ANEXO I - TABELA 1,5611-2/01,"1,00%","2,00%",515,Restaurantes e similares
435,18.8.2,ANEXO I - TABELA 1,5611-2/02,"1,00%","3,00%",515,Bares e outros estabelecimentos especializados em servir bebidas
435,18.8.2,ANEXO I - TABELA 1,5611-2/03,"1,00%","3,00%",515,"Lanchonetes, casas de chá, de sucos e similares"
435,18.8.2,ANEXO I - TABELA 1,5612-1/00,"1,00%","3,00%",515,Serviços ambulantes de alimentação
435,18.8.2,ANEXO I - TABELA 1,5620-1/02,"1,00%","2,00%",515,Serviços de alimentação para eventos e recepções - bufê
435,18.8.2,ANEXO I - TABELA 1,5620-1/03,"1,00%","3,00%",515,Cantinas - serviços de alimentação privativos
435,18.8.2,ANEXO I - TABELA 1,5620-1/04,"1,00%","3,00%",515,Fornecimento de alimentos preparados preponderantemente para consumo domiciliar
435,18.8.2,ANEXO I - TABELA 1,6022-5/02,"3,00%","3,00%",515,"Atividades relacionadas à televisão por assinatura, exceto programadoras"
435,18.8.2,ANEXO I - TABELA 1,6141-8/00,"2,00%","3,00%",515,Operadoras de televisão por assinatura por cabo
435,18.8.2,ANEXO I - TABELA 1,6142-6/00,"2,00%","2,00%",515,Operadoras de televisão por assinatura por microondas
435,18.8.2,ANEXO I - TABELA 1,6143-4/00,"2,00%","3,00%",515,Operadoras de televisão por assinatura por satélite
435,18.8.2,ANEXO I - TABELA 1,6201-5/00,"1,00%","1,00%",515,Desenvolvimento de programas de computador sob encomenda
435,18.8.2,ANEXO I - TABELA 1,6204-0/00,"1,00%","2,00%",515,Consultoria em tecnologia da informação
435,18.8.2,ANEXO I - TABELA 1,6209-1/00,"1,00%","2,00%",515,"Suporte técnico, manutenção e outros serviços em tecnologia da informação"
435,18.8.2,ANEXO I - TABELA 1,6311-9/00,"1,00%","2,00%",515,"Tratamento de dados, provedores de serviços de aplicação e serviços de hospedagem na internet"
435,18.8.2,ANEXO I - TABELA 1,6319-4/00,"1,00%","1,00%",515,"Portais, provedores de conteúdo e outros serviços de informação na internet"
435,18.8.2,ANEXO I - TABELA 1,6399-2/00,"1,00%","3,00%",515,Outras atividades de prestação de serviços de informação não especificadas anteriormente
435,18.8.2,ANEXO I - TABELA 1,6434-4/00,"1,00%","1,00%",515,Agências de fomento
435,18.8.2,ANEXO I - TABELA 1,6461-1/00,"1,00%","2,00%",515,Holdings de instituições financeiras
435,18.8.2,ANEXO I - TABELA 1,6462-0/00,"1,00%","3,00%",515,Holdings de instituições não-financeiras
435,18.8.2,ANEXO I - TABELA 1,6463-8/00,"1,00%","2,00%",515,"Outras sociedades de participação, exceto holdings"
435,18.8.2,ANEXO I - TABELA 1,6491-3/00,"1,00%","1,00%",515,Sociedades de fomento mercantil - factoring
435,18.8.2,ANEXO I - TABELA 1,6493-0/00,"1,00%","2,00%",515,Administração de consórcios para aquisição de bens e direitos
435,18.8.2,ANEXO I - TABELA 1,6550-2/00,"2,00%","2,00%",515,"Planos de saúde, exceto modalidade Seguro-saúde: 736"
435,18.8.2,ANEXO I - TABELA 1,6613-4/00,"1,00%","2,00%",515,Administração de cartões de crédito
435,18.8.2,ANEXO I - TABELA 1,6619-3/03,"1,00%","1,00%",515,Representações de bancos estrangeiros
435,18.8.2,ANEXO I - TABELA 1,6619-3/05,"1,00%","1,00%",515,Operadoras de cartões de débito
435,18.8.2,ANEXO I - TABELA 1,6619-3/99,"1,00%","2,00%",515,Outras atividades auxiliares dos serviços financeiros não especificadas anteriormente
435,18.8.2,ANEXO I - TABELA 1,6621-5/01,"1,00%","1,00%",515,Peritos e avaliadores de seguros - Pessoa Jurídica
435,18.8.2,ANEXO I - TABELA 1,6621-5/02,"1,00%","1,00%",515,Auditoria e consultoria atuarial - Pessoa Jurídica
435,18.8.2,ANEXO I - TABELA 1,6630-4/00,"2,00%","2,00%",515,Atividades de administração de fundos por contrato ou comissão
435,18.8.2,ANEXO I - TABELA 1,6810-2/01,"1,00%","3,00%",515,Compra e venda de imóveis próprios
435,18.8.2,ANEXO I - TABELA 1,6810-2/02,"1,00%","2,00%",515,Aluguel de imóveis próprios
436,18.8.2,ANEXO I - TABELA 1,6821-8/01,"1,00%","2,00%",515,Corretagem na compra e venda e avaliação de imóveis - Pessoa Jurídica
436,18.8.2,ANEXO I - TABELA 1,6821-8/02,"1,00%","2,00%",515,Corretagem no aluguel de imóveis - Pessoa Jurídica
436,18.8.2,ANEXO I - TABELA 1,6822-6/00,"1,00%","2,00%",515,Gestão e administração da propriedade imobiliária
436,18.8.2,ANEXO I - TABELA 1,6911-7/01,"1,00%","1,00%",515,Serviços advocatícios - Pessoa Jurídica
436,18.8.2,ANEXO I - TABELA 1,6911-7/02,"1,00%","1,00%",515,Atividades auxiliares da justiça
436,18.8.2,ANEXO I - TABELA 1,6911-7/03,"1,00%","1,00%",515,Agente de propriedade industrial
436,18.8.2,ANEXO I - TABELA 1,6920-6/01,"1,00%","1,00%",515,Atividades de contabilidade - Pessoa Jurídica
436,18.8.2,ANEXO I - TABELA 1,6920-6/02,"1,00%","2,00%",515,Atividades de consultoria e auditoria contábil e tributária - Pessoa Jurídica
436,18.8.2,ANEXO I - TABELA 1,7020-4/00,"1,00%","2,00%",515,"Atividades de consultoria em gestão empresarial, exceto consultoria técnica específica - Pessoa Jurídica"
436,18.8.2,ANEXO I - TABELA 1,7111-1/00,"1,00%","3,00%",515,Serviços de arquitetura - Pessoa Jurídica
436,18.8.2,ANEXO I - TABELA 1,7112-0/00,"1,00%","3,00%",515,"Serviços de engenharia, (pessoa jurídica) inclusive engenharia consultiva, exceto aquela prestada na área da Indústria da Construção que é do FPAS 507"
436,18.8.2,ANEXO I - TABELA 1,7119-7/01,"1,00%","2,00%",515,"Serviços de cartografia, topografia e geodésia - Pessoa Jurídica"
436,18.8.2,ANEXO I - TABELA 1,7119-7/02,"1,00%","3,00%",515,Atividades de estudos geológicos - Pessoa Jurídica
436,18.8.2,ANEXO I - TABELA 1,7119-7/03,"1,00%","2,00%",515,Serviços de desenho técnico relacionados à arquitetura e engenharia - Pessoa Jurídica
436,18.8.2,ANEXO I - TABELA 1,7119-7/04,"1,00%","1,00%",515,Serviços de perícia técnica relacionados à segurança do trabalho - Pessoa Jurídica
436,18.8.2,ANEXO I - TABELA 1,7119-7/99,"1,00%","2,00%",515,Atividades técnicas relacionadas à engenharia e arquitetura não especificadas anteriormente - Pessoa Jurídica
436,18.8.2,ANEXO I - TABELA 1,7120-1/00,"3,00%","1,00%",515,Testes e análises técnicas - Pessoa Jurídica
436,18.8.2,ANEXO I - TABELA 1,7210-0/00,"1,00%","2,00%",515,Pesquisa e desenvolvimento experimental em ciências físicas e naturais - Pessoa Jurídica
436,18.8.2,ANEXO I - TABELA 1,7319-0/02,"1,00%","3,00%",515,Promoção de vendas
436,18.8.2,ANEXO I - TABELA 1,7319-0/04,"1,00%","2,00%",515,Consultoria em publicidade
436,18.8.2,ANEXO I - TABELA 1,7320-3/00,"2,00%","3,00%",515,Pesquisas de mercado e de opinião pública
436,18.8.2,ANEXO I - TABELA 1,7420-0/05,"1,00%","3,00%",515,Serviços de microfilmagem
436,18.8.2,ANEXO I - TABELA 1,7490-1/03,"1,00%","3,00%",515,Serviços de agronomia e de consultoria às atividades agrícolas e pecuárias - Pessoa Jurídica
436,18.8.2,ANEXO I - TABELA 1,7490-1/04,"1,00%","2,00%",515,"Atividades de intermediação e agenciamento de serviços e negócios em geral, exceto imobiliários"
436,18.8.2,ANEXO I - TABELA 1,7490-1/05,"1,00%","3,00%",515,"Agenciamento de profissionais para atividades esportivas, culturais e artísticas"
436,18.8.2,ANEXO I - TABELA 1,7490-1/99,"1,00%","2,00%",515,"Outras atividades profissionais, científicas e técnicas não especificadas anteriormente"
436,18.8.2,ANEXO I - TABELA 1,7500-1/00,"1,00%","2,00%",515,Atividades veterinárias - Pessoa Jurídica
436,18.8.2,ANEXO I - TABELA 1,7719-5/01,"1,00%","2,00%",515,"Locação de embarcações sem tripulação, exceto para fins recreativos"
436,18.8.2,ANEXO I - TABELA 1,7719-5/99,"1,00%","3,00%",515,"Locação de outros meios de transporte não especificados anteriormente, sem condutor"
436,18.8.2,ANEXO I - TABELA 1,7721-7/00,"1,00%","2,00%",515,Aluguel de equipamentos recreativos e esportivos
436,18.8.2,ANEXO I - TABELA 1,7722-5/00,"1,00%","3,00%",515,"Aluguel de fitas de vídeo, DVDs e similares"
436,18.8.2,ANEXO I - TABELA 1,7723-3/00,"1,00%","2,00%",515,"Aluguel de objetos do vestuário, jóias e acessórios"
436,18.8.2,ANEXO I - TABELA 1,7729-2/01,"1,00%","3,00%",515,Aluguel de aparelhos de jogos eletrônicos
436,18.8.2,ANEXO I - TABELA 1,7729-2/02,"1,00%","3,00%",515,"Aluguel de móveis, utensílios e aparelhos de uso doméstico e pessoal; instrumentos musicais"
436,18.8.2,ANEXO I - TABELA 1,7729-2/03,"1,00%","1,00%",515,Aluguel de material médico
436,18.8.2,ANEXO I - TABELA 1,7729-2/99,"1,00%","3,00%",515,Aluguel de outros objetos pessoais e domésticos não especificados anteriormente
436,18.8.2,ANEXO I - TABELA 1,7731-4/00,"1,00%","3,00%",515,Aluguel de máquinas e equipamentos agrícolas sem operador
436,18.8.2,ANEXO I - TABELA 1,7732-2/01,"1,00%","3,00%",515,"Aluguel de máquinas e equipamentos para construção sem operador, exceto andaimes"
436,18.8.2,ANEXO I - TABELA 1,7732-2/02,"1,00%","3,00%",515,Aluguel de andaimes
436,18.8.2,ANEXO I - TABELA 1,7733-1/00,"1,00%","1,00%",515,Aluguel de máquinas e equipamentos para escritório
436,18.8.2,ANEXO I - TABELA 1,7739-0/01,"1,00%","1,00%",515,"Aluguel de máquinas e equipamentos para extração de minérios e petróleo, sem operador"
436,18.8.2,ANEXO I - TABELA 1,7739-0/02,"1,00%","3,00%",515,"Aluguel de equipamentos científicos, médicos e hospitalares, sem operador"
436,18.8.2,ANEXO I - TABELA 1,7739-0/03,"1,00%","3,00%",515,"Aluguel de palcos, coberturas e outras estruturas de uso temporário, exceto andaimes"
437,18.8.2,ANEXO I - TABELA 1,7739-0/99,"1,00%","3,00%",515,"Aluguel de outras máquinas e equipamentos comerciais e industriais não especificados anteriormente, sem operador"
437,18.8.2,ANEXO I - TABELA 1,7740-3/00,"1,00%","1,00%",515,Gestão de ativos intangíveis não-financeiros
437,18.8.2,ANEXO I - TABELA 1,7810-8/00,"2,00%","3,00%",515,Seleção e agenciamento de mão-de-obra
437,18.8.2,ANEXO I - TABELA 1,7830-2/00,"2,00%","2,00%",515,Fornecimento e gestão de recursos humanos para terceiros (Empresas em geral Não ligada a porto)
437,18.8.2,ANEXO I - TABELA 1,7911-2/00,"1,00%","1,00%",515,Agências de viagens
437,18.8.2,ANEXO I - TABELA 1,7912-1/00,"1,00%","1,00%",515,Operadores turísticos
437,18.8.2,ANEXO I - TABELA 1,7990-2/00,"1,00%","1,00%",515,Serviços de reservas e outros serviços de turismo não especificados anteriormente
437,18.8.2,ANEXO I - TABELA 1,8011-1/01,"3,00%","3,00%",515,Atividades de vigilância e segurança privada
437,18.8.2,ANEXO I - TABELA 1,8011-1/02,"3,00%","2,00%",515,Serviços de adestramento de cães de guarda
437,18.8.2,ANEXO I - TABELA 1,8020-0/00,"2,00%","3,00%",515,Atividades de monitoramento de sistemas de segurança
437,18.8.2,ANEXO I - TABELA 1,8030-7/00,"3,00%","2,00%",515,Atividades de investigação particular
437,18.8.2,ANEXO I - TABELA 1,8111-7/00,"3,00%","3,00%",515,"Serviços combinados para apoio a edifícios, exceto condomínios prediais"
437,18.8.2,ANEXO I - TABELA 1,8121-4/00,"3,00%","3,00%",515,Limpeza em prédios e em domicílios
437,18.8.2,ANEXO I - TABELA 1,8122-2/00,"3,00%","3,00%",515,Imunização e controle de pragas urbanas
437,18.8.2,ANEXO I - TABELA 1,8129-0/00,"3,00%","3,00%",515,Atividades de limpeza não especificadas anteriormente
437,18.8.2,ANEXO I - TABELA 1,8130-3/00,"1,00%","3,00%",515,Atividades paisagísticas
437,18.8.2,ANEXO I - TABELA 1,8211-3/00,"1,00%","2,00%",515,Serviços combinados de escritório e apoio administrativo
437,18.8.2,ANEXO I - TABELA 1,8219-9/01,"1,00%","1,00%",515,Fotocópias
437,18.8.2,ANEXO I - TABELA 1,8219-9/99,"1,00%","3,00%",515,Preparação de documentos e serviços especializados de apoio administrativo não especificados anteriormente
437,18.8.2,ANEXO I - TABELA 1,8220-2/00,"3,00%","3,00%",515,Atividades de teleatendimento
437,18.8.2,ANEXO I - TABELA 1,8230-0/01,"1,00%","3,00%",515,"Serviços de organização de feiras, congressos, exposições e festas"
437,18.8.2,ANEXO I - TABELA 1,8230-0/02,"1,00%","1,00%",515,Casas de festas e eventos
437,18.8.2,ANEXO I - TABELA 1,8291-1/00,"1,00%","2,00%",515,Atividades de cobrança e informações cadastrais
437,18.8.2,ANEXO I - TABELA 1,8292-0/00,"2,00%","3,00%",515,Envasamento e empacotamento sob contrato
437,18.8.2,ANEXO I - TABELA 1,8299-7/01,"1,00%","3,00%",515,"Medição de consumo de energia elétrica, gás e água"
437,18.8.2,ANEXO I - TABELA 1,8299-7/02,"1,00%","1,00%",515,"Emissão de vales-alimentação, vales-transporte e similares"
437,18.8.2,ANEXO I - TABELA 1,8299-7/03,"1,00%","2,00%",515,"Serviços de gravação de carimbos, exceto confecção"
437,18.8.2,ANEXO I - TABELA 1,8299-7/04,"1,00%","2,00%",515,Leiloeiros independentes
437,18.8.2,ANEXO I - TABELA 1,8299-7/05,"1,00%","2,00%",515,Serviços de levantamento de fundos sob contrato
437,18.8.2,ANEXO I - TABELA 1,8299-7/06,"1,00%","2,00%",515,Casas lotéricas
437,18.8.2,ANEXO I - TABELA 1,8299-7/07,"1,00%","2,00%",515,Salas de acesso à internet
437,18.8.2,ANEXO I - TABELA 1,8299-7/99,"1,00%","2,00%",515,Outras atividades de serviços prestados principalmente às empresas não especificadas anteriormente
437,18.8.2,ANEXO I - TABELA 1,8423-0/00,"2,00%","1,00%",515,Justiça (Terceirizações em presídios)
437,18.8.2,ANEXO I - TABELA 1,8591-1/00,"1,00%","2,00%",515,Ensino de esportes
437,18.8.2,ANEXO I - TABELA 1,8592-9/01,"1,00%","1,00%",515,Ensino de dança
437,18.8.2,ANEXO I - TABELA 1,8592-9/02,"1,00%","1,00%",515,"Ensino de artes cênicas, exceto dança"
437,18.8.2,ANEXO I - TABELA 1,8592-9/03,"1,00%","1,00%",515,Ensino de música
437,18.8.2,ANEXO I - TABELA 1,8592-9/99,"1,00%","1,00%",515,Ensino de arte e cultura não especificado anteriormente
437,18.8.2,ANEXO I - TABELA 1,8593-7/00,"1,00%","1,00%",515,Ensino de idiomas
437,18.8.2,ANEXO I - TABELA 1,8599-6/01,"1,00%","1,00%",515,Formação de condutores
437,18.8.2,ANEXO I - TABELA 1,8599-6/02,"1,00%","3,00%",515,Cursos de pilotagem
437,18.8.2,ANEXO I - TABELA 1,8599-6/03,"1,00%","1,00%",515,Treinamento em informática
437,18.8.2,ANEXO I - TABELA 1,8599-6/04,"1,00%","1,00%",515,Treinamento em desenvolvimento profissional e gerencial
437,18.8.2,ANEXO I - TABELA 1,8599-6/05,"1,00%","1,00%",515,Cursos preparatórios para concursos
437,18.8.2,ANEXO I - TABELA 1,8599-6/99,"1,00%","2,00%",515,Outras atividades de ensino não especificadas anteriormente
437,18.8.2,ANEXO I - TABELA 1,8610-1/01,"2,00%","2,00%",515,"Atividades de atendimento hospitalar, exceto pronto-socorro e unidades para atendimento a urgências"
437,18.8.2,ANEXO I - TABELA 1,8610-1/02,"2,00%","2,00%",515,Atividades de atendimento em pronto-socorro e unidades hospitalares para atendimento a urgências
437,18.8.2,ANEXO I - TABELA 1,8621-6/01,"2,00%","2,00%",515,UTI móvel
437,18.8.2,ANEXO I - TABELA 1,8621-6/02,"2,00%","2,00%",515,"Serviços móveis de atendimento a urgências, exceto por UTI móvel"
437,18.8.2,ANEXO I - TABELA 1,8630-5/01,"2,00%","1,00%",515,Atividade médica ambulatorial com recursos para realização de procedimentos cirúrgicos
438,18.8.2,ANEXO I - TABELA 1,8630-5/02,"2,00%","2,00%",515,Atividade médica ambulatorial com recursos para realização de exames complementares
438,18.8.2,ANEXO I - TABELA 1,8630-5/03,"2,00%","1,00%",515,Atividade médica ambulatorial restrita a consultas - Pessoa Jurídica
438,18.8.2,ANEXO I - TABELA 1,8630-5/04,"2,00%","1,00%",515,Atividade odontológica com recursos para realização de procedimentos cirúrgicos - Pessoa Jurídica
438,18.8.2,ANEXO I - TABELA 1,8630-5/05,"2,00%","1,00%",515,Atividade odontológica sem recursos para realização de procedimentos cirúrgicos - Pessoa Jurídica
438,18.8.2,ANEXO I - TABELA 1,8630-5/06,"2,00%","1,00%",515,Serviços de vacinação e imunização humana
438,18.8.2,ANEXO I - TABELA 1,8630-5/07,"2,00%","2,00%",515,Atividades de reprodução humana assistida
438,18.8.2,ANEXO I - TABELA 1,8630-5/99,"2,00%","2,00%",515,Atividades de atenção ambulatorial não especificadas anteriormente
438,18.8.2,ANEXO I - TABELA 1,8640-2/01,"1,00%","2,00%",515,Laboratórios de anatomia patológica e citológica
438,18.8.2,ANEXO I - TABELA 1,8640-2/02,"1,00%","2,00%",515,Laboratórios clínicos
438,18.8.2,ANEXO I - TABELA 1,8640-2/03,"1,00%","2,00%",515,Serviços de diálise e nefrologia
438,18.8.2,ANEXO I - TABELA 1,8640-2/04,"1,00%","1,00%",515,Serviços de tomografia
438,18.8.2,ANEXO I - TABELA 1,8640-2/05,"1,00%","2,00%",515,"Serviços de diagnóstico por imagem com uso de radiação ionizante, exceto tomografia"
438,18.8.2,ANEXO I - TABELA 1,8640-2/06,"1,00%","2,00%",515,Serviços de ressonância magnética
438,18.8.2,ANEXO I - TABELA 1,8640-2/07,"1,00%","1,00%",515,"Serviços de diagnóstico por imagem sem uso de radiação ionizante, exceto ressonância magnética"
438,18.8.2,ANEXO I - TABELA 1,8640-2/08,"1,00%","3,00%",515,"Serviços de diagnóstico por registro gráfico - ECG, EEG e outros exames análogos"
438,18.8.2,ANEXO I - TABELA 1,8640-2/09,"1,00%","2,00%",515,Serviços de diagnóstico por métodos ópticos - endoscopia e outros exames análogos
438,18.8.2,ANEXO I - TABELA 1,8640-2/10,"1,00%","2,00%",515,Serviços de quimioterapia
438,18.8.2,ANEXO I - TABELA 1,8640-2/11,"1,00%","2,00%",515,Serviços de radioterapia
438,18.8.2,ANEXO I - TABELA 1,8640-2/12,"1,00%","1,00%",515,Serviços de hemoterapia
438,18.8.2,ANEXO I - TABELA 1,8640-2/13,"1,00%","1,00%",515,Serviços de litotripsia
438,18.8.2,ANEXO I - TABELA 1,8640-2/14,"1,00%","1,00%",515,Serviços de bancos de células e tecidos humanos
438,18.8.2,ANEXO I - TABELA 1,8640-2/99,"1,00%","2,00%",515,Atividades de serviços de complementação diagnóstica e terapêutica não especificadas anteriormente
438,18.8.2,ANEXO I - TABELA 1,8650-0/01,"1,00%","1,00%",515,Atividades de enfermagem - Pessoa Jurídica
438,18.8.2,ANEXO I - TABELA 1,8650-0/02,"1,00%","3,00%",515,Atividades de profissionais da nutrição - Pessoa Jurídica
438,18.8.2,ANEXO I - TABELA 1,8650-0/03,"1,00%","1,00%",515,Atividades de psicologia e psicanálise - Pessoa Jurídica
438,18.8.2,ANEXO I - TABELA 1,8650-0/04,"1,00%","1,00%",515,Atividades de fisioterapia - Pessoa Jurídica
438,18.8.2,ANEXO I - TABELA 1,8650-0/05,"1,00%","2,00%",515,Atividades de terapia ocupacional - Pessoa Jurídica
438,18.8.2,ANEXO I - TABELA 1,8650-0/06,"1,00%","1,00%",515,Atividades de fonoaudiologia - Pessoa Jurídica
438,18.8.2,ANEXO I - TABELA 1,8650-0/07,"1,00%","1,00%",515,Atividades de terapia de nutrição enteral e parenteral - Pessoa Jurídica
438,18.8.2,ANEXO I - TABELA 1,8650-0/99,"1,00%","2,00%",515,Atividades de profissionais da área de saúde não especificadas anteriormente
438,18.8.2,ANEXO I - TABELA 1,8660-7/00,"1,00%","2,00%",515,Atividades de apoio à gestão de saúde
438,18.8.2,ANEXO I - TABELA 1,8690-9/01,"1,00%","2,00%",515,Atividades de práticas integrativas e complementares em saúde humana
438,18.8.2,ANEXO I - TABELA 1,8690-9/02,"1,00%","1,00%",515,Atividades de bancos de leite humano
438,18.8.2,ANEXO I - TABELA 1,8690-9/99,"1,00%","2,00%",515,Outras atividades de atenção à saúde humana não especificadas anteriormente
438,18.8.2,ANEXO I - TABELA 1,8711-5/01,"1,00%","2,00%",515,Clínicas e residências geriátricas
438,18.8.2,ANEXO I - TABELA 1,8711-5/02,"1,00%","2,00%",515,Instituições de longa permanência para idosos
438,18.8.2,ANEXO I - TABELA 1,8711-5/03,"1,00%","1,00%",515,"Atividades de assistência a deficientes físicos, imunodeprimidos e convalescentes"
438,18.8.2,ANEXO I - TABELA 1,8711-5/04,"1,00%","3,00%",515,Centros de apoio a pacientes com câncer e com AIDS
438,18.8.2,ANEXO I - TABELA 1,8712-3/00,"1,00%","2,00%",515,Atividades de fornecimento de infra-estrutura de apoio e assistência a paciente no domicílio
438,18.8.2,ANEXO I - TABELA 1,8720-4/01,"1,00%","1,00%",515,Atividades de centros de assistência psicossocial
438,18.8.2,ANEXO I - TABELA 1,8720-4/99,"1,00%","2,00%",515,"Atividades de assistência psicossocial e à saúde a portadores de distúrbios psíquicos, deficiência mental e dependência química não especificadas anteriormente - Pessoa Jurídica"
438,18.8.2,ANEXO I - TABELA 1,8730-1/01,"1,00%","2,00%",515,Orfanatos
438,18.8.2,ANEXO I - TABELA 1,8730-1/02,"1,00%","2,00%",515,Albergues assistenciais
438,18.8.2,ANEXO I - TABELA 1,8730-1/99,"1,00%","2,00%",515,Atividades de assistência social prestadas em residências coletivas e particulares não especificadas anteriormente
438,18.8.2,ANEXO I - TABELA 1,8800-6/00,"1,00%","2,00%",515,Serviços de assistência social sem alojamento
439,18.8.2,ANEXO I - TABELA 1,9001-9/06,"3,00%","1,00%",515,Atividades de sonorização e de iluminação
439,18.8.2,ANEXO I - TABELA 1,9003-5/00,"3,00%","3,00%",515,"Gestão de espaços para artes cênicas, espetáculos e outras atividades artísticas"
439,18.8.2,ANEXO I - TABELA 1,9200-3/01,"1,00%","1,00%",515,Casas de bingo
439,18.8.2,ANEXO I - TABELA 1,9200-3/02,"1,00%","2,00%",515,Exploração de apostas em corridas de cavalos
439,18.8.2,ANEXO I - TABELA 1,9200-3/99,"1,00%","1,00%",515,Exploração de jogos de azar e apostas não especificados anteriormente
439,18.8.2,ANEXO I - TABELA 1,9311-5/00,"1,00%","2,00%",515,Gestão de instalações de esportes
439,18.8.2,ANEXO I - TABELA 1,9319-1/01,"1,00%","2,00%",515,Produção e promoção de eventos esportivos
439,18.8.2,ANEXO I - TABELA 1,9319-1/99,"1,00%","2,00%",515,Outras atividades esportivas não especificadas anteriormente
439,18.8.2,ANEXO I - TABELA 1,9321-2/00,"1,00%","2,00%",515,Parques de diversão e parques temáticos
439,18.8.2,ANEXO I - TABELA 1,9329-8/01,"1,00%","1,00%",515,"Discotecas, danceterias, salões de dança e similares"
439,18.8.2,ANEXO I - TABELA 1,9329-8/02,"1,00%","3,00%",515,Exploração de boliches
439,18.8.2,ANEXO I - TABELA 1,9329-8/03,"1,00%","1,00%",515,"Exploração de jogos de sinuca, bilhar e similares"
439,18.8.2,ANEXO I - TABELA 1,9329-8/04,"1,00%","3,00%",515,Exploração de jogos eletrônicos recreativos
439,18.8.2,ANEXO I - TABELA 1,9329-8/99,"1,00%","2,00%",515,Outras atividades de recreação e lazer não especificadas anteriormente
439,18.8.2,ANEXO I - TABELA 1,9491-0/00,"1,00%","2,00%",515,Atividades de organizações religiosas
439,18.8.2,ANEXO I - TABELA 1,9492-8/00,"1,00%","1,00%",515,Atividades de organizações políticas
439,18.8.2,ANEXO I - TABELA 1,9511-8/00,"1,00%","3,00%",515,Reparação e manutenção de computadores e de equipamentos periféricos
439,18.8.2,ANEXO I - TABELA 1,9512-6/00,"1,00%","2,00%",515,Reparação e manutenção de equipamentos de comunicação
439,18.8.2,ANEXO I - TABELA 1,9521-5/00,"1,00%","3,00%",515,Reparação e manutenção de equipamentos eletroeletrônicos de uso pessoal e doméstico
439,18.8.2,ANEXO I - TABELA 1,9529-1/01,"1,00%","1,00%",515,"Reparação de calçados, bolsas e artigos de viagem"
439,18.8.2,ANEXO I - TABELA 1,9529-1/02,"1,00%","3,00%",515,Chaveiros
439,18.8.2,ANEXO I - TABELA 1,9529-1/03,"1,00%","1,00%",515,Reparação de relógios
439,18.8.2,ANEXO I - TABELA 1,9529-1/04,"1,00%","3,00%",515,"Reparação de bicicletas, triciclos e outros veículos não-motorizados"
439,18.8.2,ANEXO I - TABELA 1,9529-1/05,"1,00%","2,00%",515,Reparação de artigos do mobiliário
439,18.8.2,ANEXO I - TABELA 1,9529-1/06,"1,00%","2,00%",515,Reparação de jóias
439,18.8.2,ANEXO I - TABELA 1,9529-1/99,"1,00%","3,00%",515,Reparação e manutenção de outros objetos e equipamentos pessoais e domésticos não especificados anteriormente
439,18.8.2,ANEXO I - TABELA 1,9601-7/01,"1,00%","3,00%",515,Lavanderias
439,18.8.2,ANEXO I - TABELA 1,9601-7/02,"1,00%","3,00%",515,Tinturarias
439,18.8.2,ANEXO I - TABELA 1,9601-7/03,"1,00%","3,00%",515,Toalheiros
439,18.8.2,ANEXO I - TABELA 1,9602-5/01,"1,00%","2,00%",515,Cabeleireiros
439,18.8.2,ANEXO I - TABELA 1,9602-5/02,"1,00%","2,00%",515,Outras atividades de tratamento de beleza
439,18.8.2,ANEXO I - TABELA 1,9603-3/01,"1,00%","3,00%",515,Gestão e manutenção de cemitérios
439,18.8.2,ANEXO I - TABELA 1,9603-3/02,"1,00%","2,00%",515,Serviços de cremação
439,18.8.2,ANEXO I - TABELA 1,9603-3/03,"1,00%","2,00%",515,Serviços de sepultamento
439,18.8.2,ANEXO I - TABELA 1,9603-3/04,"1,00%","2,00%",515,Serviços de funerárias
439,18.8.2,ANEXO I - TABELA 1,9603-3/05,"1,00%","3,00%",515,Serviços de somatoconservação
439,18.8.2,ANEXO I - TABELA 1,9603-3/99,"1,00%","3,00%",515,Atividades funerárias e serviços relacionados não especificados anteriormente
439,18.8.2,ANEXO I - TABELA 1,9609-2/01,"1,00%","1,00%",515,Clínicas de estética e similares
439,18.8.2,ANEXO I - TABELA 1,9609-2/02,"1,00%","3,00%",515,Agências matrimoniais
439,18.8.2,ANEXO I - TABELA 1,9609-2/03,"1,00%","2,00%",515,"Alojamento, higiene e embelezamento de animais"
439,18.8.2,ANEXO I - TABELA 1,9609-2/04,"1,00%","1,00%",515,Exploração de máquinas de serviços pessoais acionadas por moeda
439,18.8.2,ANEXO I - TABELA 1,9609-2/99,"1,00%","2,00%",515,Outras atividades de serviços pessoais não especificadas anteriormente
439,18.8.2,ANEXO I - TABELA 1,9411-1/00,"1,00%","3,00%",523,Atividades de organizações associativas patronais e empresariais (566 Se vinculada ao ex IAPC)
439,18.8.2,ANEXO I - TABELA 1,9412-0/00,"1,00%","3,00%",523,Atividades de organizações associativas profissionais (566 Se vinculada ao ex IAPC)
439,18.8.2,ANEXO I - TABELA 1,9420-1/00,"3,00%","2,00%",523,Atividades de organizações sindicais (566 Se vinculada ao ex IAPC e 787 no caso de sindicato patronal rural)
439,18.8.2,ANEXO I - TABELA 1,0210-1/07,"2,00%","3,00%",531,Extração de madeira em florestas plantadas
439,18.8.2,ANEXO I - TABELA 1,0210-1/08,"2,00%","3,00%",531,Produção de carvão vegetal - florestas plantadas
439,18.8.2,ANEXO I - TABELA 1,0220-9/01,"3,00%","3,00%",531,Extração de madeira em florestas nativas
439,18.8.2,ANEXO I - TABELA 1,0220-9/02,"3,00%","2,00%",531,Produção de carvão vegetal - florestas nativas
439,18.8.2,ANEXO I - TABELA 1,1011-2/01,"3,00%","3,00%",531,Frigorífico - abate de bovinos (setor de abate)
440,18.8.2,ANEXO I - TABELA 1,1011-2/02,"3,00%","3,00%",531,Frigorífico - abate de equinos (setor de abate)
440,18.8.2,ANEXO I - TABELA 1,1011-2/03,"3,00%","3,00%",531,Frigorífico - abate de ovinos e caprinos (setor de abate)
440,18.8.2,ANEXO I - TABELA 1,1011-2/04,"3,00%","3,00%",531,Frigorífico - abate de bufalinos (setor de abate)
440,18.8.2,ANEXO I - TABELA 1,1011-2/05,"3,00%","3,00%",531,"Matadouro - abate de reses sob contrato, exceto abate de suínos"
440,18.8.2,ANEXO I - TABELA 1,1012-1/01,"3,00%","3,00%",531,Abate de aves (setor de abate)
440,18.8.2,ANEXO I - TABELA 1,1012-1/02,"3,00%","3,00%",531,Abate de pequenos animais (setor de abate)
440,18.8.2,ANEXO I - TABELA 1,1012-1/03,"3,00%","3,00%",531,Frigorífico - abate de suínos (setor de abate)
440,18.8.2,ANEXO I - TABELA 1,1012-1/04,"3,00%","3,00%",531,Matadouro - abate de suínos sob contrato
440,18.8.2,ANEXO I - TABELA 1,1051-1/00,"2,00%","3,00%",531,Preparação do leite (825 se Agroindustria)
440,18.8.2,ANEXO I - TABELA 1,1061-9/01,"2,00%","3,00%",531,Beneficiamento de arroz (825 se Agroindustria)
440,18.8.2,ANEXO I - TABELA 1,0311-6/01,"2,00%","3,00%",540,Pesca de peixes em água salgada
440,18.8.2,ANEXO I - TABELA 1,3317-1/01,"1,00%","3,00%",540,Manutenção e reparação de embarcações e estruturas flutuantes
440,18.8.2,ANEXO I - TABELA 1,3317-1/02,"1,00%","2,00%",540,Manutenção e reparação de embarcações para esporte e lazer
440,18.8.2,ANEXO I - TABELA 1,5011-4/01,"1,00%","3,00%",540,Transporte marítimo de cabotagem - Carga
440,18.8.2,ANEXO I - TABELA 1,5011-4/02,"1,00%","2,00%",540,Transporte marítimo de cabotagem - passageiros
440,18.8.2,ANEXO I - TABELA 1,5012-2/01,"1,00%","3,00%",540,Transporte marítimo de longo curso - Carga
440,18.8.2,ANEXO I - TABELA 1,5012-2/02,"1,00%","2,00%",540,Transporte marítimo de longo curso - Passageiros
440,18.8.2,ANEXO I - TABELA 1,5021-1/01,"1,00%","3,00%",540,"Transporte por navegação interior de carga, municipal, exceto travessia"
440,18.8.2,ANEXO I - TABELA 1,5021-1/02,"1,00%","3,00%",540,"Transporte por navegação interior de carga, intermunicipal, interestadual e internacional, exceto travessia"
440,18.8.2,ANEXO I - TABELA 1,5022-0/01,"1,00%","2,00%",540,"Transporte por navegação interior de passageiros em linhas regulares, municipal, exceto travessia"
440,18.8.2,ANEXO I - TABELA 1,5022-0/02,"1,00%","2,00%",540,"Transporte por navegação interior de passageiros em linhas regulares, intermunicipal, interestadual e internacional, exceto travessia"
440,18.8.2,ANEXO I - TABELA 1,5030-1/01,"1,00%","3,00%",540,Navegação de apoio marítimo
440,18.8.2,ANEXO I - TABELA 1,5030-1/02,"1,00%","1,00%",540,Navegação de apoio portuário
440,18.8.2,ANEXO I - TABELA 1,5091-2/01,"2,00%","3,00%",540,"Transporte por navegação de travessia, municipal"
440,18.8.2,ANEXO I - TABELA 1,5091-2/02,"2,00%","3,00%",540,"Transporte por navegação de travessia, intermunicipal"
440,18.8.2,ANEXO I - TABELA 1,5099-8/01,"2,00%","1,00%",540,Transporte aquaviário para passeios turísticos
440,18.8.2,ANEXO I - TABELA 1,5099-8/99,"2,00%","1,00%",540,Outros transportes aquaviários não especificados anteriormente
440,18.8.2,ANEXO I - TABELA 1,5231-1/01,"1,00%","2,00%",540,Administração da infra-estrutura portuária
440,18.8.2,ANEXO I - TABELA 1,5231-1/02,"1,00%","3,00%",540,Operações de terminais
440,18.8.2,ANEXO I - TABELA 1,5232-0/00,"1,00%","2,00%",540,Atividades de agenciamento marítimo
440,18.8.2,ANEXO I - TABELA 1,5239-7/00,"1,00%","3,00%",540,Atividades auxiliares dos transportes aquaviários não especificadas anteriormente
440,18.8.2,ANEXO I - TABELA 1,7420-0/02,"1,00%","2,00%",540,Atividades de produção de fotografias submarinas
440,18.8.2,ANEXO I - TABELA 1,7490-1/02,"1,00%","3,00%",540,Escafandria e mergulho
440,18.8.2,ANEXO I - TABELA 1,9412-0/00,"1,00%","3,00%",540,Atividades de organizações associativas profissionais (empregados permanentes do OGMO)
440,18.8.2,ANEXO I - TABELA 1,3041-5/00,"1,00%","2,00%",558,Fabricação de aeronaves
440,18.8.2,ANEXO I - TABELA 1,3042-3/00,"1,00%","2,00%",558,"Fabricação de turbinas, motores e outros componentes e peças para aeronaves"
440,18.8.2,ANEXO I - TABELA 1,3316-3/01,"1,00%","2,00%",558,"Manutenção e reparação de aeronaves, exceto a manutenção na pista"
440,18.8.2,ANEXO I - TABELA 1,3316-3/02,"1,00%","1,00%",558,Manutenção de aeronaves na pista
440,18.8.2,ANEXO I - TABELA 1,4614-1/00,"2,00%","2,00%",558,Representantes comerciais e agentes do comércio de aeronaves
440,18.8.2,ANEXO I - TABELA 1,5111-1/00,"3,00%","3,00%",558,Transporte aéreo de passageiros regular
440,18.8.2,ANEXO I - TABELA 1,5112-9/01,"3,00%","3,00%",558,Serviço de táxi aéreo e locação de aeronaves com tripulação
440,18.8.2,ANEXO I - TABELA 1,5112-9/99,"3,00%","3,00%",558,Outros serviços de transporte aéreo de passageiros não-regular
440,18.8.2,ANEXO I - TABELA 1,5120-0/00,"2,00%","2,00%",558,Transporte aéreo de carga
440,18.8.2,ANEXO I - TABELA 1,5130-7/00,"1,00%","1,00%",558,Transporte espacial
440,18.8.2,ANEXO I - TABELA 1,5240-1/01,"1,00%","2,00%",558,Operação dos aeroportos e campos de aterrissagem
440,18.8.2,ANEXO I - TABELA 1,5240-1/99,"1,00%","3,00%",558,"Atividades auxiliares dos transportes aéreos, exceto operação dos aeroportos e campos de aterrissagem"
440,18.8.2,ANEXO I - TABELA 1,7420-0/02,"1,00%","2,00%",558,Atividades de produção de fotografias aéreas
440,18.8.2,ANEXO I - TABELA 1,7719-5/02,"1,00%","3,00%",558,Locação de aeronaves sem tripulação
440,18.8.2,ANEXO I - TABELA 1,3250-7/06,"2,00%","2,00%",566,Serviços de prótese dentária - Pessoa Física
440,18.8.2,ANEXO I - TABELA 1,5811-5/00,"1,00%","2,00%",566,Edição de livros
441,18.8.2,ANEXO I - TABELA 1,5812-3/00,"1,00%","2,00%",566,Edição de jornais
441,18.8.2,ANEXO I - TABELA 1,5813-1/00,"1,00%","3,00%",566,Edição de revistas
441,18.8.2,ANEXO I - TABELA 1,5819-1/00,"1,00%","2,00%",566,"Edição de cadastros, listas e outros produtos gráficos"
441,18.8.2,ANEXO I - TABELA 1,5829-8/00,"1,00%","2,00%",566,"Edição de cadastros, listas e outros produtos gráficos"
441,18.8.2,ANEXO I - TABELA 1,5911-1/02,"1,00%","3,00%",566,Produção de filmes para publicidade
441,18.8.2,ANEXO I - TABELA 1,5911-1/99,"1,00%","1,00%",566,"Atividades de produção cinematográfica, de vídeos e de programas de televisão não especificadas anteriormente"
441,18.8.2,ANEXO I - TABELA 1,5912-0/01,"1,00%","2,00%",566,Serviços de dublagem
441,18.8.2,ANEXO I - TABELA 1,5912-0/02,"1,00%","2,00%",566,Serviços de mixagem sonora em produção audiovisual
441,18.8.2,ANEXO I - TABELA 1,5912-0/99,"1,00%","1,00%",566,"Atividades de pós-produção cinematográfica, de vídeos e de programas de televisão não especificadas anteriormente"
441,18.8.2,ANEXO I - TABELA 1,5913-8/00,"1,00%","1,00%",566,"Distribuição cinematográfica, de vídeo e de programas de televisão"
441,18.8.2,ANEXO I - TABELA 1,5914-6/00,"1,00%","3,00%",566,Atividades de exibição cinematográfica
441,18.8.2,ANEXO I - TABELA 1,5920-1/00,"1,00%","2,00%",566,Atividades de gravação de som e de edição de música
441,18.8.2,ANEXO I - TABELA 1,6010-1/00,"1,00%","1,00%",566,Atividades de rádio
441,18.8.2,ANEXO I - TABELA 1,6021-7/00,"3,00%","3,00%",566,Atividades de televisão aberta
441,18.8.2,ANEXO I - TABELA 1,6022-5/01,"3,00%","3,00%",566,Programadoras
441,18.8.2,ANEXO I - TABELA 1,6391-7/00,"1,00%","2,00%",566,Agências de notícias
441,18.8.2,ANEXO I - TABELA 1,6611-8/01,"1,00%","1,00%",736,Bolsa de valores
441,18.8.2,ANEXO I - TABELA 1,6611-8/02,"1,00%","1,00%",736,Bolsa de mercadorias
441,18.8.2,ANEXO I - TABELA 1,6611-8/03,"1,00%","1,00%",736,Bolsa de mercadorias e futuros
441,18.8.2,ANEXO I - TABELA 1,6611-8/04,"1,00%","2,00%",736,Administração de mercados de balcão organizados
441,18.8.2,ANEXO I - TABELA 1,6621-5/01,"1,00%","1,00%",566,Peritos e avaliadores de seguros - Pessoa Física
441,18.8.2,ANEXO I - TABELA 1,6621-5/02,"1,00%","1,00%",566,Auditoria e consultoria atuarial - Pessoa Física
441,18.8.2,ANEXO I - TABELA 1,6821-8/01,"1,00%","2,00%",566,Corretagem na compra e venda e avaliação de imóveis - Pessoa Física
441,18.8.2,ANEXO I - TABELA 1,6821-8/02,"1,00%","2,00%",566,Corretagem no aluguel de imóveis - Pessoa Física
441,18.8.2,ANEXO I - TABELA 1,6911-7/01,"1,00%","1,00%",566,Serviços advocatícios - Pessoa Física
441,18.8.2,ANEXO I - TABELA 1,6920-6/01,"1,00%","1,00%",566,Atividades de contabilidade - Pessoa Física
441,18.8.2,ANEXO I - TABELA 1,6920-6/02,"1,00%","2,00%",566,Atividades de consultoria e auditoria contábil e tributária - Pessoa Física
441,18.8.2,ANEXO I - TABELA 1,7020-4/00,"1,00%","2,00%",566,"Atividades de consultoria em gestão empresarial, exceto consultoria técnica específica - Pessoa Física"
441,18.8.2,ANEXO I - TABELA 1,7111-1/00,"1,00%","3,00%",566,Serviços de arquitetura - Pessoa Física
441,18.8.2,ANEXO I - TABELA 1,7112-0/00,"1,00%","3,00%",566,"Serviços de engenharia, (pessoa física) inclusive engenharia consultiva, exceto aquela prestada na área da Indústria da Construção que é do FPAS 507"
441,18.8.2,ANEXO I - TABELA 1,7119-7/01,"1,00%","2,00%",566,"Serviços de cartografia, topografia e geodésia - Pessoa Física"
441,18.8.2,ANEXO I - TABELA 1,7119-7/02,"1,00%","3,00%",566,Atividades de estudos geológicos - Pessoa Física
441,18.8.2,ANEXO I - TABELA 1,7119-7/03,"1,00%","2,00%",566,Serviços de desenho técnico relacionados à arquitetura e engenharia - Pessoa Física
441,18.8.2,ANEXO I - TABELA 1,7119-7/04,"1,00%","1,00%",566,Serviços de perícia técnica relacionados à segurança do trabalho - Pessoa Física
441,18.8.2,ANEXO I - TABELA 1,7119-7/99,"1,00%","2,00%",566,Atividades técnicas relacionadas à engenharia e arquitetura não especificadas anteriormente - Pessoa Física
441,18.8.2,ANEXO I - TABELA 1,7120-1/00,"3,00%","1,00%",566,Testes e análises técnicas - Pessoa Física
441,18.8.2,ANEXO I - TABELA 1,7220-7/00,"1,00%","1,00%",566,Pesquisa e desenvolvimento experimental em ciências sociais e humanas - Pessoa Física
441,18.8.2,ANEXO I - TABELA 1,7311-4/00,"1,00%","1,00%",566,Agências de publicidade
441,18.8.2,ANEXO I - TABELA 1,7312-2/00,"1,00%","3,00%",566,"Agenciamento de espaços para publicidade, exceto em veículos de comunicação"
441,18.8.2,ANEXO I - TABELA 1,7319-0/01,"1,00%","2,00%",566,Criação de estandes para feiras e exposições
441,18.8.2,ANEXO I - TABELA 1,7319-0/03,"1,00%","3,00%",566,Marketing direto
441,18.8.2,ANEXO I - TABELA 1,7319-0/99,"1,00%","2,00%",566,Outras atividades de publicidade não especificadas anteriormente
441,18.8.2,ANEXO I - TABELA 1,7410-2/01,"1,00%","3,00%",566,Design
441,18.8.2,ANEXO I - TABELA 1,7410-2/02,"1,00%","3,00%",566,Decoração de interiores
441,18.8.2,ANEXO I - TABELA 1,7420-0/01,"1,00%","2,00%",566,"Atividades de produção de fotografias, exceto aérea e submarina"
441,18.8.2,ANEXO I - TABELA 1,7420-0/03,"1,00%","2,00%",566,Laboratórios fotográficos
441,18.8.2,ANEXO I - TABELA 1,7420-0/04,"1,00%","2,00%",566,Filmagem de festas e eventos
441,18.8.2,ANEXO I - TABELA 1,7490-1/01,"1,00%","3,00%",566,"Serviços de tradução, interpretação e similares"
442,18.8.2,ANEXO I - TABELA 1,7490-1/03,"1,00%","3,00%",566,Serviços de agronomia e de consultoria às atividades agrícolas e pecuárias - Pessoa Física
442,18.8.2,ANEXO I - TABELA 1,7500-1/00,"1,00%","2,00%",566,Atividades veterinárias - Pessoa Física
442,18.8.2,ANEXO I - TABELA 1,8112-5/00,"3,00%","2,00%",566,Condomínios prediais
442,18.8.2,ANEXO I - TABELA 1,8511-2/00,"1,00%","2,00%",566,Educação infantil - creche
442,18.8.2,ANEXO I - TABELA 1,8512-1/00,"1,00%","1,00%",566,Educação infantil - pré-escola
442,18.8.2,ANEXO I - TABELA 1,8550-3/01,"1,00%","1,00%",566,Administração de caixas escolares
442,18.8.2,ANEXO I - TABELA 1,8550-3/02,"1,00%","2,00%",566,"Atividades de apoio à educação, exceto caixas escolares"
442,18.8.2,ANEXO I - TABELA 1,8630-5/03,"2,00%","1,00%",566,Atividade médica ambulatorial restrita a consultas - Pessoa Física
442,18.8.2,ANEXO I - TABELA 1,8630-5/04,"2,00%","1,00%",566,Atividade odontológica com recursos para realização de procedimentos cirúrgicos - Pessoa Física
442,18.8.2,ANEXO I - TABELA 1,8630-5/05,"2,00%","1,00%",566,Atividade odontológica sem recursos para realização de procedimentos cirúrgicos - Pessoa Física
442,18.8.2,ANEXO I - TABELA 1,8650-0/01,"1,00%","1,00%",566,Atividades de enfermagem - Pessoa Física
442,18.8.2,ANEXO I - TABELA 1,8650-0/02,"1,00%","3,00%",566,Atividades de profissionais da nutrição - Pessoa Física
442,18.8.2,ANEXO I - TABELA 1,8650-0/03,"1,00%","1,00%",566,Atividades de psicologia e psicanálise - Pessoa Física
442,18.8.2,ANEXO I - TABELA 1,8650-0/04,"1,00%","1,00%",566,Atividades de fisioterapia - Pessoa Física
442,18.8.2,ANEXO I - TABELA 1,8650-0/05,"1,00%","2,00%",566,Atividades de terapia ocupacional - Pessoa Física
442,18.8.2,ANEXO I - TABELA 1,8650-0/06,"1,00%","1,00%",566,Atividades de fonoaudiologia - Pessoa Física
442,18.8.2,ANEXO I - TABELA 1,8650-0/07,"1,00%","1,00%",566,Atividades de terapia de nutrição enteral e parenteral - Pessoa Física
442,18.8.2,ANEXO I - TABELA 1,8711-5/05,"1,00%","2,00%",566,Condomínios residenciais para idosos
442,18.8.2,ANEXO I - TABELA 1,8720-4/99,"1,00%","2,00%",566,"Atividades de assistência psicossocial e à saúde a portadores de distúrbios psíquicos, deficiência mental e dependência química não especificadas anteriormente - Pessoa Física"
442,18.8.2,ANEXO I - TABELA 1,9001-9/01,"3,00%","1,00%",566,Produção teatral
442,18.8.2,ANEXO I - TABELA 1,9001-9/02,"3,00%","2,00%",566,Produção musical
442,18.8.2,ANEXO I - TABELA 1,9001-9/03,"3,00%","2,00%",566,Produção de espetáculos de dança
442,18.8.2,ANEXO I - TABELA 1,9001-9/04,"3,00%","1,00%",566,"Produção de espetáculos circenses, de marionetes e similares"
442,18.8.2,ANEXO I - TABELA 1,9001-9/05,"3,00%","3,00%",566,"Produção de espetáculos de rodeios, vaquejadas e similares"
442,18.8.2,ANEXO I - TABELA 1,9001-9/99,"3,00%","3,00%",566,"Artes cênicas, espetáculos e atividades complementares não especificados anteriormente"
442,18.8.2,ANEXO I - TABELA 1,9002-7/01,"3,00%","1,00%",566,"Atividades de artistas plásticos, jornalistas independentes e escritores"
442,18.8.2,ANEXO I - TABELA 1,9002-7/02,"3,00%","1,00%",566,Restauração de obras de arte
442,18.8.2,ANEXO I - TABELA 1,9101-5/00,"1,00%","2,00%",566,Atividades de bibliotecas e arquivos
442,18.8.2,ANEXO I - TABELA 1,9102-3/01,"1,00%","1,00%",566,Atividades de museus e de exploração de lugares e prédios históricos e atrações similares
442,18.8.2,ANEXO I - TABELA 1,9103-1/00,"1,00%","2,00%",566,"Atividades de jardins botânicos, zoológicos, parques nacionais, reservas ecológicas e áreas de proteção ambiental"
442,18.8.2,ANEXO I - TABELA 1,9312-3/00,"1,00%","2,00%",566,"Clubes sociais, esportivos e similares (647-Futebol profissional)"
442,18.8.2,ANEXO I - TABELA 1,9313-1/00,"1,00%","1,00%",566,Atividades de condicionamento físico
442,18.8.2,ANEXO I - TABELA 1,9411-1/00,"1,00%","3,00%",566,Atividades de organizações associativas patronais e empresariais (523 Se não vinculada ao ex IAPC)
442,18.8.2,ANEXO I - TABELA 1,9412-0/00,"1,00%","3,00%",566,Atividades de organizações associativas profissionais (523 Se não vinculada ao ex IAPC)
442,18.8.2,ANEXO I - TABELA 1,9420-1/00,"3,00%","2,00%",566,Atividades de organizações sindicais (523 Se não vinculada ao ex IAPC e 787 no caso de sindicato patronal rural)
442,18.8.2,ANEXO I - TABELA 1,9430-8/00,"1,00%","2,00%",566,Atividades de associações de defesa de direitos sociais
442,18.8.2,ANEXO I - TABELA 1,9493-6/00,"1,00%","2,00%",566,Atividades de organizações associativas ligadas à cultura e à arte
442,18.8.2,ANEXO I - TABELA 1,9499-5/00,"1,00%","2,00%",566,Atividades associativas não especificadas anteriormente
442,18.8.2,ANEXO I - TABELA 1,8513-9/00,"1,00%","1,00%",574,Ensino fundamental
442,18.8.2,ANEXO I - TABELA 1,8520-1/00,"1,00%","1,00%",574,Ensino médio
442,18.8.2,ANEXO I - TABELA 1,8531-7/00,"1,00%","1,00%",574,Educação superior - graduação
442,18.8.2,ANEXO I - TABELA 1,8532-5/00,"1,00%","1,00%",574,Educação superior - graduação e pós-graduação
442,18.8.2,ANEXO I - TABELA 1,8533-3/00,"1,00%","1,00%",574,Educação superior - pós-graduação e extensão
442,18.8.2,ANEXO I - TABELA 1,8541-4/00,"1,00%","1,00%",574,Educação profissional de nível técnico
442,18.8.2,ANEXO I - TABELA 1,8542-2/00,"1,00%","2,00%",574,Educação profissional de nível tecnológico
442,18.8.2,ANEXO I - TABELA 1,6410-7/00,"1,00%","1,00%",582,Banco Central
442,18.8.2,ANEXO I - TABELA 1,8411-6/00,"2,00%","2,00%",582,Administração Pública em geral
442,18.8.2,ANEXO I - TABELA 1,8412-4/00,"2,00%","1,00%",582,"Regulação das atividades de saúde, educação, serviços culturais e outros"
443,18.8.2,ANEXO I - TABELA 1,8413-2/00,"2,00%","2,00%",582,Regulação das atividades econômicas
443,18.8.2,ANEXO I - TABELA 1,8421-3/00,"2,00%","1,00%",582,Relações exteriores
443,18.8.2,ANEXO I - TABELA 1,8422-1/00,"2,00%","1,00%",582,Defesa
443,18.8.2,ANEXO I - TABELA 1,8423-0/00,"2,00%","1,00%",582,Justiça
443,18.8.2,ANEXO I - TABELA 1,8424-8/00,"2,00%","2,00%",582,Segurança e ordem pública
443,18.8.2,ANEXO I - TABELA 1,8425-6/00,"2,00%","1,00%",582,Defesa Civil
443,18.8.2,ANEXO I - TABELA 1,8430-2/00,"2,00%","1,00%",582,Seguridade social obrigatória
443,18.8.2,ANEXO I - TABELA 1,9900-8/00,"1,00%","1,00%",582,Organismos internacionais e outras instituições extraterritoriais sem acordo internacional de isenção (com acordo: FPAS 876)
443,18.8.2,ANEXO I - TABELA 1,6912-5/00,"1,00%","1,00%",590,Cartórios
443,18.8.2,ANEXO I - TABELA 1,0111-3/01,"2,00%","3,00%",604(*),Cultivo de arroz
443,18.8.2,ANEXO I - TABELA 1,0111-3/02,"2,00%","3,00%",604(*),Cultivo de milho
443,18.8.2,ANEXO I - TABELA 1,0111-3/03,"2,00%","2,00%",604(*),Cultivo de trigo
443,18.8.2,ANEXO I - TABELA 1,0111-3/99,"2,00%","3,00%",604(*),Cultivo de outros cereais não especificados anteriormente
443,18.8.2,ANEXO I - TABELA 1,0112-1/01,"2,00%","3,00%",604(*),Cultivo de algodão herbáceo
443,18.8.2,ANEXO I - TABELA 1,0112-1/02,"2,00%","3,00%",604(*),Cultivo de juta
443,18.8.2,ANEXO I - TABELA 1,0112-1/99,"2,00%","3,00%",604(*),Cultivo de outras fibras de lavoura temporária não especificadas anteriormente
443,18.8.2,ANEXO I - TABELA 1,0113-0/00,"2,00%","3,00%",604(*),Cultivo de cana-de-açúcar
443,18.8.2,ANEXO I - TABELA 1,0114-8/00,"2,00%","3,00%",604(*),Cultivo de fumo
443,18.8.2,ANEXO I - TABELA 1,0115-6/00,"2,00%","3,00%",604(*),Cultivo de soja
443,18.8.2,ANEXO I - TABELA 1,0116-4/01,"2,00%","2,00%",604(*),Cultivo de amendoim
443,18.8.2,ANEXO I - TABELA 1,0116-4/02,"2,00%","2,00%",604(*),Cultivo de girassol
443,18.8.2,ANEXO I - TABELA 1,0116-4/03,"2,00%","3,00%",604(*),Cultivo de mamona
443,18.8.2,ANEXO I - TABELA 1,0116-4/99,"2,00%","3,00%",604(*),Cultivo de outras oleaginosas de lavoura temporária não especificadas anteriormente
443,18.8.2,ANEXO I - TABELA 1,0119-9/01,"2,00%","2,00%",604(*),Cultivo de abacaxi
443,18.8.2,ANEXO I - TABELA 1,0119-9/02,"2,00%","3,00%",604(*),Cultivo de alho
443,18.8.2,ANEXO I - TABELA 1,0119-9/03,"2,00%","3,00%",604(*),Cultivo de batata-inglesa
443,18.8.2,ANEXO I - TABELA 1,0119-9/04,"2,00%","2,00%",604(*),Cultivo de cebola
443,18.8.2,ANEXO I - TABELA 1,0119-9/05,"2,00%","3,00%",604(*),Cultivo de feijão
443,18.8.2,ANEXO I - TABELA 1,0119-9/06,"2,00%","3,00%",604(*),Cultivo de mandioca
443,18.8.2,ANEXO I - TABELA 1,0119-9/07,"2,00%","3,00%",604(*),Cultivo de melão
443,18.8.2,ANEXO I - TABELA 1,0119-9/08,"2,00%","2,00%",604(*),Cultivo de melancia
443,18.8.2,ANEXO I - TABELA 1,0119-9/09,"2,00%","2,00%",604(*),Cultivo de tomate rasteiro
443,18.8.2,ANEXO I - TABELA 1,0119-9/99,"2,00%","2,00%",604(*),Cultivo de outras plantas de lavoura temporária não especificadas anteriormente
443,18.8.2,ANEXO I - TABELA 1,0121-1/01,"1,00%","3,00%",604(*),"Horticultura, exceto morango"
443,18.8.2,ANEXO I - TABELA 1,0121-1/02,"1,00%","3,00%",604(*),Cultivo de morango
443,18.8.2,ANEXO I - TABELA 1,0122-9/00,"1,00%","3,00%",604(*),Cultivo de flores e plantas ornamentais
443,18.8.2,ANEXO I - TABELA 1,0131-8/00,"2,00%","3,00%",604(*),Cultivo de laranja
443,18.8.2,ANEXO I - TABELA 1,0132-6/00,"1,00%","3,00%",604(*),Cultivo de uva
443,18.8.2,ANEXO I - TABELA 1,0133-4/01,"1,00%","1,00%",604(*),Cultivo de açaí
443,18.8.2,ANEXO I - TABELA 1,0133-4/02,"1,00%","3,00%",604(*),Cultivo de banana
443,18.8.2,ANEXO I - TABELA 1,0133-4/03,"1,00%","2,00%",604(*),Cultivo de caju
443,18.8.2,ANEXO I - TABELA 1,0133-4/04,"1,00%","3,00%",604(*),"Cultivo de cítricos, exceto laranja"
443,18.8.2,ANEXO I - TABELA 1,0133-4/05,"1,00%","3,00%",604(*),Cultivo de coco-da-baía
443,18.8.2,ANEXO I - TABELA 1,0133-4/06,"1,00%","3,00%",604(*),Cultivo de guaraná
443,18.8.2,ANEXO I - TABELA 1,0133-4/07,"1,00%","3,00%",604(*),Cultivo de maçã
443,18.8.2,ANEXO I - TABELA 1,0133-4/08,"1,00%","2,00%",604(*),Cultivo de mamão
443,18.8.2,ANEXO I - TABELA 1,0133-4/09,"1,00%","3,00%",604(*),Cultivo de maracujá
443,18.8.2,ANEXO I - TABELA 1,0133-4/10,"1,00%","3,00%",604(*),Cultivo de manga
443,18.8.2,ANEXO I - TABELA 1,0133-4/11,"1,00%","3,00%",604(*),Cultivo de pêssego
443,18.8.2,ANEXO I - TABELA 1,0133-4/99,"1,00%","3,00%",604(*),Cultivo de frutas de lavoura permanente não especificadas anteriormente
444,18.8.2,ANEXO I - TABELA 1,0134-2/00,"1,00%","3,00%",604(*),Cultivo de café
444,18.8.2,ANEXO I - TABELA 1,0135-1/00,"1,00%","3,00%",604(*),Cultivo de cacau
444,18.8.2,ANEXO I - TABELA 1,0139-3/01,"1,00%","3,00%",604(*),Cultivo de chá-da-índia
444,18.8.2,ANEXO I - TABELA 1,0139-3/02,"1,00%","3,00%",604(*),Cultivo de erva-mate
444,18.8.2,ANEXO I - TABELA 1,0139-3/03,"1,00%","3,00%",604(*),Cultivo de pimenta-do-reino
444,18.8.2,ANEXO I - TABELA 1,0139-3/04,"1,00%","3,00%",604(*),"Cultivo de plantas para condimento, exceto pimenta-do-reino"
444,18.8.2,ANEXO I - TABELA 1,0139-3/05,"1,00%","3,00%",604(*),Cultivo de dendê
444,18.8.2,ANEXO I - TABELA 1,0139-3/06,"1,00%","3,00%",604(*),Cultivo de seringueira
444,18.8.2,ANEXO I - TABELA 1,0139-3/99,"1,00%","3,00%",604(*),Cultivo de outras plantas de lavoura permanente não especificadas anteriormente
444,18.8.2,ANEXO I - TABELA 1,0141-5/01,"2,00%","3,00%",604(*),"Produção de sementes certificadas, exceto de forrageiras para pasto"
444,18.8.2,ANEXO I - TABELA 1,0141-5/02,"2,00%","3,00%",604(*),Produção de sementes certificadas de forrageiras para formação de pasto
444,18.8.2,ANEXO I - TABELA 1,0142-3/00,"2,00%","2,00%",604(*),"Produção de mudas e outras formas de propagação vegetal, certificadas"
444,18.8.2,ANEXO I - TABELA 1,0151-2/01,"1,00%","3,00%",604(*),Criação de bovinos para corte
444,18.8.2,ANEXO I - TABELA 1,0151-2/02,"1,00%","3,00%",604(*),Criação de bovinos para leite
444,18.8.2,ANEXO I - TABELA 1,0151-2/03,"1,00%","3,00%",604(*),"Criação de bovinos, exceto para corte e leite"
444,18.8.2,ANEXO I - TABELA 1,0152-1/01,"1,00%","3,00%",604(*),Criação de bufalinos
444,18.8.2,ANEXO I - TABELA 1,0152-1/02,"1,00%","2,00%",604(*),Criação de equinos
444,18.8.2,ANEXO I - TABELA 1,0152-1/03,"1,00%","3,00%",604(*),Criação de asininos e muares
444,18.8.2,ANEXO I - TABELA 1,0153-9/01,"1,00%","3,00%",604(*),Criação de caprinos
444,18.8.2,ANEXO I - TABELA 1,0153-9/02,"1,00%","3,00%",604(*),"Criação de ovinos, inclusive para produção de lã"
444,18.8.2,ANEXO I - TABELA 1,0154-7/00,"1,00%","3,00%",604(*),Criação de suínos
444,18.8.2,ANEXO I - TABELA 1,0155-5/01,"1,00%","3,00%",604(*),Criação de frangos para corte
444,18.8.2,ANEXO I - TABELA 1,0155-5/02,"1,00%","3,00%",604(*),Produção de pintos de um dia
444,18.8.2,ANEXO I - TABELA 1,0155-5/03,"1,00%","2,00%",604(*),"Criação de outros galináceos, exceto para corte"
444,18.8.2,ANEXO I - TABELA 1,0155-5/04,"1,00%","2,00%",604(*),"Criação de aves, exceto galináceos"
444,18.8.2,ANEXO I - TABELA 1,0155-5/05,"1,00%","3,00%",604(*),Produção de ovos
444,18.8.2,ANEXO I - TABELA 1,0159-8/01,"1,00%","2,00%",604(*),Apicultura
444,18.8.2,ANEXO I - TABELA 1,0159-8/02,"1,00%","3,00%",604(*),Criação de animais de estimação
444,18.8.2,ANEXO I - TABELA 1,0159-8/03,"1,00%","1,00%",604(*),Criação de escargô
444,18.8.2,ANEXO I - TABELA 1,0159-8/04,"1,00%","1,00%",604(*),Criação de bicho-da-seda
444,18.8.2,ANEXO I - TABELA 1,0159-8/99,"1,00%","2,00%",604(*),Criação de outros animais não especificados anteriormente
444,18.8.2,ANEXO I - TABELA 1,0170-9/00,"1,00%","1,00%",604(*),Caça e serviços relacionados
444,18.8.2,ANEXO I - TABELA 1,0210-1/01,"2,00%","3,00%",604(*),Cultivo de eucalipto
444,18.8.2,ANEXO I - TABELA 1,0210-1/02,"2,00%","3,00%",604(*),Cultivo de acácia-negra
444,18.8.2,ANEXO I - TABELA 1,0210-1/03,"2,00%","3,00%",604(*),Cultivo de pinus
444,18.8.2,ANEXO I - TABELA 1,0210-1/04,"2,00%","3,00%",604(*),Cultivo de teca
444,18.8.2,ANEXO I - TABELA 1,0210-1/05,"2,00%","2,00%",604(*),"Cultivo de espécies madeireiras, exceto eucalipto, acácia-negra, pinus e teca"
444,18.8.2,ANEXO I - TABELA 1,0210-1/06,"2,00%","3,00%",604(*),Cultivo de mudas em viveiros florestais
444,18.8.2,ANEXO I - TABELA 1,0210-1/09,"2,00%","2,00%",604(*),Produção de casca de acácia-negra - florestas plantadas
444,18.8.2,ANEXO I - TABELA 1,0210-1/99,"2,00%","3,00%",604(*),Produção de produtos não-madeireiros não especificados anteriormente em florestas plantadas
444,18.8.2,ANEXO I - TABELA 1,0220-9/03,"3,00%","3,00%",604(*),Coleta de castanha-do-pará em florestas nativas
444,18.8.2,ANEXO I - TABELA 1,0220-9/04,"3,00%","1,00%",604(*),Coleta de látex em florestas nativas
444,18.8.2,ANEXO I - TABELA 1,0220-9/05,"3,00%","3,00%",604(*),Coleta de palmito em florestas nativas
444,18.8.2,ANEXO I - TABELA 1,0220-9/06,"3,00%","3,00%",604(*),Conservação de florestas nativas
444,18.8.2,ANEXO I - TABELA 1,0220-9/99,"3,00%","3,00%",604(*),Coleta de produtos não-madeireiros não especificados anteriormente em florestas nativas
444,18.8.2,ANEXO I - TABELA 1,0311-6/02,"2,00%","3,00%",604(*),Pesca de crustáceos e moluscos em água salgada
444,18.8.2,ANEXO I - TABELA 1,0311-6/03,"2,00%","3,00%",604(*),Coleta de outros produtos marinhos
444,18.8.2,ANEXO I - TABELA 1,0312-4/01,"2,00%","2,00%",604(*),Pesca de peixes em água doce
444,18.8.2,ANEXO I - TABELA 1,0312-4/02,"2,00%","1,00%",604(*),Pesca de crustáceos e moluscos em água doce
444,18.8.2,ANEXO I - TABELA 1,0312-4/03,"2,00%","1,00%",604(*),Coleta de outros produtos aquáticos de água doce
444,18.8.2,ANEXO I - TABELA 1,0321-3/01,"2,00%","2,00%",604(*),Criação de peixes em água salgada e salobra
445,18.8.2,ANEXO I - TABELA 1,0321-3/02,"2,00%","2,00%",604(*),Criação de camarões em água salgada e salobra
445,18.8.2,ANEXO I - TABELA 1,0321-3/03,"2,00%","3,00%",604(*),Criação de ostras e mexilhões em água salgada e salobra
445,18.8.2,ANEXO I - TABELA 1,0321-3/04,"2,00%","2,00%",604(*),Criação de peixes ornamentais em água salgada e salobra
445,18.8.2,ANEXO I - TABELA 1,0321-3/99,"2,00%","2,00%",604(*),Cultivos e semicultivos da aquicultura em água salgada e salobra não especificados anteriormente
445,18.8.2,ANEXO I - TABELA 1,0322-1/01,"2,00%","3,00%",604(*),Criação de peixes em água doce
445,18.8.2,ANEXO I - TABELA 1,0322-1/02,"2,00%","2,00%",604(*),Criação de camarões em água doce
445,18.8.2,ANEXO I - TABELA 1,0322-1/03,"2,00%","2,00%",604(*),Criação de ostras e mexilhões em água doce
445,18.8.2,ANEXO I - TABELA 1,0322-1/04,"2,00%","2,00%",604(*),Criação de peixes ornamentais em água doce
445,18.8.2,ANEXO I - TABELA 1,0322-1/05,"2,00%","3,00%",604(*),Ranicultura
445,18.8.2,ANEXO I - TABELA 1,0322-1/06,"2,00%","3,00%",604(*),Criação de jacaré
445,18.8.2,ANEXO I - TABELA 1,0322-1/99,"2,00%","3,00%",604(*),Cultivos e semicultivos da aquicultura em água doce não especificados anteriormente
445,18.8.2,ANEXO I - TABELA 1,3600-6/02,"2,00%","2,00%",612,Distribuição de água por caminhões
445,18.8.2,ANEXO I - TABELA 1,4681-8/01,"1,00%","3,00%",612,"Pessoal de Transporte no Com. Atac. de álcool carburante, biodiesel, gasolina e demais derivados de petróleo, exceto lubrificantes, não realizado por transportador retalhista (TRR)"
445,18.8.2,ANEXO I - TABELA 1,4681-8/02,"1,00%","3,00%",612,Pessoal de Transporte no Comércio atacadista de combustíveis realizado por transportador retalhista (TRR)
445,18.8.2,ANEXO I - TABELA 1,4681-8/03,"1,00%","3,00%",612,"Pessoal de Transporte no Comércio atacadista de combustíveis de origem vegetal, exceto álcool carburante"
445,18.8.2,ANEXO I - TABELA 1,4681-8/04,"1,00%","2,00%",612,Pessoal de Transporte no Comércio atacadista de combustíveis de origem mineral em bruto
445,18.8.2,ANEXO I - TABELA 1,4681-8/05,"1,00%","2,00%",612,Pessoal de Transporte no Comércio atacadista de lubrificantes
445,18.8.2,ANEXO I - TABELA 1,4682-6/00,"1,00%","3,00%",612,Pessoal de Transporte no Comércio atacadista de gás liquefeito de petróleo (GLP)
445,18.8.2,ANEXO I - TABELA 1,4921-3/01,"3,00%","3,00%",612,"Transporte rodoviário coletivo de passageiros, com itinerário fixo, municipal"
445,18.8.2,ANEXO I - TABELA 1,4921-3/02,"3,00%","3,00%",612,"Transporte rodoviário coletivo de passageiros, com itinerário fixo, intermunicipal em região metropolitana"
445,18.8.2,ANEXO I - TABELA 1,4922-1/01,"3,00%","3,00%",612,"Transporte rodoviário coletivo de passageiros, com itinerário fixo, intermunicipal, exceto em região metropolitana"
445,18.8.2,ANEXO I - TABELA 1,4922-1/02,"3,00%","3,00%",612,"Transporte rodoviário coletivo de passageiros, com itinerário fixo, interestadual"
445,18.8.2,ANEXO I - TABELA 1,4922-1/03,"3,00%","3,00%",612,"Transporte rodoviário coletivo de passageiros, com itinerário fixo, internacional"
445,18.8.2,ANEXO I - TABELA 1,4923-0/01,"3,00%","3,00%",612,Serviço de táxi
445,18.8.2,ANEXO I - TABELA 1,4923-0/02,"3,00%","3,00%",612,Serviço de transporte de passageiros - locação de automóveis com motorista
445,18.8.2,ANEXO I - TABELA 1,4924-8/00,"3,00%","3,00%",612,Transporte escolar
445,18.8.2,ANEXO I - TABELA 1,4929-9/01,"3,00%","3,00%",612,"Transporte rodoviário coletivo de passageiros, sob regime de fretamento, municipal"
445,18.8.2,ANEXO I - TABELA 1,4929-9/02,"3,00%","3,00%",612,"Transporte rodoviário coletivo de passageiros, sob regime de fretamento, intermunicipal, interestadual e internacional"
445,18.8.2,ANEXO I - TABELA 1,4929-9/03,"3,00%","3,00%",612,"Organização de excursões em veículos rodoviários próprios, municipal"
445,18.8.2,ANEXO I - TABELA 1,4929-9/04,"3,00%","3,00%",612,"Organização de excursões em veículos rodoviários próprios, intermunicipal, interestadual e internacional"
445,18.8.2,ANEXO I - TABELA 1,4929-9/99,"3,00%","2,00%",612,Outros transportes rodoviários de passageiros não especificados anteriormente
445,18.8.2,ANEXO I - TABELA 1,4930-2/01,"3,00%","3,00%",612,"Transporte rodoviário de carga, exceto produtos perigosos e mudanças, municipal"
445,18.8.2,ANEXO I - TABELA 1,4930-2/02,"3,00%","3,00%",612,"Transporte rodoviário de carga, exceto produtos perigosos e mudanças, intermunicipal, interestadual e internacional"
445,18.8.2,ANEXO I - TABELA 1,4930-2/03,"3,00%","3,00%",612,Transporte rodoviário de produtos perigosos
445,18.8.2,ANEXO I - TABELA 1,4930-2/04,"3,00%","3,00%",612,Transporte rodoviário de mudanças
445,18.8.2,ANEXO I - TABELA 1,5212-5/00,"2,00%","3,00%",612,Carga e descarga
445,18.8.2,ANEXO I - TABELA 1,5229-0/02,"1,00%","3,00%",612,Serviços de reboque de veículos
445,18.8.2,ANEXO I - TABELA 1,5320-2/01,"3,00%","3,00%",612,Serviços de malote não realizados pelo Correio Nacional
445,18.8.2,ANEXO I - TABELA 1,5320-2/02,"3,00%","3,00%",612,Serviços de entrega rápida
445,18.8.2,ANEXO I - TABELA 1,7711-0/00,"1,00%","2,00%",612,Locação de automóveis sem condutor
445,18.8.2,ANEXO I - TABELA 1,8012-9/00,"3,00%","3,00%",612,Atividades de transporte de valores
445,18.8.2,ANEXO I - TABELA 1,8622-4/00,"2,00%","2,00%",612,"Serviços de remoção de pacientes, exceto os serviços móveis de atendimento a urgências"
446,18.8.2,ANEXO I - TABELA 1,9312-3/00,"1,00%","2,00%",647,"Clubes sociais, esportivos e similares (566-Sem Futebol profissional)"
446,18.8.2,ANEXO I - TABELA 1,7820-5/00,"2,00%","3,00%",655,Locação de mão-de-obra temporária
446,18.8.2,ANEXO I - TABELA 1,6421-2/00,"3,00%","2,00%",736,Bancos comerciais
446,18.8.2,ANEXO I - TABELA 1,6422-1/00,"3,00%","3,00%",736,"Bancos múltiplos, com carteira comercial"
446,18.8.2,ANEXO I - TABELA 1,6423-9/00,"3,00%","2,00%",736,Caixas econômicas
446,18.8.2,ANEXO I - TABELA 1,6424-7/01,"1,00%","1,00%",736,Bancos cooperativos
446,18.8.2,ANEXO I - TABELA 1,6431-0/00,"3,00%","1,00%",736,"Bancos múltiplos, sem carteira comercial"
446,18.8.2,ANEXO I - TABELA 1,6432-8/00,"1,00%","1,00%",736,Bancos de investimento
446,18.8.2,ANEXO I - TABELA 1,6433-6/00,"1,00%","2,00%",736,Bancos de desenvolvimento
446,18.8.2,ANEXO I - TABELA 1,6435-2/01,"1,00%","1,00%",736,Sociedades de crédito imobiliário
446,18.8.2,ANEXO I - TABELA 1,6435-2/02,"1,00%","1,00%",736,Associações de poupança e empréstimo
446,18.8.2,ANEXO I - TABELA 1,6435-2/03,"1,00%","1,00%",736,Companhias hipotecárias
446,18.8.2,ANEXO I - TABELA 1,6436-1/00,"1,00%","1,00%",736,"Sociedades de crédito, financiamento e investimento - financeiras"
446,18.8.2,ANEXO I - TABELA 1,6437-9/00,"1,00%","1,00%",736,Sociedades de crédito ao microempreendedor
446,18.8.2,ANEXO I - TABELA 1,6440-9/00,"1,00%","1,00%",736,Arrendamento mercantil
446,18.8.2,ANEXO I - TABELA 1,6450-6/00,"1,00%","3,00%",736,Sociedades de capitalização
446,18.8.2,ANEXO I - TABELA 1,6470-1/01,"1,00%","1,00%",736,"Fundos de investimento, exceto previdenciários e imobiliários"
446,18.8.2,ANEXO I - TABELA 1,6470-1/02,"1,00%","1,00%",736,Fundos de investimento previdenciários
446,18.8.2,ANEXO I - TABELA 1,6470-1/03,"1,00%","1,00%",736,Fundos de investimento imobiliários
446,18.8.2,ANEXO I - TABELA 1,6492-1/00,"1,00%","3,00%",736,Securitização de créditos
446,18.8.2,ANEXO I - TABELA 1,6499-9/01,"1,00%","1,00%",736,Clubes de investimento
446,18.8.2,ANEXO I - TABELA 1,6499-9/02,"1,00%","1,00%",736,Sociedades de investimento
446,18.8.2,ANEXO I - TABELA 1,6499-9/03,"1,00%","1,00%",736,Fundo garantidor de crédito
446,18.8.2,ANEXO I - TABELA 1,6499-9/04,"1,00%","1,00%",736,Caixas de financiamento de corporações
446,18.8.2,ANEXO I - TABELA 1,6499-9/05,"1,00%","1,00%",736,Concessão de crédito pelas OSCIP
446,18.8.2,ANEXO I - TABELA 1,6499-9/99,"1,00%","1,00%",736,Outras atividades de serviços financeiros não especificadas anteriormente
446,18.8.2,ANEXO I - TABELA 1,6511-1/01,"1,00%","1,00%",736,Seguros de vida
446,18.8.2,ANEXO I - TABELA 1,6511-1/02,"1,00%","2,00%",736,Planos de auxílio-funeral
446,18.8.2,ANEXO I - TABELA 1,6512-0/00,"1,00%","2,00%",736,Seguros não-vida
446,18.8.2,ANEXO I - TABELA 1,6520-1/00,"2,00%","1,00%",736,Seguros-saúde
446,18.8.2,ANEXO I - TABELA 1,6530-8/00,"1,00%","2,00%",736,Resseguros
446,18.8.2,ANEXO I - TABELA 1,6541-3/00,"1,00%","1,00%",736,Previdência complementar fechada
446,18.8.2,ANEXO I - TABELA 1,6542-1/00,"1,00%","1,00%",736,Previdência complementar aberta
446,18.8.2,ANEXO I - TABELA 1,6612-6/01,"1,00%","1,00%",736,Corretoras de títulos e valores mobiliários
446,18.8.2,ANEXO I - TABELA 1,6612-6/02,"1,00%","1,00%",736,Distribuidoras de títulos e valores mobiliários
446,18.8.2,ANEXO I - TABELA 1,6612-6/03,"1,00%","1,00%",736,Corretoras de câmbio
446,18.8.2,ANEXO I - TABELA 1,6612-6/04,"1,00%","1,00%",736,Corretoras de contratos de mercadorias
446,18.8.2,ANEXO I - TABELA 1,6612-6/05,"1,00%","2,00%",736,Agentes de investimentos em aplicações financeiras
446,18.8.2,ANEXO I - TABELA 1,6619-3/01,"1,00%","1,00%",736,Serviços de liquidação e custódia
446,18.8.2,ANEXO I - TABELA 1,6619-3/02,"1,00%","2,00%",736,Correspondentes de instituições financeiras
446,18.8.2,ANEXO I - TABELA 1,6619-3/04,"1,00%","1,00%",736,Caixas eletrônicos
446,18.8.2,ANEXO I - TABELA 1,6622-3/00,"1,00%","1,00%",736,"Corretores e agentes de seguros, de planos de previdência complementar e de saúde"
446,18.8.2,ANEXO I - TABELA 1,6629-1/00,"1,00%","2,00%",736,"Atividades auxiliares dos seguros, da previdência complementar e dos planos de saúde não especificadas anteriormente"
446,18.8.2,ANEXO I - TABELA 1,0161-0/01,"1,00%","3,00%",787,Serviço de pulverização e controle de pragas agrícolas
446,18.8.2,ANEXO I - TABELA 1,0161-0/02,"1,00%","3,00%",787,Serviço de poda de árvores para lavouras
446,18.8.2,ANEXO I - TABELA 1,0161-0/03,"1,00%","3,00%",787,"Serviço de preparação de terreno, cultivo e colheita"
446,18.8.2,ANEXO I - TABELA 1,0161-0/99,"1,00%","3,00%",787,Atividades de apoio à agricultura não especificadas anteriormente
446,18.8.2,ANEXO I - TABELA 1,0162-8/01,"1,00%","2,00%",787,Serviço de inseminação artificial em animais
446,18.8.2,ANEXO I - TABELA 1,0162-8/02,"1,00%","3,00%",787,Serviço de tosquiamento de ovinos
446,18.8.2,ANEXO I - TABELA 1,0162-8/03,"1,00%","3,00%",787,Serviço de manejo de animais
446,18.8.2,ANEXO I - TABELA 1,0162-8/99,"1,00%","3,00%",787,Atividades de apoio à pecuária não especificadas anteriormente
446,18.8.2,ANEXO I - TABELA 1,0163-6/00,"1,00%","3,00%",787,Atividades de pós-colheita
446,18.8.2,ANEXO I - TABELA 1,0230-6/00,"2,00%","3,00%",787,Atividades de apoio à produção florestal
447,18.8.2,ANEXO I - TABELA 1,0311-6/04,"2,00%","2,00%",787,Atividades de apoio à pesca em água salgada
447,18.8.2,ANEXO I - TABELA 1,0312-4/04,"2,00%","2,00%",787,Atividades de apoio à pesca em água doce
447,18.8.2,ANEXO I - TABELA 1,0321-3/05,"2,00%","2,00%",787,Atividades de apoio à aquicultura em água salgada e salobra
447,18.8.2,ANEXO I - TABELA 1,0322-1/07,"2,00%","2,00%",787,Atividades de apoio à aquicultura em água doce
447,18.8.2,ANEXO I - TABELA 1,9420-1/00,"3,00%","2,00%",787,Atividades de organizações sindicais - sindicato patronal rural
447,18.8.2,ANEXO I - TABELA 1,1031-7/00,"2,00%","3,00%",833(*),Fabricação de conservas de frutas - agroindústria
447,18.8.2,ANEXO I - TABELA 1,1032-5/01,"2,00%","2,00%",833(*),Fabricação de conservas de palmito - agroindústria
447,18.8.2,ANEXO I - TABELA 1,1032-5/99,"2,00%","3,00%",833(*),"Fabricação de conservas de legumes e outros vegetais, exceto palmito - agroindústria"
447,18.8.2,ANEXO I - TABELA 1,1033-3/01,"2,00%","3,00%",833(*),"Fabricação de sucos concentrados de frutas, hortaliças e legumes - agroindústria"
447,18.8.2,ANEXO I - TABELA 1,1033-3/02,"2,00%","3,00%",833(*),"Fabricação de sucos de frutas, hortaliças e legumes, exceto concentrados - agroindústria"
447,18.8.2,ANEXO I - TABELA 1,1041-4/00,"2,00%","3,00%",833(*),"Fabricação de óleos vegetais em bruto, exceto óleo de milho - agroindústria"
447,18.8.2,ANEXO I - TABELA 1,1042-2/00,"2,00%","3,00%",833(*),"Fabricação de óleos vegetais refinados, exceto óleo de milho - agroindústria"
447,18.8.2,ANEXO I - TABELA 1,1043-1/00,"2,00%","2,00%",833(*),Fabricação de margarina e outras gorduras vegetais e de óleos não- comestíveis de animais - agroindústria
447,18.8.2,ANEXO I - TABELA 1,1061-9/02,"2,00%","3,00%",833(*),Fabricação de produtos do arroz - agroindústria
447,18.8.2,ANEXO I - TABELA 1,1093-7/01,"2,00%","3,00%",833(*),Fabricação de produtos derivados do cacau e de chocolates - agroindústria
447,18.8.2,ANEXO I - TABELA 1,1093-7/02,"2,00%","3,00%",833(*),"Fabricação de frutas cristalizadas, balas e semelhantes - agroindústria"
447,18.8.2,ANEXO I - TABELA 1,1099-6/01,"2,00%","3,00%",833(*),Fabricação de vinagres - agroindústria
447,18.8.2,ANEXO I - TABELA 1,1111-9/01,"2,00%","3,00%",833(*),Fabricação de aguardente de cana-de-açúcar - agroindústria
447,18.8.2,ANEXO I - TABELA 1,1122-4/99,"2,00%","3,00%",833(*),Fabricação de outras bebidas não-alcoólicas não especificadas anteriormente - agroindústria
447,18.8.2,ANEXO I - TABELA 1,1210-7/00,"3,00%","3,00%",833(*),Processamento industrial do fumo - agroindústria
447,18.8.2,ANEXO I - TABELA 1,1220-4/01,"3,00%","2,00%",833(*),Fabricação de cigarros - agroindústria
447,18.8.2,ANEXO I - TABELA 1,1220-4/02,"3,00%","3,00%",833(*),Fabricação de cigarrilhas e charutos - agroindústria
447,18.8.2,ANEXO I - TABELA 1,1220-4/03,"3,00%","3,00%",833(*),Fabricação de filtros para cigarros - agroindústria
447,18.8.2,ANEXO I - TABELA 1,1321-9/00,"2,00%","3,00%",833(*),Tecelagem de fios de algodão - agroindústria
447,18.8.2,ANEXO I - TABELA 1,1322-7/00,"2,00%","3,00%",833(*),Tecelagem de fios de fibras têxteis naturais - agroindústria
447,18.8.2,ANEXO I - TABELA 1,1931-4/00,"2,00%","3,00%",833(*),Fabricação de álcool - agroindústria
447,18.8.2,ANEXO I - TABELA 1,1932-2/00,"2,00%","3,00%",833(*),"Fabricação de biocombustíveis, exceto álcool - agroindústria"
447,18.8.2,ANEXO I - TABELA 1,2121-1/03,"2,00%","2,00%",833(*),Fabricação de medicamentos fitoterápicos para uso humano - agroindústria
447,18.8.2,ANEXO I - TABELA 1,9700-5/00,"0,00%","2,00%",868,Serviços domésticos
447,18.8.2,ANEXO I - TABELA 1,9900-8/00,"1,00%","1,00%",876,Organismos internacionais e outras instituições extraterritoriais com acordo internacional de isenção (sem acordo: FPAS 582)
448,18.8.2,ANEXO I - TABELA 2,1062-7/00,"2,00%","3,00%",507,Fabricação de derivados do trigo - indústria
448,18.8.2,ANEXO I - TABELA 2,1063-5/00,"2,00%","3,00%",507,Fabricação de farinha de mandioca e derivados - indústria
448,18.8.2,ANEXO I - TABELA 2,1064-3/00,"2,00%","3,00%",507,Fabricação de farinha de milho e derivados - indústria
448,18.8.2,ANEXO I - TABELA 2,1065-1/01,"2,00%","3,00%",507,Fabricação de amidos e féculas de vegetais - indústria
448,18.8.2,ANEXO I - TABELA 2,1065-1/02,"2,00%","3,00%",507,Fabricação de óleo de milho (bruto) - indústria
448,18.8.2,ANEXO I - TABELA 2,1065-1/03,"2,00%","3,00%",507,Fabricação de óleo de milho refinado - indústria
448,18.8.2,ANEXO I - TABELA 2,1069-4/00,"2,00%","3,00%",507,Moagem e fabricação de outros produtos de origem vegetal - indústria
448,18.8.2,ANEXO I - TABELA 2,1071-6/00,"3,00%","3,00%",507,Fabricação de açúcar - indústria
448,18.8.2,ANEXO I - TABELA 2,1072-4/02,"3,00%","3,00%",507,Fabricação de açúcar de cereais (dextrose) e de beterraba - indústria
448,18.8.2,ANEXO I - TABELA 2,1081-3/02,"2,00%","3,00%",507,Torrefação e moagem de café - indústria
448,18.8.2,ANEXO I - TABELA 2,1082-1/00,"2,00%","2,00%",507,Fabricação de produtos a base de café
448,18.8.2,ANEXO I - TABELA 2,1099-6/01,"2,00%","3,00%",507,Fabricação de vinagres - indústria
448,18.8.2,ANEXO I - TABELA 2,1099-6/05,"2,00%","3,00%",507,"Fabricação de produtos para infusão (chá, mate, etc.)"
448,18.8.2,ANEXO I - TABELA 2,1112-7/00,"2,00%","3,00%",507,Fabricação de vinho - indústria
448,18.8.2,ANEXO I - TABELA 2,1220-4/99,"3,00%","3,00%",507,Fabricação de outros produtos do fumo - indústria
448,18.8.2,ANEXO I - TABELA 2,1311-1/00,"2,00%","3,00%",507,Fiação de fibras de algodão - indústria
448,18.8.2,ANEXO I - TABELA 2,1312-0/00,"2,00%","3,00%",507,Fiação de fibras têxteis naturais - indústria
448,18.8.2,ANEXO I - TABELA 2,5821-2/00,"1,00%","2,00%",507,Impressão de livros
448,18.8.2,ANEXO I - TABELA 2,5822-1/00,"1,00%","2,00%",507,Impressão de jornais
448,18.8.2,ANEXO I - TABELA 2,5823-9/00,"1,00%","2,00%",507,Impressão de revistas
448,18.8.2,ANEXO I - TABELA 2,5829-8/00,"1,00%","2,00%",507,"Impressão de cadastros, listas e outros produtos gráficos"
448,18.8.2,ANEXO I - TABELA 2,1051-1/00,"2,00%","3,00%",531,Preparação do leite - indústria rudimentar
448,18.8.2,ANEXO I - TABELA 2,1052-0/00,"2,00%","3,00%",531,Fabricação de laticínios - indústria rudimentar
448,18.8.2,ANEXO I - TABELA 2,1061-9/01,"2,00%","3,00%",531,Beneficiamento de arroz - indústria rudimentar
448,18.8.2,ANEXO I - TABELA 2,1062-7/00,"2,00%","3,00%",531,Moagem de trigo - indústria rudimentar
448,18.8.2,ANEXO I - TABELA 2,1064-3/00,"2,00%","3,00%",531,Beneficiamento do milho - indústria rudimentar
448,18.8.2,ANEXO I - TABELA 2,1072-4/01,"3,00%","3,00%",531,Fabricação de açúcar de cana - indústria rudimentar
448,18.8.2,ANEXO I - TABELA 2,1081-3/01,"2,00%","3,00%",531,Beneficiamento de café - indústria rudimentar
448,18.8.2,ANEXO I - TABELA 2,1099-6/05,"2,00%","3,00%",531,"Beneficiamento de chá, mate, etc. - indústria rudimentar"
448,18.8.2,ANEXO I - TABELA 2,1311-1/00,"2,00%","3,00%",531,Preparação de fibras de algodão - indústria rudimentar
448,18.8.2,ANEXO I - TABELA 2,1312-0/00,"2,00%","3,00%",531,Preparação de fibras têxteis naturais - indústria rudimentar
448,18.8.2,ANEXO I - TABELA 2,6424-7/02,"1,00%","1,00%",787,Cooperativas centrais de crédito
448,18.8.2,ANEXO I - TABELA 2,6424-7/03,"1,00%","2,00%",787,Cooperativas de crédito mútuo
448,18.8.2,ANEXO I - TABELA 2,6424-7/04,"1,00%","1,00%",787,Cooperativas de crédito rural
448,18.8.2,ANEXO I - TABELA 2,1051-1/00,"2,00%","3,00%",825(*),Preparação do leite - agroindústria (rudimentar)
448,18.8.2,ANEXO I - TABELA 2,1052-0/00,"2,00%","3,00%",825(*),Fabricação de laticínios - agroindústria (rudimentar)
448,18.8.2,ANEXO I - TABELA 2,1061-9/01,"2,00%","3,00%",825(*),Beneficiamento de arroz - agroindústria (rudimentar)
448,18.8.2,ANEXO I - TABELA 2,1062-7/00,"2,00%","3,00%",825(*),Moagem de trigo - agroindústria (rudimentar)
448,18.8.2,ANEXO I - TABELA 2,1064-3/00,"2,00%","3,00%",825(*),Beneficiamento do milho - agroindústria (rudimentar)
448,18.8.2,ANEXO I - TABELA 2,1072-4/01,"3,00%","3,00%",825(*),Fabricação de açúcar de cana - agroindústria (rudimentar)
448,18.8.2,ANEXO I - TABELA 2,1081-3/01,"2,00%","3,00%",825(*),Beneficiamento de café - agroindústria (rudimentar)
448,18.8.2,ANEXO I - TABELA 2,1099-6/05,"2,00%","3,00%",825(*),"Beneficiamento de chá, mate, etc. - agroindústria (rudimentar)"
448,18.8.2,ANEXO I - TABELA 2,1311-1/00,"2,00%","3,00%",825(*),Preparação de fibras de algodão - agroindústria (rudimentar)
448,18.8.2,ANEXO I - TABELA 2,1312-0/00,"2,00%","3,00%",825(*),Preparação de fibras têxteis naturais - agroindústria (rudimentar)
448,18.8.2,ANEXO I - TABELA 2,1062-7/00,"2,00%","3,00%",833(*),Fabricação de derivados do trigo - agroindústria
448,18.8.2,ANEXO I - TABELA 2,1063-5/00,"2,00%","3,00%",833(*),Fabricação de farinha de mandioca e derivados - agroindústria
448,18.8.2,ANEXO I - TABELA 2,1064-3/00,"2,00%","3,00%",833(*),Fabricação de farinha de milho e derivados - agroindustria
448,18.8.2,ANEXO I - TABELA 2,1065-1/01,"2,00%","3,00%",833(*),Fabricação de amidos e féculas de vegetais - agroindústria
448,18.8.2,ANEXO I - TABELA 2,1065-1/02,"2,00%","3,00%",833(*),Fabricação de óleo de milho (bruto) - agroindústria
448,18.8.2,ANEXO I - TABELA 2,1065-1/03,"2,00%","3,00%",833(*),Fabricação de óleo de milho refinado - agroindustria
448,18.8.2,ANEXO I - TABELA 2,1069-4/00,"2,00%","3,00%",833(*),Moagem e fabricação de outros produtos de origem vegetal - agroindústria
448,18.8.2,ANEXO I - TABELA 2,1071-6/00,"3,00%","3,00%",833(*),Fabricação de açúcar - agroindústria
449,18.8.2,ANEXO I - TABELA 2,1072-4/02,"3,00%","3,00%",833(*),Fabricação de açúcar de cereais (dextrose) e de beterraba - agroindústria
449,18.8.2,ANEXO I - TABELA 2,1081-3/02,"2,00%","3,00%",833(*),Torrefação e moagem de café - agroindústria
449,18.8.2,ANEXO I - TABELA 2,1099-6/01,"2,00%","3,00%",833(*),Fabricação de vinagres - agroindústria
449,18.8.2,ANEXO I - TABELA 2,1112-7/00,"2,00%","3,00%",833(*),Fabricação de vinho - agroindústria
449,18.8.2,ANEXO I - TABELA 2,1220-4/99,"3,00%","3,00%",833(*),Fabricação de outros produtos do fumo - agroindústria
449,18.8.2,ANEXO I - TABELA 2,1311-1/00,"2,00%","3,00%",833(*),Fiação de fibras de algodão - agroindústria
449,18.8.2,ANEXO I - TABELA 2,1312-0/00,"2,00%","3,00%",833(*),Fiação de fibras têxteis naturais - agroindústria
